Nombre,CANAL,GERENCIA,OPERACIÓN,REGIONAL,REGIÓN,Aliado
DIESTRO SAS-R2-PDV-COM,COMERCIAL,AGENTES COMERCIALES,COM-PDV,R2 REGION NOROCCIDENTE-PDV,R2,DIESTRO SAS
DIGICEL TYT SAS-R5-TAT,COMERCIAL,PREPAGO,COM-TAT,R5 REGION ORIENTE-TAT,R5,DIGICEL TYT SAS
DIGITAL CONTACT CENTER CALI-JAIRO MACHADO-MOVIL MIGRACION-R3,TMK,JAIRO MACHADO,TMK-JAIRO MACHADO-MOVIL MIGRACION,R3 REGION OCCIDENTE-JAIRO MACHADO-MOVIL MIGRACION,R3,DIGITAL CONTACT CENTER CALI
DIGITAL CONTACT CENTER CALI-JAIRO MACHADO-MOVIL PORTABILIDAD-R3,TMK,JAIRO MACHADO,TMK-JAIRO MACHADO-MOVIL PORTABILIDAD,R3 REGION OCCIDENTE-JAIRO MACHADO-MOVIL PORTABILIDAD,R3,DIGITAL CONTACT CENTER CALI
DIMENSION CELULAR SAS-CALLE-R5-COM,COMERCIAL,AGENTES COMERCIALES,COM-CALLE,R5 REGION ORIENTE-CALLE,R5,DIMENSION CELULAR SAS
DIMENSION CELULAR SAS-R5-PDV-COM,COMERCIAL,AGENTES COMERCIALES,COM-PDV,R5 REGION ORIENTE-PDV,R5,DIMENSION CELULAR SAS
DISELCO S.A-R1-CADENAS,COMERCIAL,RETAIL,COM-CADENAS,R1 REGION COSTA-CADENAS,R1,DISELCO S.A
DISTRIBUCIONES DEL QUINDIO-CALLE-R2-COM,COMERCIAL,AGENTES COMERCIALES,COM-CALLE,R2 REGION NOROCCIDENTE-CALLE,R2,DISTRIBUCIONES DEL QUINDIO
DISTRIBUCIONES DEL QUINDIO-R2-PDV-COM,COMERCIAL,AGENTES COMERCIALES,COM-PDV,R2 REGION NOROCCIDENTE-PDV,R2,DISTRIBUCIONES DEL QUINDIO
DISTRIBUCIONES DEL QUINDIO-R2-TAT,COMERCIAL,PREPAGO,COM-TAT,R2 REGION NOROCCIDENTE-TAT,R2,DISTRIBUCIONES DEL QUINDIO
DISTRIBUCIONES DEL QUINDIO-R3-TAT,COMERCIAL,PREPAGO,COM-TAT,R3 REGION OCCIDENTE-TAT,R3,DISTRIBUCIONES DEL QUINDIO
DISTRIBUIDORA RAYCO SAS-R1-CADENAS,COMERCIAL,RETAIL,COM-CADENAS,R1 REGION COSTA-CADENAS,R1,DISTRIBUIDORA RAYCO SAS
DISTRIBUIDORA RAYCO SAS-R2-CADENAS,COMERCIAL,RETAIL,COM-CADENAS,R2 REGION NOROCCIDENTE-CADENAS,R2,DISTRIBUIDORA RAYCO SAS
DISTRIBUIDORA RAYCO SAS-R3-CADENAS,COMERCIAL,RETAIL,COM-CADENAS,R3 REGION OCCIDENTE-CADENAS,R3,DISTRIBUIDORA RAYCO SAS
DISTRIBUIDORA RAYCO SAS-R5-CADENAS,COMERCIAL,RETAIL,COM-CADENAS,R5 REGION ORIENTE-CADENAS,R5,DISTRIBUIDORA RAYCO SAS
DISTRICEL PARK-R5-PDV-COM,COMERCIAL,AGENTES COMERCIALES,COM-PDV,R5 REGION ORIENTE-PDV,R5,DISTRICEL PARK
DISTRICELCOM-R5-PDV-COM,COMERCIAL,AGENTES COMERCIALES,COM-PDV,R5 REGION ORIENTE-PDV,R5,DISTRICELCOM
DISTRICOM DE COLOMBIA S.A.S-R2-CADENAS,COMERCIAL,RETAIL,COM-CADENAS,R2 REGION NOROCCIDENTE-CADENAS,R2,DISTRICOM DE COLOMBIA S.A.S
DISTRICOM DE COLOMBIA S.A.S-R4-CADENAS,COMERCIAL,RETAIL,COM-CADENAS,R4 REGION CENTRO-CADENAS,R4,DISTRICOM DE COLOMBIA S.A.S
DISTRIDATOS SAS-R2-CADENAS,COMERCIAL,RETAIL,COM-CADENAS,R2 REGION NOROCCIDENTE-CADENAS,R2,DISTRIDATOS SAS
DITCOM SAS-R2-PDV-COM,COMERCIAL,AGENTES COMERCIALES,COM-PDV,R2 REGION NOROCCIDENTE-PDV,R2,DITCOM SAS
DM&C-RUSSI CARDENAS GIANCARLO-T&T-R1,TMK,JEAN CARLO RUSSI,TMK-T&T,R1 REGION COSTA-T&T,R1,DM&C
DM&C-RUSSI CARDENAS GIANCARLO-T&T-R2,TMK,JEAN CARLO RUSSI,TMK-T&T,R2 REGION NOROCCIDENTE-T&T,R2,DM&C
DM&C-RUSSI CARDENAS GIANCARLO-T&T-R3,TMK,JEAN CARLO RUSSI,TMK-T&T,R3 REGION OCCIDENTE-T&T,R3,DM&C
DM&C-RUSSI CARDENAS GIANCARLO-T&T-R4,TMK,JEAN CARLO RUSSI,TMK-T&T,R4 REGION CENTRO-T&T,R4,DM&C
DM&C-RUSSI CARDENAS GIANCARLO-T&T-R5,TMK,JEAN CARLO RUSSI,TMK-T&T,R5 REGION ORIENTE-T&T,R5,DM&C
DOCH CC FLORIDABLANCA BUCARAMANGA-R5-ISLAS,COMERCIAL,RETAIL,COM-ISLAS,R5 REGION ORIENTE-ISLAS,R5,DOCH
DOCH CC MONTERREY MEDELLIN-R2-ISLAS,COMERCIAL,RETAIL,COM-ISLAS,R2 REGION NOROCCIDENTE-ISLAS,R2,DOCH
DOCH CC UNICENTRO PEREIRA-R2-ISLAS,COMERCIAL,RETAIL,COM-ISLAS,R2 REGION NOROCCIDENTE-ISLAS,R2,DOCH
DOMINA ENTREGA TOTAL-JENNIFER ARIAS-HOGAR-R2,TMK,JENNIFER ARIAS,TMK-JENNIFER ARIAS-HOGAR,R2 REGION NOROCCIDENTE-JENNIFER ARIAS-HOGAR,R2,DOMINA ENTREGA TOTAL
DROGAS LA REBAJA-R1-CADENAS,COMERCIAL,RETAIL,COM-CADENAS,R1 REGION COSTA-CADENAS,R1,DROGAS LA REBAJA
DROGAS LA REBAJA-R2-CADENAS,COMERCIAL,RETAIL,COM-CADENAS,R2 REGION NOROCCIDENTE-CADENAS,R2,DROGAS LA REBAJA
DROGAS LA REBAJA-R3-CADENAS,COMERCIAL,RETAIL,COM-CADENAS,R3 REGION OCCIDENTE-CADENAS,R3,DROGAS LA REBAJA
DROGAS LA REBAJA-R4-CADENAS,COMERCIAL,RETAIL,COM-CADENAS,R4 REGION CENTRO-CADENAS,R4,DROGAS LA REBAJA
DROGAS LA REBAJA-R5-CADENAS,COMERCIAL,RETAIL,COM-CADENAS,R5 REGION ORIENTE-CADENAS,R5,DROGAS LA REBAJA
DROGAS S.A-R2-CADENAS,COMERCIAL,RETAIL,COM-CADENAS,R2 REGION NOROCCIDENTE-CADENAS,R2,DROGAS S.A
DROGAS S.A-R5-CADENAS,COMERCIAL,RETAIL,COM-CADENAS,R5 REGION ORIENTE-CADENAS,R5,DROGAS S.A
EBENEZER-R5-CADENAS,COMERCIAL,RETAIL,COM-CADENAS,R5 REGION ORIENTE-CADENAS,R5,EBENEZER
EL PUNTAZO DE LA TECNOLOGIA-R1-CADENAS,COMERCIAL,RETAIL,COM-CADENAS,R1 REGION COSTA-CADENAS,R1,EL PUNTAZO DE LA TECNOLOGIA
ELCIDIA MORA DIAZ-R5-CADENAS,COMERCIAL,RETAIL,COM-CADENAS,R5 REGION ORIENTE-CADENAS,R5,ELCIDIA MORA DIAZ
ELECTROCELL LA 11-R1-CADENAS,COMERCIAL,RETAIL,COM-CADENAS,R1 REGION COSTA-CADENAS,R1,ELECTROCELL LA 11
ELECTROJAPONESA S.A-R2-CADENAS,COMERCIAL,RETAIL,COM-CADENAS,R2 REGION NOROCCIDENTE-CADENAS,R2,ELECTROJAPONESA S.A
ELECTROJAPONESA S.A-R3-CADENAS,COMERCIAL,RETAIL,COM-CADENAS,R3 REGION OCCIDENTE-CADENAS,R3,ELECTROJAPONESA S.A
ELECTROMILLONARIA-R3-CADENAS,COMERCIAL,RETAIL,COM-CADENAS,R3 REGION OCCIDENTE-CADENAS,R3,ELECTROMILLONARIA
EMANUEL COMUNICACIONES-R3-CADENAS,COMERCIAL,RETAIL,COM-CADENAS,R3 REGION OCCIDENTE-CADENAS,R3,EMANUEL COMUNICACIONES
EMERGIA MANIZALES-JAIRO MACHADO-MOVIL PORTABILIDAD-R3,TMK,JAIRO MACHADO,TMK-JAIRO MACHADO-MOVIL PORTABILIDAD,R3 REGION OCCIDENTE-JAIRO MACHADO-MOVIL PORTABILIDAD,R3,EMERGIA
EMERGIA MANIZALES-JENNIFER ARIAS-HOGAR-R3,TMK,JENNIFER ARIAS,TMK-JENNIFER ARIAS-HOGAR,R3 REGION OCCIDENTE-JENNIFER ARIAS-HOGAR,R3,EMERGIA
EMERGIA-JAIRO MACHADO-MOVIL PORTABILIDAD-R2,TMK,JAIRO MACHADO,TMK-JAIRO MACHADO-MOVIL PORTABILIDAD,R2 - REGION NOROCCIDENTE-JAIRO MACHADO-MOVIL PORTABILIDAD,R2,EMERGIA
EMERGIA-JAIRO MACHADO-MOVIL PORTABILIDAD-R4,TMK,JAIRO MACHADO,TMK-JAIRO MACHADO-MOVIL PORTABILIDAD,R4 REGION CENTRO-JAIRO MACHADO-MOVIL PORTABILIDAD,R4,EMERGIA
EMERGIA-JENNIFER ARIAS-HOGAR-R2,TMK,JENNIFER ARIAS,TMK-JENNIFER ARIAS-HOGAR,R2 REGION NOROCCIDENTE-JENNIFER ARIAS-HOGAR,R2,EMERGIA
EMERGIA-JENNIFER ARIAS-HOGAR-R4,TMK,JENNIFER ARIAS,TMK-JENNIFER ARIAS-HOGAR,R4 REGION CENTRO-JENNIFER ARIAS-HOGAR,R4,EMERGIA
EMERGIA-RUSSI CARDENAS GIANCARLO-T&T-R1,TMK,JEAN CARLO RUSSI,TMK-T&T,R1 REGION COSTA-T&T,R1,EMERGIA
EMERGIA-RUSSI CARDENAS GIANCARLO-T&T-R2,TMK,JEAN CARLO RUSSI,TMK-T&T,R2 REGION NOROCCIDENTE-T&T,R2,EMERGIA
EMERGIA-RUSSI CARDENAS GIANCARLO-T&T-R3,TMK,JEAN CARLO RUSSI,TMK-T&T,R3 REGION OCCIDENTE-T&T,R3,EMERGIA
EMERGIA-RUSSI CARDENAS GIANCARLO-T&T-R4,TMK,JEAN CARLO RUSSI,TMK-T&T,R4 REGION CENTRO-T&T,R4,EMERGIA
EMERGIA-RUSSI CARDENAS GIANCARLO-T&T-R5,TMK,JEAN CARLO RUSSI,TMK-T&T,R5 REGION ORIENTE-T&T,R5,EMERGIA
EMOBILE SAS-R5-PDV-COM,COMERCIAL,AGENTES COMERCIALES,COM-PDV,R5 REGION ORIENTE-PDV,R5,EMOBILE SAS
ENJOY CC SAN JOSE BOGOTA,COMERCIAL,RETAIL,COM-ISLAS,R4 REGION CENTRO-ISLAS,R4,ENJOY
ENJOY CC SAN JOSE BOGOTA-R4-ISLAS,COMERCIAL,RETAIL,COM-ISLAS,R4 REGION CENTRO-ISLAS,R4,ENJOY
ENJOY CC SHANGAI CALI-R3-ISLAS,COMERCIAL,RETAIL,COM-ISLAS,R3 REGION OCCIDENTE-ISLAS,R3,ENJOY
ENJOY CONNECTION 1-R4-ISLAS,COMERCIAL,RETAIL,COM-ISLAS,R4 REGION CENTRO-ISLAS,R4,ENJOY
ENJOY CONNECTION-R4-CADENAS,COMERCIAL,RETAIL,COM-CADENAS,R4 REGION CENTRO-CADENAS,R4,ENJOY
ENJOY STAND CENTRO CIAL MEGACITY-R4-ISLAS,COMERCIAL,RETAIL,COM-ISLAS,R4 REGION CENTRO-ISLAS,R4,ENJOY
ERIS PATRICIA MEDINA ORDOÑEZ-R1-CADENAS,COMERCIAL,RETAIL,COM-CADENAS,R1 REGION COSTA-CADENAS,R1,ERIS PATRICIA MEDINA ORDOÑEZ
EURONEL H.CC-R1-CADENAS,COMERCIAL,RETAIL,COM-CADENAS,R1 REGION COSTA-CADENAS,R1,EURONEL H.CC
EURONEL H.CC-R2-CADENAS,COMERCIAL,RETAIL,COM-CADENAS,R2 REGION NOROCCIDENTE-CADENAS,R2,EURONEL H.CC
EURONEL H.CC-R3-CADENAS,COMERCIAL,RETAIL,COM-CADENAS,R3 REGION OCCIDENTE-CADENAS,R3,EURONEL H.CC
EURONEL H.CC-R4-CADENAS,COMERCIAL,RETAIL,COM-CADENAS,R4 REGION CENTRO-CADENAS,R4,EURONEL H.CC
EVERGREEN TECHNOLOGY SAS-R4-CADENAS,COMERCIAL,RETAIL,COM-CADENAS,R4 REGION CENTRO-CADENAS,R4,EVERGREEN TECHNOLOGY SAS
ÉXITO-R1-CADENAS,COMERCIAL,RETAIL,COM-CADENAS,R1 REGION COSTA-CADENAS,R1,ÉXITO
ÉXITO-R2-CADENAS,COMERCIAL,RETAIL,COM-CADENAS,R2 REGION NOROCCIDENTE-CADENAS,R2,ÉXITO
ÉXITO-R3-CADENAS,COMERCIAL,RETAIL,COM-CADENAS,R3 REGION OCCIDENTE-CADENAS,R3,ÉXITO
ÉXITO-R4-CADENAS,COMERCIAL,RETAIL,COM-CADENAS,R4 REGION CENTRO-CADENAS,R4,ÉXITO
ÉXITO-R5-CADENAS,COMERCIAL,RETAIL,COM-CADENAS,R5 REGION ORIENTE-CADENAS,R5,ÉXITO
FACILISIMO-R2-CADENAS,COMERCIAL,RETAIL,COM-CADENAS,R2 REGION NOROCCIDENTE-CADENAS,R2,FACILISIMO
FALABELLA-R1-CADENAS,COMERCIAL,RETAIL,COM-CADENAS,R1 REGION COSTA-CADENAS,R1,FALABELLA
FALABELLA-R2-CADENAS,COMERCIAL,RETAIL,COM-CADENAS,R2 REGION NOROCCIDENTE-CADENAS,R2,FALABELLA
FALABELLA-R3-CADENAS,COMERCIAL,RETAIL,COM-CADENAS,R3 REGION OCCIDENTE-CADENAS,R3,FALABELLA
FALABELLA-R4-CADENAS,COMERCIAL,RETAIL,COM-CADENAS,R4 REGION CENTRO-CADENAS,R4,FALABELLA
FALABELLA-R5-CADENAS,COMERCIAL,RETAIL,COM-CADENAS,R5 REGION ORIENTE-CADENAS,R5,FALABELLA
FARMACIA TORRES-R1-CADENAS,COMERCIAL,RETAIL,COM-CADENAS,R1 REGION COSTA-CADENAS,R1,FARMACIA TORRES
FARRUCELL-R1-CADENAS,COMERCIAL,RETAIL,COM-CADENAS,R1 REGION COSTA-CADENAS,R1,FARRUCELL
FENIX GROUP COMUNICACIONES-CALLE-R3-COM,COMERCIAL,AGENTES COMERCIALES,COM-CALLE,R3 REGION OCCIDENTE-CALLE,R3,FENIX GROUP COMUNICACIONES
FENIX GROUP COMUNICACIONES-R3-PDV-COM,COMERCIAL,AGENTES COMERCIALES,COM-PDV,R3 REGION OCCIDENTE-PDV,R3,FENIX GROUP COMUNICACIONES
FFMM - POLICIA NACIONAL-R4-CADENAS,COMERCIAL,RETAIL,COM-CADENAS,R4 REGION CENTRO-CADENAS,R4,FFMM 
FLAMINGO-R1-CADENAS,COMERCIAL,RETAIL,COM-CADENAS,R1 REGION COSTA-CADENAS,R1,FLAMINGO
FLAMINGO-R2-CADENAS,COMERCIAL,RETAIL,COM-CADENAS,R2 REGION NOROCCIDENTE-CADENAS,R2,FLAMINGO
FLAMINGO-R3-CADENAS,COMERCIAL,RETAIL,COM-CADENAS,R3 REGION OCCIDENTE-CADENAS,R3,FLAMINGO
FLAMINGO-R4-CADENAS,COMERCIAL,RETAIL,COM-CADENAS,R4 REGION CENTRO-CADENAS,R4,FLAMINGO
FLEXIBLEOS-JAIRO MACHADO-MOVIL MIGRACION-R3,TMK,JAIRO MACHADO,TMK-JAIRO MACHADO-MOVIL MIGRACION,R3 REGION OCCIDENTE-JAIRO MACHADO-MOVIL MIGRACION,R3,FLEXIBLEOS
FLEXIBLEOS-JAIRO MACHADO-MOVIL MIGRACION-R4,TMK,JAIRO MACHADO,TMK-JAIRO MACHADO-MOVIL MIGRACION,R4 REGION CENTRO-JAIRO MACHADO-MOVIL MIGRACION,R4,FLEXIBLEOS
FLEXIBLEOS-JENNIFER ARIAS-HOGAR-R4,TMK,JENNIFER ARIAS,TMK-JENNIFER ARIAS-HOGAR,R4 REGION CENTRO-JENNIFER ARIAS-HOGAR,R4,FLEXIBLEOS
FOTO JAPON-R2-CADENAS,COMERCIAL,RETAIL,COM-CADENAS,R2 REGION NOROCCIDENTE-CADENAS,R2,FOTO JAPON
FOTO JAPON-R3-CADENAS,COMERCIAL,RETAIL,COM-CADENAS,R3 REGION OCCIDENTE-CADENAS,R3,FOTO JAPON
FOTO JAPON-R4-CADENAS,COMERCIAL,RETAIL,COM-CADENAS,R4 REGION CENTRO-CADENAS,R4,FOTO JAPON
FOTOSPORT SAS-R5-PDV-COM,COMERCIAL,AGENTES COMERCIALES,COM-PDV,R5 REGION ORIENTE-PDV,R5,FOTOSPORT SAS
FRANK JAVIER HURTADO GOMEZ (FH TECNOLOGY S.A.S)-R1-CADENAS,COMERCIAL,RETAIL,COM-CADENAS,R1 REGION COSTA-CADENAS,R1,FRANK JAVIER HURTADO GOMEZ (FH TECNOLOGY S.A.S)
FRANKLIN MENESES MUÑOZ-R3-CADENAS,COMERCIAL,RETAIL,COM-CADENAS,R3 REGION OCCIDENTE-CADENAS,R3,FRANKLIN MENESES MUÑOZ
FRONTERA CELULAR LTDA-R5-PDV-COM,COMERCIAL,AGENTES COMERCIALES,COM-PDV,R5 REGION ORIENTE-PDV,R5,FRONTERA CELULAR LTDA
FRONTERA CELULAR LTDA-R5-TAT,COMERCIAL,PREPAGO,COM-TAT,R5 REGION ORIENTE-TAT,R5,FRONTERA CELULAR LTDA
FRONTERA CELULAR-R5-PDV-COM,COMERCIAL,AGENTES COMERCIALES,COM-PDV,R5 REGION ORIENTE-PDV,R5,FRONTERA CELULAR LTDA
GALCOM-R2-PDV-COM,COMERCIAL,AGENTES COMERCIALES,COM-PDV,R2 REGION NOROCCIDENTE-PDV,R2,GALCOM
GEDIMA-CALLE-R2-COM,COMERCIAL,AGENTES COMERCIALES,COM-CALLE,R2 REGION NOROCCIDENTE-CALLE,R2,GEDIMA
GEDIMA-R2-PDV-COM,COMERCIAL,AGENTES COMERCIALES,COM-PDV,R2 REGION NOROCCIDENTE-PDV,R2,GEDIMA
Geo Bpo cali-JAIRO MACHADO-MOVIL MIGRACION-R3,TMK,JAIRO MACHADO,TMK-JAIRO MACHADO-MOVIL MIGRACION,R3 REGION OCCIDENTE-JAIRO MACHADO-MOVIL MIGRACION,R3,Geo Bpo cali
Geo Bpo cali-JAIRO MACHADO-MOVIL PORTABILIDAD-R3,TMK,JAIRO MACHADO,TMK-JAIRO MACHADO-MOVIL PORTABILIDAD,R3 REGION OCCIDENTE-JAIRO MACHADO-MOVIL PORTABILIDAD,R3,Geo Bpo cali
GEPCOL SAS-R4-CADENAS,COMERCIAL,RETAIL,COM-CADENAS,R4 REGION CENTRO-CADENAS,R4,GEPCOL SAS
GLOBAL MR-R2-PDV-COM,COMERCIAL,AGENTES COMERCIALES,COM-PDV,R2 REGION NOROCCIDENTE-PDV,R2,GLOBAL MR
GNP Cali-JAIRO MACHADO-MOVIL MIGRACION-R3,TMK,JAIRO MACHADO,TMK-JAIRO MACHADO-MOVIL MIGRACION,R3 REGION OCCIDENTE-JAIRO MACHADO-MOVIL MIGRACION,R3,GNP
GNP Cali-JAIRO MACHADO-MOVIL PORTABILIDAD-R3,TMK,JAIRO MACHADO,TMK-JAIRO MACHADO-MOVIL PORTABILIDAD,R3 REGION OCCIDENTE-JAIRO MACHADO-MOVIL PORTABILIDAD,R3,GNP
GNP Cali-RUSSI CARDENAS GIANCARLO-T&T-R1,TMK,JEAN CARLO RUSSI,TMK-T&T,R1 REGION COSTA-T&T,R1,GNP
GNP Cali-RUSSI CARDENAS GIANCARLO-T&T-R2,TMK,JEAN CARLO RUSSI,TMK-T&T,R2 REGION NOROCCIDENTE-T&T,R2,GNP
GNP Cali-RUSSI CARDENAS GIANCARLO-T&T-R3,TMK,JEAN CARLO RUSSI,TMK-T&T,R3 REGION OCCIDENTE-T&T,R3,GNP
GNP Cali-RUSSI CARDENAS GIANCARLO-T&T-R4,TMK,JEAN CARLO RUSSI,TMK-T&T,R4 REGION CENTRO-T&T,R4,GNP
GNP Cali-RUSSI CARDENAS GIANCARLO-T&T-R5,TMK,JEAN CARLO RUSSI,TMK-T&T,R5 REGION ORIENTE-T&T,R5,GNP
GNP-JAIRO MACHADO-MOVIL MIGRACION-R1,TMK,JAIRO MACHADO,TMK-JAIRO MACHADO-MOVIL MIGRACION,R1 REGION COSTA-JAIRO MACHADO-MOVIL MIGRACION,R1,GNP
GNP-JAIRO MACHADO-MOVIL MIGRACION-R2,TMK,JAIRO MACHADO,TMK-JAIRO MACHADO-MOVIL MIGRACION,R2 REGION NOROCCIDENTE-JAIRO MACHADO-MOVIL MIGRACION,R2,GNP
GNP-JAIRO MACHADO-MOVIL MIGRACION-R3,TMK,JAIRO MACHADO,TMK-JAIRO MACHADO-MOVIL MIGRACION,R3 REGION OCCIDENTE-JAIRO MACHADO-MOVIL MIGRACION,R3,GNP
GNP-JAIRO MACHADO-MOVIL MIGRACION-R4,TMK,JAIRO MACHADO,TMK-JAIRO MACHADO-MOVIL MIGRACION,R4 REGION CENTRO-JAIRO MACHADO-MOVIL MIGRACION,R4,GNP
GNP-JAIRO MACHADO-MOVIL MIGRACION-R5,TMK,JAIRO MACHADO,TMK-JAIRO MACHADO-MOVIL MIGRACION,R5 REGION ORIENTE-JAIRO MACHADO-MOVIL MIGRACION,R5,GNP
GNP-JAIRO MACHADO-MOVIL PORTABILIDAD-R4,TMK,JAIRO MACHADO,TMK-JAIRO MACHADO-MOVIL PORTABILIDAD,R4 REGION CENTRO-JAIRO MACHADO-MOVIL PORTABILIDAD,R4,GNP
GNP-JENNIFER ARIAS-HOGAR-R4,TMK,JENNIFER ARIAS,TMK-JENNIFER ARIAS-HOGAR,R4 REGION CENTRO-JENNIFER ARIAS-HOGAR,R4,GNP
GNP-RUSSI CARDENAS GIANCARLO-T&T-R1,TMK,JEAN CARLO RUSSI,TMK-T&T,R1 REGION COSTA-T&T,R1,GNP
GNP-RUSSI CARDENAS GIANCARLO-T&T-R2,TMK,JEAN CARLO RUSSI,TMK-T&T,R2 REGION NOROCCIDENTE-T&T,R2,GNP
GNP-RUSSI CARDENAS GIANCARLO-T&T-R3,TMK,JEAN CARLO RUSSI,TMK-T&T,R3 REGION OCCIDENTE-T&T,R3,GNP
GNP-RUSSI CARDENAS GIANCARLO-T&T-R4,TMK,JEAN CARLO RUSSI,TMK-T&T,R4 REGION CENTRO-T&T,R4,GNP
GNP-RUSSI CARDENAS GIANCARLO-T&T-R5,TMK,JEAN CARLO RUSSI,TMK-T&T,R5 REGION ORIENTE-T&T,R5,GNP
GOMEZ ECHEVERRI YARMIL DULFARY-R5-CADENAS,COMERCIAL,RETAIL,COM-CADENAS,R5 REGION ORIENTE-CADENAS,R5,GOMEZ ECHEVERRI YARMIL DULFARY
GRUPO CELULAR MOVIL-R5-PDV-COM,COMERCIAL,AGENTES COMERCIALES,COM-PDV,R5 REGION ORIENTE-PDV,R5,GRUPO CELULAR MOVIL
GRUPO EMPRESARIAL BETEL-R5-CADENAS,COMERCIAL,RETAIL,COM-CADENAS,R5 REGION ORIENTE-CADENAS,R5,GRUPO EMPRESARIAL BETEL
GRUPO EMPRESARIAL PUNTOSERVIS SAS-R4-CADENAS,COMERCIAL,RETAIL,COM-CADENAS,R4 REGION CENTRO-CADENAS,R4,GRUPO EMPRESARIAL PUNTOSERVIS SAS
GRUPO EMPRESARIAL PUNTOSERVIS SAS-R5-CADENAS,COMERCIAL,RETAIL,COM-CADENAS,R5 REGION ORIENTE-CADENAS,R5,GRUPO EMPRESARIAL PUNTOSERVIS SAS
GRUPO JOKGA S.A.S-R5-CADENAS,COMERCIAL,RETAIL,COM-CADENAS,R5 REGION ORIENTE-CADENAS,R5,GRUPO JOKGA S.A.S
GRUPO SUPERMERCADOS BETEL-R5-CADENAS,COMERCIAL,RETAIL,COM-CADENAS,R5 REGION ORIENTE-CADENAS,R5,GRUPO SUPERMERCADOS BETEL
GSC Outsourcing BOG-JAIRO MACHADO-MOVIL PORTABILIDAD-R4,TMK,JAIRO MACHADO,TMK-JAIRO MACHADO-MOVIL PORTABILIDAD,R4 REGION CENTRO-JAIRO MACHADO-MOVIL PORTABILIDAD,R4,GSC Outsourcing BOG
GSC Outsourcing BOG-RUSSI CARDENAS GIANCARLO-T&T-R1,TMK,JEAN CARLO RUSSI,TMK-T&T,R1 REGION COSTA-T&T,R1,GSC Outsourcing BOG
GSC Outsourcing BOG-RUSSI CARDENAS GIANCARLO-T&T-R2,TMK,JEAN CARLO RUSSI,TMK-T&T,R2 REGION NOROCCIDENTE-T&T,R2,GSC Outsourcing BOG
GSC Outsourcing BOG-RUSSI CARDENAS GIANCARLO-T&T-R3,TMK,JEAN CARLO RUSSI,TMK-T&T,R3 REGION OCCIDENTE-T&T,R3,GSC Outsourcing BOG
GSC Outsourcing BOG-RUSSI CARDENAS GIANCARLO-T&T-R4,TMK,JEAN CARLO RUSSI,TMK-T&T,R4 REGION CENTRO-T&T,R4,GSC Outsourcing BOG
GSC Outsourcing BOG-RUSSI CARDENAS GIANCARLO-T&T-R5,TMK,JEAN CARLO RUSSI,TMK-T&T,R5 REGION ORIENTE-T&T,R5,GSC Outsourcing BOG
HAMILTON REINEL SOLANO NIETO-R4-CADENAS,COMERCIAL,RETAIL,COM-CADENAS,R4 REGION CENTRO-CADENAS,R4,HAMILTON REINEL SOLANO NIETO
HERPO-R1-CADENAS,COMERCIAL,RETAIL,COM-CADENAS,R1 REGION COSTA-CADENAS,R1,HERPO
HERPO-R2-CADENAS,COMERCIAL,RETAIL,COM-CADENAS,R2 REGION NOROCCIDENTE-CADENAS,R2,HERPO
HERPO-R3-CADENAS,COMERCIAL,RETAIL,COM-CADENAS,R3 REGION OCCIDENTE-CADENAS,R3,HERPO
HIPERCELL PALMIRA-R3-CADENAS,COMERCIAL,RETAIL,COM-CADENAS,R3 REGION OCCIDENTE-CADENAS,R3,HIPERCELL PALMIRA
HMOBILE SAS-R3-CADENAS,COMERCIAL,RETAIL,COM-CADENAS,R3 REGION OCCIDENTE-CADENAS,R3,HMOBILE SAS
HMOBILE SAS-R4-CADENAS,COMERCIAL,RETAIL,COM-CADENAS,R4 REGION CENTRO-CADENAS,R4,HMOBILE SAS
HOGAR Y MODA-R2-CADENAS,COMERCIAL,RETAIL,COM-CADENAS,R2 REGION NOROCCIDENTE-CADENAS,R2,HOGAR Y MODA
HOGAR Y MODA-R5-CADENAS,COMERCIAL,RETAIL,COM-CADENAS,R5 REGION ORIENTE-CADENAS,R5,HOGAR Y MODA
HOGULMOVIL SAS-CALLE-R3-COM,COMERCIAL,AGENTES COMERCIALES,COM-CALLE,R3 REGION OCCIDENTE-CALLE,R3,HOGULMOVIL SAS
HOMECENTER-R1-CADENAS,COMERCIAL,RETAIL,COM-CADENAS,R1 REGION COSTA-CADENAS,R1,HOMECENTER
HOMECENTER-R2-CADENAS,COMERCIAL,RETAIL,COM-CADENAS,R2 REGION NOROCCIDENTE-CADENAS,R2,HOMECENTER
HOMECENTER-R3-CADENAS,COMERCIAL,RETAIL,COM-CADENAS,R3 REGION OCCIDENTE-CADENAS,R3,HOMECENTER
HOMECENTER-R4-CADENAS,COMERCIAL,RETAIL,COM-CADENAS,R4 REGION CENTRO-CADENAS,R4,HOMECENTER
HOMECENTER-R5-CADENAS,COMERCIAL,RETAIL,COM-CADENAS,R5 REGION ORIENTE-CADENAS,R5,HOMECENTER
ICELL SA-CALLE-R1-COM,COMERCIAL,AGENTES COMERCIALES,COM-CALLE,R1 REGION COSTA-CALLE,R1,ICELL SA
ICELL SA-CALLE-R3-COM,COMERCIAL,AGENTES COMERCIALES,COM-CALLE,R3 REGION OCCIDENTE-CALLE,R3,ICELL SA
ICELL SA-CALLE-R4-COM,COMERCIAL,AGENTES COMERCIALES,COM-CALLE,R4 REGION CENTRO-CALLE,R4,ICELL SA
ICELL SA-CALLE-R5-COM,COMERCIAL,AGENTES COMERCIALES,COM-CALLE,R5 REGION ORIENTE-CALLE,R5,ICELL SA
ICELL SA-PDV-R1-COM,COMERCIAL,AGENTES COMERCIALES,COM-PDV,R1 REGION COSTA-PDV,R1,ICELL SA
ICELL SA-R3-PDV-COM,COMERCIAL,AGENTES COMERCIALES,COM-PDV,R3 REGION OCCIDENTE-PDV,R3,ICELL SA
ICELL SA-R3-TAT,COMERCIAL,PREPAGO,COM-TAT,R3 REGION OCCIDENTE-TAT,R3,ICELL SA
ICELL SA-R4-PDV-COM,COMERCIAL,AGENTES COMERCIALES,COM-PDV,R4 REGION CENTRO-PDV,R4,ICELL SA
ICELL SA-R4-TAT,COMERCIAL,PREPAGO,COM-TAT,R4 REGION CENTRO-TAT,R4,ICELL SA
ICELL SA-R5-PDV-COM,COMERCIAL,AGENTES COMERCIALES,COM-PDV,R5 REGION ORIENTE-PDV,R5,ICELL SA
ICELL-R4-PDV-COM,COMERCIAL,AGENTES COMERCIALES,COM-PDV,R4 REGION CENTRO-PDV,R4,ICELL SA
IMPORTADORA Y DISTRIBUIDORA VETEX TECHNOLOGY SAS-R4-CADENAS,COMERCIAL,RETAIL,COM-CADENAS,R4 REGION CENTRO-CADENAS,R4,IMPORTADORA Y DISTRIBUIDORA VETEX TECHNOLOGY SAS
INNOVACOM COMUNICACIONES SAS-R4-PDV-COM,COMERCIAL,AGENTES COMERCIALES,COM-PDV,R4 REGION CENTRO-PDV,R4,INNOVACOM COMUNICACIONES SAS
INTERACTIVO BOGOTA-JAIRO MACHADO-MOVIL MIGRACION-R1,TMK,JAIRO MACHADO,TMK-JAIRO MACHADO-MOVIL MIGRACION,R1 REGION COSTA-JAIRO MACHADO-MOVIL MIGRACION,R1,INTERACTIVO
INTERACTIVO BOGOTA-JAIRO MACHADO-MOVIL MIGRACION-R2,TMK,JAIRO MACHADO,TMK-JAIRO MACHADO-MOVIL MIGRACION,R2 REGION NOROCCIDENTE-JAIRO MACHADO-MOVIL MIGRACION,R2,INTERACTIVO
INTERACTIVO BOGOTA-JAIRO MACHADO-MOVIL MIGRACION-R3,TMK,JAIRO MACHADO,TMK-JAIRO MACHADO-MOVIL MIGRACION,R3 REGION OCCIDENTE-JAIRO MACHADO-MOVIL MIGRACION,R3,INTERACTIVO
INTERACTIVO BOGOTA-JAIRO MACHADO-MOVIL MIGRACION-R4,TMK,JAIRO MACHADO,TMK-JAIRO MACHADO-MOVIL MIGRACION,R4 REGION CENTRO-JAIRO MACHADO-MOVIL MIGRACION,R4,INTERACTIVO
INTERACTIVO BOGOTA-JAIRO MACHADO-MOVIL MIGRACION-R5,TMK,JAIRO MACHADO,TMK-JAIRO MACHADO-MOVIL MIGRACION,R5 REGION ORIENTE-JAIRO MACHADO-MOVIL MIGRACION,R5,INTERACTIVO
INTERACTIVO BOGOTA-JAIRO MACHADO-MOVIL PORTABILIDAD-R4,TMK,JAIRO MACHADO,TMK-JAIRO MACHADO-MOVIL PORTABILIDAD,R4 REGION CENTRO-JAIRO MACHADO-MOVIL PORTABILIDAD,R4,INTERACTIVO
INTERACTIVO BOGOTA-JENNIFER ARIAS-HOGAR-R4,TMK,JENNIFER ARIAS,TMK-JENNIFER ARIAS-HOGAR,R4 REGION CENTRO-JENNIFER ARIAS-HOGAR,R4,INTERACTIVO
INTERACTIVO BOGOTA-JENNIFER ARIAS-HOGAR-R5,TMK,JENNIFER ARIAS,TMK-JENNIFER ARIAS-HOGAR,R5 REGION ORIENTE-JENNIFER ARIAS-HOGAR,R5,INTERACTIVO
INTERACTIVO MANIZALES-JAIRO MACHADO-MOVIL MIGRACION-R3,TMK,JAIRO MACHADO,TMK-JAIRO MACHADO-MOVIL MIGRACION,R3 REGION OCCIDENTE-JAIRO MACHADO-MOVIL MIGRACION,R3,INTERACTIVO
INVERCELL DEL CARIBE-CALLE-R1-COM,COMERCIAL,AGENTES COMERCIALES,COM-CALLE,R1 REGION COSTA-CALLE,R1,INVERCELL DEL CARIBE
INVERCELL DEL CARIBE-PDV-R1-COM,COMERCIAL,AGENTES COMERCIALES,COM-PDV,R1 REGION COSTA-PDV,R1,INVERCELL DEL CARIBE
INVERPUBENZA-R3-CADENAS,COMERCIAL,RETAIL,COM-CADENAS,R3 REGION OCCIDENTE-CADENAS,R3,INVERPUBENZA
INVERSIONES ARAUJO,COMERCIAL,AGENTES COMERCIALES,COM-CALLE,R1 REGION COSTA-CALLE,R1,INVERSIONES ARAUJO
INVERSIONES ARAUJO-CALLE-R1-COM,COMERCIAL,AGENTES COMERCIALES,COM-CALLE,R1 REGION COSTA-CALLE,R1,INVERSIONES ARAUJO
INVERSIONES ARAUJO-PDV-R1-COM,COMERCIAL,AGENTES COMERCIALES,COM-PDV,R1 REGION COSTA-PDV,R1,INVERSIONES ARAUJO
INVERSIONES ARAUJO-R1-TAT,COMERCIAL,PREPAGO,COM-TAT,R1 REGION COSTA-TAT,R1,INVERSIONES ARAUJO
INVERSIONES BMS SAS-CALLE-R1-COM,COMERCIAL,AGENTES COMERCIALES,COM-CALLE,R1 REGION COSTA-CALLE,R1,INVERSIONES BMS SAS
INVERSIONES BMS SAS-PDV-R1-COM,COMERCIAL,AGENTES COMERCIALES,COM-PDV,R1 REGION COSTA-PDV,R1,INVERSIONES BMS SAS
INVERSIONES DE INDIAS-R1-CADENAS,COMERCIAL,RETAIL,COM-CADENAS,R1 REGION COSTA-CADENAS,R1,INVERSIONES DE INDIAS
INVERSIONES GERA SAS-CALLE-R1-COM,COMERCIAL,AGENTES COMERCIALES,COM-CALLE,R1 REGION COSTA-CALLE,R1,INVERSIONES GERA SAS
INVERSIONES GERA SAS-PDV-R1-COM,COMERCIAL,AGENTES COMERCIALES,COM-PDV,R1 REGION COSTA-PDV,R1,INVERSIONES GERA SAS
INVERSIONES GERA SAS-R1-TAT,COMERCIAL,PREPAGO,COM-TAT,R1 REGION COSTA-TAT,R1,INVERSIONES GERA SAS
INVERSIONES GERA-CALLE-R1-COM,COMERCIAL,AGENTES COMERCIALES,COM-CALLE,R1 REGION COSTA-CALLE,R1,INVERSIONES GERA SAS
INVERSIONES GERA-PDV-R1-COM,COMERCIAL,AGENTES COMERCIALES,COM-PDV,R1 REGION COSTA-PDV,R1,INVERSIONES GERA SAS
INVERSIONES MAVER SAS CENTRO-JAIRO MACHADO-MOVIL MIGRACION-R5,TMK,JAIRO MACHADO,TMK-JAIRO MACHADO-MOVIL MIGRACION,R5 REGION ORIENTE-JAIRO MACHADO-MOVIL MIGRACION,R5,INVERSIONES MAVER SAS
INVERSIONES MAVER SAS CENTRO-JAIRO MACHADO-MOVIL PORTABILIDAD-R5,TMK,JAIRO MACHADO,TMK-JAIRO MACHADO-MOVIL PORTABILIDAD,R5 REGION ORIENTE-JAIRO MACHADO-MOVIL PORTABILIDAD,R5,INVERSIONES MAVER SAS
INVERSIONES MAVER SAS CENTRO-JENNIFER ARIAS-HOGAR-R4,TMK,JENNIFER ARIAS,TMK-JENNIFER ARIAS-HOGAR,R4 REGION CENTRO-JENNIFER ARIAS-HOGAR,R4,INVERSIONES MAVER SAS
INVERSIONES MAVER SAS CENTRO-JENNIFER ARIAS-HOGAR-R5,TMK,JENNIFER ARIAS,TMK-JENNIFER ARIAS-HOGAR,R5 REGION ORIENTE-JENNIFER ARIAS-HOGAR,R5,INVERSIONES MAVER SAS
INVERSIONES MAVER SAS-JAIRO MACHADO-MOVIL MIGRACION-R5,TMK,JAIRO MACHADO,TMK-JAIRO MACHADO-MOVIL MIGRACION,R5 REGION ORIENTE-JAIRO MACHADO-MOVIL MIGRACION,R5,INVERSIONES MAVER SAS
INVERSIONES MAVER SAS-JENNIFER ARIAS-HOGAR-R5,TMK,JENNIFER ARIAS,TMK-JENNIFER ARIAS-HOGAR,R5 REGION ORIENTE-JENNIFER ARIAS-HOGAR,R5,INVERSIONES MAVER SAS
INVERSIONES MAVER SAS-RUSSI CARDENAS GIANCARLO-T&T-R1,TMK,JEAN CARLO RUSSI,TMK-T&T,R1 REGION COSTA-T&T,R1,INVERSIONES MAVER SAS
INVERSIONES MAVER SAS-RUSSI CARDENAS GIANCARLO-T&T-R2,TMK,JEAN CARLO RUSSI,TMK-T&T,R2 REGION NOROCCIDENTE-T&T,R2,INVERSIONES MAVER SAS
INVERSIONES MAVER SAS-RUSSI CARDENAS GIANCARLO-T&T-R3,TMK,JEAN CARLO RUSSI,TMK-T&T,R3 REGION OCCIDENTE-T&T,R3,INVERSIONES MAVER SAS
INVERSIONES MAVER SAS-RUSSI CARDENAS GIANCARLO-T&T-R4,TMK,JEAN CARLO RUSSI,TMK-T&T,R4 REGION CENTRO-T&T,R4,INVERSIONES MAVER SAS
INVERSIONES MAVER SAS-RUSSI CARDENAS GIANCARLO-T&T-R5,TMK,JEAN CARLO RUSSI,TMK-T&T,R5 REGION ORIENTE-T&T,R5,INVERSIONES MAVER SAS
INVERSIONES MENDEZ SANCHEZ-CALLE-R1-COM,COMERCIAL,AGENTES COMERCIALES,COM-CALLE,R1 REGION COSTA-CALLE,R1,INVERSIONES MENDEZ SANCHEZ
INVERSIONES MENDEZ SANCHEZ-PDV-R1-COM,COMERCIAL,AGENTES COMERCIALES,COM-PDV,R1 REGION COSTA-PDV,R1,INVERSIONES MENDEZ SANCHEZ
INVERSIONES OBAMAR SAS-CALLE-R3-COM,COMERCIAL,AGENTES COMERCIALES,COM-CALLE,R3 REGION OCCIDENTE-CALLE,R3,INVERSIONES OBAMAR SAS
INVERSIONES OBAMAR SAS-R3-PDV-COM,COMERCIAL,AGENTES COMERCIALES,COM-PDV,R3 REGION OCCIDENTE-PDV,R3,INVERSIONES OBAMAR SAS
INVERSIONES SHADAY 1-R4-CADENAS,COMERCIAL,RETAIL,COM-CADENAS,R4 REGION CENTRO-CADENAS,R4,INVERSIONES SHADAY
INVERSIONES SHADAY-R4-CADENAS,COMERCIAL,RETAIL,COM-CADENAS,R4 REGION CENTRO-CADENAS,R4,INVERSIONES SHADAY
INVESTMENTS FARAGAC SAS-R1-CADENAS,COMERCIAL,RETAIL,COM-CADENAS,R1 REGION COSTA-CADENAS,R1,INVESTMENTS FARAGAC SAS
ISAMOVIL-CALLE-R3-COM,COMERCIAL,AGENTES COMERCIALES,COM-CALLE,R3 REGION OCCIDENTE-CALLE,R3,ISAMOVIL
ISAMOVIL-R3-PDV-COM,COMERCIAL,AGENTES COMERCIALES,COM-PDV,R3 REGION OCCIDENTE-PDV,R3,ISAMOVIL
ISHOP-R1-CADENAS,COMERCIAL,RETAIL,COM-CADENAS,R1 REGION COSTA-CADENAS,R1,ISHOP
ISHOP-R2-CADENAS,COMERCIAL,RETAIL,COM-CADENAS,R2 REGION NOROCCIDENTE-CADENAS,R2,ISHOP
ISHOP-R3-CADENAS,COMERCIAL,RETAIL,COM-CADENAS,R3 REGION OCCIDENTE-CADENAS,R3,ISHOP
ISHOP-R4-CADENAS,COMERCIAL,RETAIL,COM-CADENAS,R4 REGION CENTRO-CADENAS,R4,ISHOP
J.J MAYORISTAS-R2-CADENAS,COMERCIAL,RETAIL,COM-CADENAS,R2 REGION NOROCCIDENTE-CADENAS,R2,J.J MAYORISTAS
J.J. PITA Y CIA. S.A-R5-CADENAS,COMERCIAL,RETAIL,COM-CADENAS,R5 REGION ORIENTE-CADENAS,R5,J.J. PITA Y CIA. S.A
JAIRO ENRIQUE BELTRÁN QUINTERO-R1-CADENAS,COMERCIAL,RETAIL,COM-CADENAS,R1 REGION COSTA-CADENAS,R1,JAIRO ENRIQUE BELTRÁN QUINTERO
JAIRO NORBERTO NOVOA GARZON-R4-CADENAS,COMERCIAL,RETAIL,COM-CADENAS,R4 REGION CENTRO-CADENAS,R4,JAIRO NORBERTO NOVOA GARZON
JANN CELPHONE LTDA-R5-PDV-COM,COMERCIAL,AGENTES COMERCIALES,COM-PDV,R5 REGION ORIENTE-PDV,R5,JANN CELPHONE LTDA
JARA INMOBILIARIA-R5-PDV-COM,COMERCIAL,AGENTES COMERCIALES,COM-PDV,R5 REGION ORIENTE-PDV,R5,JARA INMOBILIARIA
JESMAR-CALLE-R3-COM,COMERCIAL,AGENTES COMERCIALES,COM-CALLE,R3 REGION OCCIDENTE-CALLE,R3,JESMAR
JESMAR-R3-PDV-COM,COMERCIAL,AGENTES COMERCIALES,COM-PDV,R3 REGION OCCIDENTE-PDV,R3,JESMAR
JESMAR-R3-TAT,COMERCIAL,PREPAGO,COM-TAT,R3 REGION OCCIDENTE-TAT,R3,JESMAR
JG TECHNOLOGY-R3-CADENAS,COMERCIAL,RETAIL,COM-CADENAS,R3 REGION OCCIDENTE-CADENAS,R3,JG TECHNOLOGY
JJM TELECOMUNICACIONES-CALLE-R1-COM,COMERCIAL,AGENTES COMERCIALES,COM-CALLE,R1 REGION COSTA-CALLE,R1,JJM TELECOMUNICACIONES
JJM TELECOMUNICACIONES-PDV-R1-COM,COMERCIAL,AGENTES COMERCIALES,COM-PDV,R1 REGION COSTA-PDV,R1,JJM TELECOMUNICACIONES
JOAN MANUEL CHAVARRO ALBARRACIN (PP REPUESTOS)-R4-CADENAS,COMERCIAL,RETAIL,COM-CADENAS,R4 REGION CENTRO-CADENAS,R4,JOAN MANUEL CHAVARRO ALBARRACIN (PP REPUESTOS)
JRCB-R4-PDV-COM,COMERCIAL,AGENTES COMERCIALES,COM-PDV,R4 REGION CENTRO-PDV,R4,JRCB
JUAN ESTEBAN AVENDAÑO VANEGAS-R2-CADENAS,COMERCIAL,RETAIL,COM-CADENAS,R2 REGION NOROCCIDENTE-CADENAS,R2,JUAN ESTEBAN AVENDAÑO VANEGAS
JUNIORCEL SAS-R1-CADENAS,COMERCIAL,RETAIL,COM-CADENAS,R1 REGION COSTA-CADENAS,R1,JUNIORCEL SAS
JV COMUNICACIONES MAXI-CALLE-R1-COM,COMERCIAL,AGENTES COMERCIALES,COM-CALLE,R1 REGION COSTA-CALLE,R1,JV COMUNICACIONES MAXI
KAPITAL ACCESORIOS-R2-CADENAS,COMERCIAL,RETAIL,COM-CADENAS,R2 REGION NOROCCIDENTE-CADENAS,R2,KAPITAL ACCESORIOS
KOBA COLOMBIA SA-R4-CADENAS,COMERCIAL,RETAIL,COM-CADENAS,R4 REGION CENTRO-CADENAS,R4,KOBA COLOMBIA SA
KRISAM MOVIL-R5-CADENAS,COMERCIAL,RETAIL,COM-CADENAS,R5 REGION ORIENTE-CADENAS,R5,KRISAM MOVIL
K-TRONIX-R1-CADENAS,COMERCIAL,RETAIL,COM-CADENAS,R1 REGION COSTA-CADENAS,R1,KTRONIX
K-TRONIX-R2-CADENAS,COMERCIAL,RETAIL,COM-CADENAS,R2 REGION NOROCCIDENTE-CADENAS,R2,KTRONIX
K-TRONIX-R3-CADENAS,COMERCIAL,RETAIL,COM-CADENAS,R3 REGION OCCIDENTE-CADENAS,R3,KTRONIX
K-TRONIX-R4-CADENAS,COMERCIAL,RETAIL,COM-CADENAS,R4 REGION CENTRO-CADENAS,R4,KTRONIX
K-TRONIX-R5-CADENAS,COMERCIAL,RETAIL,COM-CADENAS,R5 REGION ORIENTE-CADENAS,R5,KTRONIX
L&M MOVIL CELL-R2-CADENAS,COMERCIAL,RETAIL,COM-CADENAS,R2 REGION NOROCCIDENTE-CADENAS,R2,L&M MOVIL CELL
LA 14-R2-CADENAS,COMERCIAL,RETAIL,COM-CADENAS,R2 REGION NOROCCIDENTE-CADENAS,R2,LA 14
LA 14-R3-CADENAS,COMERCIAL,RETAIL,COM-CADENAS,R3 REGION OCCIDENTE-CADENAS,R3,LA 14
LA 14-R4-CADENAS,COMERCIAL,RETAIL,COM-CADENAS,R4 REGION CENTRO-CADENAS,R4,LA 14
LA 14-R5-CADENAS,COMERCIAL,RETAIL,COM-CADENAS,R5 REGION ORIENTE-CADENAS,R5,LA 14
LA PIPA COMERCIALIZADORA SAS-R2-CADENAS,COMERCIAL,RETAIL,COM-CADENAS,R2 REGION NOROCCIDENTE-CADENAS,R2,LA PIPA COMERCIALIZADORA SAS
LAGOBO-R1-CADENAS,COMERCIAL,RETAIL,COM-CADENAS,R1 REGION COSTA-CADENAS,R1,LAGOBO
LAGOBO-R2-CADENAS,COMERCIAL,RETAIL,COM-CADENAS,R2 REGION NOROCCIDENTE-CADENAS,R2,LAGOBO
LAGOBO-R3-CADENAS,COMERCIAL,RETAIL,COM-CADENAS,R3 REGION OCCIDENTE-CADENAS,R3,LAGOBO
LAGOBO-R4-CADENAS,COMERCIAL,RETAIL,COM-CADENAS,R4 REGION CENTRO-CADENAS,R4,LAGOBO
LAGOBO-R5-CADENAS,COMERCIAL,RETAIL,COM-CADENAS,R5 REGION ORIENTE-CADENAS,R5,LAGOBO
LAS PALMAS-PDV-R1-COM,COMERCIAL,AGENTES COMERCIALES,COM-PDV,R1 REGION COSTA-PDV,R1,LAS PALMAS
LATCOM-CSI-R4-CALL,CALL CENTER,SOPORTE,CSI,R4 REGION CENTRO - CSI,R4,LATCOM
LATCOM-P3-R4-CALL,CALL CENTER,SOPORTE,P3,R4 REGION CENTRO - P3,R4,LATCOM
LATCOM-SOPORTE OPERATIVO-R4-CALL,CALL CENTER,SOPORTE,SOPORTE OPERATIVO,R4 REGIÓN CENTRO - SOPORTE OPERATIVO,R4,LATCOM
LEFCOM-CALLE-R5-COM,COMERCIAL,AGENTES COMERCIALES,COM-CALLE,R5 REGION ORIENTE-CALLE,R5,LEFCOM
LEFCOM-R4-PDV-COM,COMERCIAL,AGENTES COMERCIALES,COM-PDV,R4 REGION CENTRO-PDV,R4,LEFCOM
LEFCOM-R5-PDV-COM,COMERCIAL,AGENTES COMERCIALES,COM-PDV,R5 REGION ORIENTE-PDV,R5,LEFCOM
LIKE TECHNOLOGY SAS,COMERCIAL,AGENTES COMERCIALES,COM-PDV,R4 REGION CENTRO-PDV,R4,LIKE TECHNOLOGY SAS
LIKE TECHNOLOGY SAS-R4-PDV-COM,COMERCIAL,AGENTES COMERCIALES,COM-PDV,R4 REGION CENTRO-PDV,R4,LIKE TECHNOLOGY SAS
LIKE TECHNOLOGY SAS-R4-TAT,COMERCIAL,PREPAGO,COM-TAT,R4 REGION CENTRO-TAT,R4,LIKE TECHNOLOGY SAS
LOS MONTES-R5-CADENAS,COMERCIAL,RETAIL,COM-CADENAS,R5 REGION ORIENTE-CADENAS,R5,LOS MONTES
LUZ MILA NAVIA BOLAÑOS-R3-CADENAS,COMERCIAL,RETAIL,COM-CADENAS,R3 REGION OCCIDENTE-CADENAS,R3,LUZ MILA NAVIA BOLAÑOS
MAC CENTER COLOMBIA S.A.S.-R1-CADENAS,COMERCIAL,RETAIL,COM-CADENAS,R1 REGION COSTA-CADENAS,R1,MAC CENTER COLOMBIA S.A.S.
MAC CENTER COLOMBIA S.A.S.-R4-CADENAS,COMERCIAL,RETAIL,COM-CADENAS,R4 REGION CENTRO-CADENAS,R4,MAC CENTER COLOMBIA S.A.S.
MAGANET-CALLE-R1-COM,COMERCIAL,AGENTES COMERCIALES,COM-CALLE,R1 REGION COSTA-CALLE,R1,MAGANET
MAGANET-PDV-R1-COM,COMERCIAL,AGENTES COMERCIALES,COM-PDV,R1 REGION COSTA-PDV,R1,MAGANET
MANICOMIO DEL CELULAR-R1-CADENAS,COMERCIAL,RETAIL,COM-CADENAS,R1 REGION COSTA-CADENAS,R1,MANICOMIO DEL CELULAR
MANRIQUE CENTER COMUNICACIONES-R2-CADENAS,COMERCIAL,RETAIL,COM-CADENAS,R2 REGION NOROCCIDENTE-CADENAS,R2,MANRIQUE CENTER COMUNICACIONES
MARIA EVITA MORA (MEGA MOVIL)-R4-CADENAS,COMERCIAL,RETAIL,COM-CADENAS,R4 REGION CENTRO-CADENAS,R4,MARIA EVITA MORA (MEGA MOVIL)
MARIA HERLIS BUSTOS ESCARRAGA-R5-CADENAS,COMERCIAL,RETAIL,COM-CADENAS,R5 REGION ORIENTE-CADENAS,R5,MARIA HERLIS BUSTOS ESCARRAGA
MARIA OTILIA GARCIA MORA-R4-CADENAS,COMERCIAL,RETAIL,COM-CADENAS,R4 REGION CENTRO-CADENAS,R4,MARIA OTILIA GARCIA MORA
MARIA YOHANA AGUDELO BOLIVAR-R3-CADENAS,COMERCIAL,RETAIL,COM-CADENAS,R3 REGION OCCIDENTE-CADENAS,R3,MARIA YOHANA AGUDELO BOLIVAR
MARKET MIX SAS BOGOTA-JAIRO MACHADO-MOVIL MIGRACION-R3,TMK,JAIRO MACHADO,TMK-JAIRO MACHADO-MOVIL MIGRACION,R3 REGION OCCIDENTE-JAIRO MACHADO-MOVIL MIGRACION,R3,MARKET MIX SAS BOGOTA
MARKET MIX SAS BOGOTA-JAIRO MACHADO-MOVIL PORTABILIDAD-R3,TMK,JAIRO MACHADO,TMK-JAIRO MACHADO-MOVIL PORTABILIDAD,R3 REGION OCCIDENTE-JAIRO MACHADO-MOVIL PORTABILIDAD,R3,MARKET MIX SAS BOGOTA
MARKET MIX SAS BOGOTA-JAIRO MACHADO-MOVIL PORTABILIDAD-R4,TMK,JAIRO MACHADO,TMK-JAIRO MACHADO-MOVIL PORTABILIDAD,R4 REGION CENTRO-JAIRO MACHADO-MOVIL PORTABILIDAD,R4,MARKET MIX SAS BOGOTA
MAS POR MENOS-R5-CADENAS,COMERCIAL,RETAIL,COM-CADENAS,R5 REGION ORIENTE-CADENAS,R5,MAS POR MENOS
MAX EVOLUTION-R4-TAT,COMERCIAL,PREPAGO,COM-TAT,R4 REGION CENTRO-TAT,R4,MAX EVOLUTION
MAX EVOLUTION-R5-TAT,COMERCIAL,PREPAGO,COM-TAT,R5 REGION ORIENTE-TAT,R5,MAX EVOLUTION
MC MULTICELL SAS-CALLE-R1-COM,COMERCIAL,AGENTES COMERCIALES,COM-CALLE,R1 REGION COSTA-CALLE,R1,MC MULTICELL SAS
MC MULTICELL SAS-PDV-R1-COM,COMERCIAL,AGENTES COMERCIALES,COM-PDV,R1 REGION COSTA-PDV,R1,MC MULTICELL SAS
MC MULTICELL SAS-R1-TAT,COMERCIAL,PREPAGO,COM-TAT,R1 REGION COSTA-TAT,R1,MC MULTICELL SAS
MEDIATEK COL-R2-CADENAS,COMERCIAL,RETAIL,COM-CADENAS,R2 REGION NOROCCIDENTE-CADENAS,R2,MEDIATEK COL
MEGAMAS-R1-CADENAS,COMERCIAL,RETAIL,COM-CADENAS,R1 REGION COSTA-CADENAS,R1,MEGAMAS
MELTEC DE ORIENTE-CALLE-R5-COM,COMERCIAL,AGENTES COMERCIALES,COM-CALLE,R5 REGION ORIENTE-CALLE,R5,MELTEC DE ORIENTE
MELTEC DE ORIENTE-R3-PDV-COM,COMERCIAL,AGENTES COMERCIALES,COM-PDV,R3 REGION OCCIDENTE-PDV,R3,MELTEC DE ORIENTE
MELTEC DE ORIENTE-R4-PDV-COM,COMERCIAL,AGENTES COMERCIALES,COM-PDV,R4 REGION CENTRO-PDV,R4,MELTEC DE ORIENTE
MELTEC DE ORIENTE-R5-PDV-COM,COMERCIAL,AGENTES COMERCIALES,COM-PDV,R5 REGION ORIENTE-PDV,R5,MELTEC DE ORIENTE
MELTEC DE ORIENTE-R5-TAT,COMERCIAL,PREPAGO,COM-TAT,R5 REGION ORIENTE-TAT,R5,MELTEC DE ORIENTE
MERCALDAS-R2-CADENAS,COMERCIAL,RETAIL,COM-CADENAS,R2 REGION NOROCCIDENTE-CADENAS,R2,MERCALDAS
MERCAMIO-R3-CADENAS,COMERCIAL,RETAIL,COM-CADENAS,R3 REGION OCCIDENTE-CADENAS,R3,MERCAMIO
MI RED MOVIL SAS-CALLE-R4-COM,COMERCIAL,AGENTES COMERCIALES,COM-CALLE,R4 REGION CENTRO-CALLE,R4,MI RED MOVIL SAS
MI RED MOVIL SAS-R4-PDV-COM,COMERCIAL,AGENTES COMERCIALES,COM-PDV,R4 REGION CENTRO-PDV,R4,MI RED MOVIL SAS
MI RED MOVIL SAS-R4-TAT,COMERCIAL,PREPAGO,COM-TAT,R4 REGION CENTRO-TAT,R4,MI RED MOVIL SAS
MI RED MOVIL-R4-PDV-COM,COMERCIAL,AGENTES COMERCIALES,COM-PDV,R4 REGION CENTRO-PDV,R4,MI RED MOVIL SAS
MILENIO-VENTAS-R4-CALL,CALL CENTER,SOPORTE,MASIVO SOPORTE,R4 REGION CENTRO - MASIVO SOPORTE,R4,MILENIO
MILENIUM -SOPORTE-R1-CALL,CALL CENTER,SOPORTE,MASIVO SOPORTE,R1 REGION COSTA - MASIVO SOPORTE,R1,MILLENIUM
MILLENIUM-MASIVO-R1-CALL,CALL CENTER,TRAFICO INBOUND,MASIVO SAC-TRAFICO INBOUND,R1 REGION COSTA-MASIVO-TRAFICO INBOUND,R1,MILLENIUM
MILLENIUM-VENTAS-R4-CALL,CALL CENTER,RELACIONES PRIORITARIAS,VENTAS,R4 REGION CENTRO-VENTAS,R4,MILLENIUM
MILLENIUM-WEBCENTER-R4-CALL,CALL CENTER,ENTORNOS DIGITALES,- WEBCENTER,R4 REGION CENTRO - WEBCENTER,R4,MILLENIUM
MOBILE COMERCIAL SAS-R4-CADENAS,COMERCIAL,RETAIL,COM-CADENAS,R4 REGION CENTRO-CADENAS,R4,MOBILE COMERCIAL SAS
MOBITECH GROUP SAS-R5-PDV-COM,COMERCIAL,AGENTES COMERCIALES,COM-PDV,R5 REGION ORIENTE-PDV,R5,MOBITECH GROUP SAS
MOVILCO SAS-CALLE-R2-COM,COMERCIAL,AGENTES COMERCIALES,COM-CALLE,R2 REGION NOROCCIDENTE-CALLE,R2,MOVILCO SAS
MOVILCO SAS-CALLE-R3-COM,COMERCIAL,AGENTES COMERCIALES,COM-CALLE,R3 REGION OCCIDENTE-CALLE,R3,MOVILCO SAS
MOVILCO SAS-CALLE-R5-COM,COMERCIAL,AGENTES COMERCIALES,COM-CALLE,R5 REGION ORIENTE-CALLE,R5,MOVILCO SAS
MOVILCO SAS-R3-PDV-COM,COMERCIAL,AGENTES COMERCIALES,COM-PDV,R3 REGION OCCIDENTE-PDV,R3,MOVILCO SAS
MOVILCO SAS-R3-TAT,COMERCIAL,PREPAGO,COM-TAT,R3 REGION OCCIDENTE-TAT,R3,MOVILCO SAS
MOVILCO SAS-R4-PDV-COM,COMERCIAL,AGENTES COMERCIALES,COM-PDV,R4 REGION CENTRO-PDV,R4,MOVILCO SAS
MOVILCO SAS-R5-PDV-COM,COMERCIAL,AGENTES COMERCIALES,COM-PDV,R5 REGION ORIENTE-PDV,R5,MOVILCO SAS
MOVILCO SAS-R5-TAT,COMERCIAL,PREPAGO,COM-TAT,R5 REGION ORIENTE-TAT,R5,MOVILCO SAS
MOVILES DC-R5-CADENAS,COMERCIAL,RETAIL,COM-CADENAS,R5 REGION ORIENTE-CADENAS,R5,MOVILES DC
MOVISTELLL-R1-CADENAS,COMERCIAL,RETAIL,COM-CADENAS,R1 REGION COSTA-CADENAS,R1,MOVISTELLL
MPERIA MOBILE-R4-CADENAS,COMERCIAL,RETAIL,COM-CADENAS,R4 REGION CENTRO-CADENAS,R4,MPERIA MOBILE
MULTICOMUNICACIONES HM -R3-CADENAS,COMERCIAL,RETAIL,COM-CADENAS,R3 REGION OCCIDENTE-CADENAS,R3,MULTICOMUNICACIONES HM 
MUNDO MOVIL JYL SAS-R5-PDV-COM,COMERCIAL,AGENTES COMERCIALES,COM-PDV,R5 REGION ORIENTE-PDV,R5,MUNDO MOVIL JYL SAS
MUNDO TECNOLOGICO GROUP-R4-PDV-COM,COMERCIAL,AGENTES COMERCIALES,COM-PDV,R4 REGION CENTRO-PDV,R4,MUNDO TECNOLOGICO GROUP
MUNDO VARIEDADES-R1-CADENAS,COMERCIAL,RETAIL,COM-CADENAS,R1 REGION COSTA-CADENAS,R1,MUNDO VARIEDADES
MY MOBILE MAYORISTAS-R1-CADENAS,COMERCIAL,RETAIL,COM-CADENAS,R1 REGION COSTA-CADENAS,R1,MY MOBILE MAYORISTAS
NAFAR IMPORT AND EXPORT SAS-R1-CADENAS,COMERCIAL,RETAIL,COM-CADENAS,R1 REGION COSTA-CADENAS,R1,NAFAR IMPORT AND EXPORT SAS
NAFAR IMPORT AND EXPORT SAS-R4-CADENAS,COMERCIAL,RETAIL,COM-CADENAS,R4 REGION CENTRO-CADENAS,R4,NAFAR IMPORT AND EXPORT SAS
NAVARRO OSPINA-R2-CADENAS,COMERCIAL,RETAIL,COM-CADENAS,R2 REGION NOROCCIDENTE-CADENAS,R2,NAVARRO OSPINA
NEGOCIOS E INVERSIONES SINGS SAS-R1-CADENAS,COMERCIAL,RETAIL,COM-CADENAS,R1 REGION COSTA-CADENAS,R1,NEGOCIOS E INVERSIONES SINGS SAS
NETELCO SAS-R5-CADENAS,COMERCIAL,RETAIL,COM-CADENAS,R5 REGION ORIENTE-CADENAS,R5,NETELCO SAS
NEXA-MASIVO-R3-CALL,CALL CENTER,TRAFICO INBOUND,MASIVO SAC-TRAFICO INBOUND,R3 REGION OCCIDENTE-MASIVO-TRAFICO INBOUND,R3,NEXA BPO
NEXA-SOPORTE-R3-CALL,CALL CENTER,SOPORTE,MASIVO SOPORTE,R3 REGION OCCIDENTE - MASIVO SOPORTE,R3,NEXA BPO
NEXA-VENTAS-R3-CALL,CALL CENTER,RELACIONES PRIORITARIAS,VENTAS,R3 REGION OCCIDENTE-VENTAS,R3,NEXA BPO
NEYTEL COM-R4-PDV-COM,COMERCIAL,AGENTES COMERCIALES,COM-PDV,R4 REGION CENTRO-PDV,R4,NEYTEL COM
NEYTEL COM-R5-PDV-COM,COMERCIAL,AGENTES COMERCIALES,COM-PDV,R5 REGION ORIENTE-PDV,R5,NEYTEL COM
NICK-R2-CADENAS,COMERCIAL,RETAIL,COM-CADENAS,R2 REGION NOROCCIDENTE-CADENAS,R2,NICK
NOA10 SAS-R3-CADENAS,COMERCIAL,RETAIL,COM-CADENAS,R3 REGION OCCIDENTE-CADENAS,R3,NOA10 SAS
OCANAXEL LTDA-CALLE-R5-COM,COMERCIAL,AGENTES COMERCIALES,COM-CALLE,R5 REGION ORIENTE-CALLE,R5,OCANAXEL LTDA
OCANAXEL LTDA-PDV-R1-COM,COMERCIAL,AGENTES COMERCIALES,COM-PDV,R1 REGION COSTA-PDV,R1,OCANAXEL LTDA
OCANAXEL LTDA-R5-PDV-COM,COMERCIAL,AGENTES COMERCIALES,COM-PDV,R5 REGION ORIENTE-PDV,R5,OCANAXEL LTDA
OIN SAS Outsoursing installation networks-CALLE-R3-COM,COMERCIAL,AGENTES COMERCIALES,COM-CALLE,R3 REGION OCCIDENTE-CALLE,R3,OIN SAS
OLIMPICA-R1-CADENAS,COMERCIAL,RETAIL,COM-CADENAS,R1 REGION COSTA-CADENAS,R1,OLIMPICA
OLIMPICA-R2-CADENAS,COMERCIAL,RETAIL,COM-CADENAS,R2 REGION NOROCCIDENTE-CADENAS,R2,OLIMPICA
OLIMPICA-R3-CADENAS,COMERCIAL,RETAIL,COM-CADENAS,R3 REGION OCCIDENTE-CADENAS,R3,OLIMPICA
OLIMPICA-R4-CADENAS,COMERCIAL,RETAIL,COM-CADENAS,R4 REGION CENTRO-CADENAS,R4,OLIMPICA
OLIMPICA-R5-CADENAS,COMERCIAL,RETAIL,COM-CADENAS,R5 REGION ORIENTE-CADENAS,R5,OLIMPICA
ONE CONTACT BOGOTA-RUSSI CARDENAS GIANCARLO-T&T-R1,TMK,JEAN CARLO RUSSI,TMK-T&T,R1 REGION COSTA-T&T,R1,ONE CONTACT
ONE CONTACT BOGOTA-RUSSI CARDENAS GIANCARLO-T&T-R2,TMK,JEAN CARLO RUSSI,TMK-T&T,R2 REGION NOROCCIDENTE-T&T,R2,ONE CONTACT
ONE CONTACT BOGOTA-RUSSI CARDENAS GIANCARLO-T&T-R3,TMK,JEAN CARLO RUSSI,TMK-T&T,R3 REGION OCCIDENTE-T&T,R3,ONE CONTACT
ONE CONTACT BOGOTA-RUSSI CARDENAS GIANCARLO-T&T-R4,TMK,JEAN CARLO RUSSI,TMK-T&T,R4 REGION CENTRO-T&T,R4,ONE CONTACT
ONE CONTACT BOGOTA-RUSSI CARDENAS GIANCARLO-T&T-R5,TMK,JEAN CARLO RUSSI,TMK-T&T,R5 REGION ORIENTE-T&T,R5,ONE CONTACT
ONE CONTACT BQUILLA-JAIRO MACHADO-MOVIL PORTABILIDAD-R1,TMK,JAIRO MACHADO,TMK-JAIRO MACHADO-MOVIL PORTABILIDAD,R1 REGION COSTA-JAIRO MACHADO-MOVIL PORTABILIDAD,R1,ONE CONTACT
ONE CONTACT MEDELLIN-JAIRO MACHADO-MOVIL PORTABILIDAD-R2,TMK,JAIRO MACHADO,TMK-JAIRO MACHADO-MOVIL PORTABILIDAD,R2 REGION NOROCCIDENTE-JAIRO MACHADO-MOVIL PORTABILIDAD,R2,ONE CONTACT
ONE CONTACT MEDELLIN-JENNIFER ARIAS-HOGAR-R2,TMK,JENNIFER ARIAS,TMK-JENNIFER ARIAS-HOGAR,R2 REGION NOROCCIDENTE-JENNIFER ARIAS-HOGAR,R2,ONE CONTACT
ONE CONTACT URABA-JAIRO MACHADO-MOVIL PORTABILIDAD-R2,TMK,JAIRO MACHADO,TMK-JAIRO MACHADO-MOVIL PORTABILIDAD,R2 REGION NOROCCIDENTE-JAIRO MACHADO-MOVIL PORTABILIDAD,R2,ONE CONTACT
ONE CONTACT URABA-JENNIFER ARIAS-HOGAR-R2,TMK,JENNIFER ARIAS,TMK-JENNIFER ARIAS-HOGAR,R2 REGION NOROCCIDENTE-JENNIFER ARIAS-HOGAR,R2,ONE CONTACT
ONE CONTACT-R4-CADENAS,COMERCIAL,RETAIL,COM-CADENAS,R4 REGION CENTRO-CADENAS,R4,ONE CONTACT
ONSALES-R4-PDV-COM,COMERCIAL,AGENTES COMERCIALES,COM-PDV,R4 REGION CENTRO-PDV,R4,ONSALES
OPCOM SAS-CALLE-R3-COM,COMERCIAL,AGENTES COMERCIALES,COM-CALLE,R3 REGION OCCIDENTE-CALLE,R3,OPCOM SAS
OPCOM SAS-R3-PDV-COM,COMERCIAL,AGENTES COMERCIALES,COM-PDV,R3 REGION OCCIDENTE-PDV,R3,OPCOM SAS
OPERCEL-R5-CADENAS,COMERCIAL,RETAIL,COM-CADENAS,R5 REGION ORIENTE-CADENAS,R5,OPERCEL
OSCARCELL S.M-R2-CADENAS,COMERCIAL,RETAIL,COM-CADENAS,R2 REGION NOROCCIDENTE-CADENAS,R2,OSCARCELL S.M
OVAL-CELL-R2-CADENAS,COMERCIAL,RETAIL,COM-CADENAS,R2 REGION NOROCCIDENTE-CADENAS,R2,OVAL
PANAMERICANA-R1-CADENAS,COMERCIAL,RETAIL,COM-CADENAS,R1 REGION COSTA-CADENAS,R1,PANAMERICANA
PANAMERICANA-R2-CADENAS,COMERCIAL,RETAIL,COM-CADENAS,R2 REGION NOROCCIDENTE-CADENAS,R2,PANAMERICANA
PANAMERICANA-R3-CADENAS,COMERCIAL,RETAIL,COM-CADENAS,R3 REGION OCCIDENTE-CADENAS,R3,PANAMERICANA
PANAMERICANA-R4-CADENAS,COMERCIAL,RETAIL,COM-CADENAS,R4 REGION CENTRO-CADENAS,R4,PANAMERICANA
PANAMERICANA-R5-CADENAS,COMERCIAL,RETAIL,COM-CADENAS,R5 REGION ORIENTE-CADENAS,R5,PANAMERICANA
PEDRO ALFONSO GALVIS RINCON (SAMSUNG TIME 27)-R4-CADENAS,COMERCIAL,RETAIL,COM-CADENAS,R4 REGION CENTRO-CADENAS,R4,PEDRO ALFONSO GALVIS RINCON (SAMSUNG TIME 27)
PHONEMOVIL-CALLE-R3-COM,COMERCIAL,AGENTES COMERCIALES,COM-CALLE,R3 REGION OCCIDENTE-CALLE,R3,PHONEMOVIL
PHONEMOVIL-R3-PDV-COM,COMERCIAL,AGENTES COMERCIALES,COM-PDV,R3 REGION OCCIDENTE-PDV,R3,PHONEMOVIL
PLIEGUES Y EMPAQUES-R5-CADENAS,COMERCIAL,RETAIL,COM-CADENAS,R5 REGION ORIENTE-CADENAS,R5,PLIEGUES Y EMPAQUES
PLUG CONECTION-CALLE-R1-COM,COMERCIAL,AGENTES COMERCIALES,COM-CALLE,R1 REGION COSTA-CALLE,R1,PLUG CONECTION
PLUG CONECTION-CALLE-R2-COM,COMERCIAL,AGENTES COMERCIALES,COM-CALLE,R2 REGION NOROCCIDENTE-CALLE,R2,PLUG CONECTION
PLUG CONECTION-CALLE-R3-COM,COMERCIAL,AGENTES COMERCIALES,COM-CALLE,R3 REGION OCCIDENTE-CALLE,R3,PLUG CONECTION
PLUG CONECTION-CALLE-R4-COM,COMERCIAL,AGENTES COMERCIALES,COM-CALLE,R4 REGION CENTRO-CALLE,R4,PLUG CONECTION
PLUG CONECTION-CALLE-R5-COM,COMERCIAL,AGENTES COMERCIALES,COM-CALLE,R5 REGION ORIENTE-CALLE,R5,PLUG CONECTION
PLUG CONECTION-PDV-R1-COM,COMERCIAL,AGENTES COMERCIALES,COM-PDV,R1 REGION COSTA-PDV,R1,PLUG CONECTION
PLUG CONECTION-PDV-R2-COM,COMERCIAL,AGENTES COMERCIALES,COM-PDV,R2 REGION NOROCCIDENTE-PDV,R2,PLUG CONECTION
PLUG CONECTION-R1-CADENAS,COMERCIAL,RETAIL,COM-CADENAS,R1 REGION COSTA-CADENAS,R1,PLUG CONECTION
PLUG CONECTION-R1-ISLAS,COMERCIAL,RETAIL,COM-ISLAS,R1 REGION COSTA-ISLAS,R1,PLUG CONECTION
PLUG CONECTION-R1-TAT,COMERCIAL,PREPAGO,COM-TAT,R1 REGION COSTA-TAT,R1,PLUG CONECTION
PLUG CONECTION-R2-CADENAS,COMERCIAL,RETAIL,COM-CADENAS,R2 REGION NOROCCIDENTE-CADENAS,R2,PLUG CONECTION
PLUG CONECTION-R2-ISLAS,COMERCIAL,RETAIL,COM-ISLAS,R2 REGION NOROCCIDENTE-ISLAS,R2,PLUG CONECTION
PLUG CONECTION-R2-TAT,COMERCIAL,PREPAGO,COM-TAT,R2 REGION NOROCCIDENTE-TAT,R2,PLUG CONECTION
PLUG CONECTION-R3-CADENAS,COMERCIAL,RETAIL,COM-CADENAS,R3 REGION OCCIDENTE-CADENAS,R3,PLUG CONECTION
PLUG CONECTION-R3-ISLAS,COMERCIAL,RETAIL,COM-ISLAS,R3 REGION OCCIDENTE-ISLAS,R3,PLUG CONECTION
PLUG CONECTION-R3-PDV-COM,COMERCIAL,AGENTES COMERCIALES,COM-PDV,R3 REGION OCCIDENTE-PDV,R3,PLUG CONECTION
PLUG CONECTION-R3-TAT,COMERCIAL,PREPAGO,COM-TAT,R3 REGION OCCIDENTE-TAT,R3,PLUG CONECTION
PLUG CONECTION-R4-CADENAS,COMERCIAL,RETAIL,COM-CADENAS,R4 REGION CENTRO-CADENAS,R4,PLUG CONECTION
PLUG CONECTION-R4-ISLAS,COMERCIAL,RETAIL,COM-ISLAS,R4 REGION CENTRO-ISLAS,R4,PLUG CONECTION
PLUG CONECTION-R4-PDV-COM,COMERCIAL,AGENTES COMERCIALES,COM-PDV,R4 REGION CENTRO-PDV,R4,PLUG CONECTION
PLUG CONECTION-R4-TAT,COMERCIAL,PREPAGO,COM-TAT,R4 REGION CENTRO-TAT,R4,PLUG CONECTION
PLUG CONECTION-R5-CADENAS,COMERCIAL,RETAIL,COM-CADENAS,R5 REGION ORIENTE-CADENAS,R5,PLUG CONECTION
PLUG CONECTION-R5-ISLAS,COMERCIAL,RETAIL,COM-ISLAS,R5 REGION ORIENTE-ISLAS,R5,PLUG CONECTION
PLUG CONECTION-R5-PDV-COM,COMERCIAL,AGENTES COMERCIALES,COM-PDV,R5 REGION ORIENTE-PDV,R5,PLUG CONECTION
PLUG CONECTION-R5-TAT,COMERCIAL,PREPAGO,COM-TAT,R5 REGION ORIENTE-TAT,R5,PLUG CONECTION
POSGIR SAS-R5-PDV-COM,COMERCIAL,AGENTES COMERCIALES,COM-PDV,R5 REGION ORIENTE-PDV,R5,POSGIR SAS
PRICESMART-R1-CADENAS,COMERCIAL,RETAIL,COM-CADENAS,R1 REGION COSTA-CADENAS,R1,PRICESMART
PRICESMART-R2-CADENAS,COMERCIAL,RETAIL,COM-CADENAS,R2 REGION NOROCCIDENTE-CADENAS,R2,PRICESMART
PRICESMART-R3-CADENAS,COMERCIAL,RETAIL,COM-CADENAS,R3 REGION OCCIDENTE-CADENAS,R3,PRICESMART
PRICESMART-R4-CADENAS,COMERCIAL,RETAIL,COM-CADENAS,R4 REGION CENTRO-CADENAS,R4,PRICESMART
PRICESMART-R5-CADENAS,COMERCIAL,RETAIL,COM-CADENAS,R5 REGION ORIENTE-CADENAS,R5,PRICESMART
PROMOSMART SAS-R5-PDV-COM,COMERCIAL,AGENTES COMERCIALES,COM-PDV,R5 REGION ORIENTE-PDV,R5,PROMOSMART SAS
PUNTO CLARO AL-R4-CADENAS,COMERCIAL,RETAIL,COM-CADENAS,R4 REGION CENTRO-CADENAS,R4,PUNTO CLARO AL
QUICENO Y GARZON-R2-PDV-COM,COMERCIAL,AGENTES COMERCIALES,COM-PDV,R2 REGION NOROCCIDENTE-PDV,R2,QUICENO Y GARZON
QUICENO Y GARZON-R2-TAT,COMERCIAL,PREPAGO,COM-TAT,R2 REGION NOROCCIDENTE-TAT,R2,QUICENO Y GARZON
RECOVERY MOBILE-R2-CADENAS,COMERCIAL,RETAIL,COM-CADENAS,R2 REGION NOROCCIDENTE-CADENAS,R2,RECOVERY MOBILE
RED CLARO-R5-PDV-COM,COMERCIAL,AGENTES COMERCIALES,COM-PDV,R5 REGION ORIENTE-PDV,R5,RED CLARO
RED COMUNICA SAS-CALLE-R1-COM,COMERCIAL,AGENTES COMERCIALES,COM-CALLE,R1 REGION COSTA-CALLE,R1,RED COMUNICA SAS
RED DE TECNOLOGÍA - REDITEC-R2-CADENAS,COMERCIAL,RETAIL,COM-CADENAS,R2 REGION NOROCCIDENTE-CADENAS,R2,RED DE TECNOLOGÍA 
REYCO BOGOTA-JAIRO MACHADO-MOVIL MIGRACION-R4,TMK,JAIRO MACHADO,TMK-JAIRO MACHADO-MOVIL MIGRACION,R4 REGION CENTRO-JAIRO MACHADO-MOVIL MIGRACION,R4,REYCO BOGOTA
REYCO BOGOTA-JAIRO MACHADO-MOVIL PORTABILIDAD-R4,TMK,JAIRO MACHADO,TMK-JAIRO MACHADO-MOVIL PORTABILIDAD,R4 REGION CENTRO-JAIRO MACHADO-MOVIL PORTABILIDAD,R4,REYCO BOGOTA
RHANDOM SAS-CALLE-R3-COM,COMERCIAL,AGENTES COMERCIALES,COM-CALLE,R3 REGION OCCIDENTE-CALLE,R3,RHANDOM SAS
RHANDOM SAS-CALLE-R4-COM,COMERCIAL,AGENTES COMERCIALES,COM-CALLE,R4 REGION CENTRO-CALLE,R4,RHANDOM SAS
RHANDOM SAS-CALLE-R5-COM,COMERCIAL,AGENTES COMERCIALES,COM-CALLE,R5 REGION ORIENTE-CALLE,R5,RHANDOM SAS
RHANDOM SAS-R4-PDV-COM,COMERCIAL,AGENTES COMERCIALES,COM-PDV,R4 REGION CENTRO-PDV,R4,RHANDOM SAS
RIO COMUNICACIONES PUERTO BERRIO-R2-PDV-COM,COMERCIAL,AGENTES COMERCIALES,COM-PDV,R2 REGION NOROCCIDENTE-PDV,R2,RIO COMUNICACIONES PUERTO BERRIO
RIO STAR COMUNICACIONES SAS-CALLE-R1-COM,COMERCIAL,AGENTES COMERCIALES,COM-CALLE,R1 REGION COSTA-CALLE,R1,RIO STAR COMUNICACIONES SAS
ROBER EMIRO ANAYA SIERRA (GSMMOVILRAS2012)-R5-CADENAS,COMERCIAL,RETAIL,COM-CADENAS,R5 REGION ORIENTE-CADENAS,R5,ROBER EMIRO ANAYA SIERRA (GSMMOVILRAS2012)
ROMEROS COMUNICACIONES-CALLE-R3-COM,COMERCIAL,AGENTES COMERCIALES,COM-CALLE,R3 REGION OCCIDENTE-CALLE,R3,ROMEROS COMUNICACIONES
ROMEROS COMUNICACIONES-R3-PDV-COM,COMERCIAL,AGENTES COMERCIALES,COM-PDV,R3 REGION OCCIDENTE-PDV,R3,ROMEROS COMUNICACIONES
RYL TELECOMUNICACIONES-CALLE-R1-COM,COMERCIAL,AGENTES COMERCIALES,COM-CALLE,R1 REGION COSTA-CALLE,R1,RYL TELECOMUNICACIONES
RYL TELECOMUNICACIONES-PDV-R1-COM,COMERCIAL,AGENTES COMERCIALES,COM-PDV,R1 REGION COSTA-PDV,R1,RYL TELECOMUNICACIONES
SAID ANDRES APARICIO LOBO-R5-CADENAS,COMERCIAL,RETAIL,COM-CADENAS,R5 REGION ORIENTE-CADENAS,R5,SAID ANDRES APARICIO LOBO
SANDRA PATRICIA OSPINA PINEDA-R5-CADENAS,COMERCIAL,RETAIL,COM-CADENAS,R5 REGION ORIENTE-CADENAS,R5,SANDRA PATRICIA OSPINA PINEDA
SED INTERNATIONAL DE COLOMBIA-R5-CADENAS,COMERCIAL,RETAIL,COM-CADENAS,R5 REGION ORIENTE-CADENAS,R5,SED INTERNATIONAL DE COLOMBIA
SER COMUNICACIONES-CALLE-R2-COM,COMERCIAL,AGENTES COMERCIALES,COM-CALLE,R2 REGION NOROCCIDENTE-CALLE,R2,SER COMUNICACIONES
SER COMUNICACIONES-R2-PDV-COM,COMERCIAL,AGENTES COMERCIALES,COM-PDV,R2 REGION NOROCCIDENTE-PDV,R2,SER COMUNICACIONES
SER COMUNICACIONES-R2-TAT,COMERCIAL,PREPAGO,COM-TAT,R2 REGION NOROCCIDENTE-TAT,R2,SER COMUNICACIONES
SERVICIO TECNOLOGIA Y COMUNICAC-R5-PDV-COM,COMERCIAL,AGENTES COMERCIALES,COM-PDV,R5 REGION ORIENTE-PDV,R5,SERVICIO TECNOLOGIA Y COMUNICAC
SERVITEC-R4-CADENAS,COMERCIAL,RETAIL,COM-CADENAS,R4 REGION CENTRO-CADENAS,R4,SERVITEC
SERVITELCS SAS-R4-PDV-COM,COMERCIAL,AGENTES COMERCIALES,COM-PDV,R4 REGION CENTRO-PDV,R4,SERVITELCS SAS
SIERVO MARTINEZ QUIROGA-R5-CADENAS,COMERCIAL,RETAIL,COM-CADENAS,R5 REGION ORIENTE-CADENAS,R5,SIERVO MARTINEZ QUIROGA
SINGULARCOM-R4-PDV-COM,COMERCIAL,AGENTES COMERCIALES,COM-PDV,R4 REGION CENTRO-PDV,R4,SINGULARCOM
SINGULARCOM-R5-PDV-COM,COMERCIAL,AGENTES COMERCIALES,COM-PDV,R5 REGION ORIENTE-PDV,R5,SINGULARCOM
SMART LATINOAMERICA SAS-R1-CADENAS,COMERCIAL,RETAIL,COM-CADENAS,R1 REGION COSTA-CADENAS,R1,SMART LATINOAMERICA SAS
SMART LATINOAMERICA SAS-R2-CADENAS,COMERCIAL,RETAIL,COM-CADENAS,R2 REGION NOROCCIDENTE-CADENAS,R2,SMART LATINOAMERICA SAS
SMART LATINOAMERICA SAS-R3-CADENAS,COMERCIAL,RETAIL,COM-CADENAS,R3 REGION OCCIDENTE-CADENAS,R3,SMART LATINOAMERICA SAS
SMART LATINOAMERICA SAS-R5-CADENAS,COMERCIAL,RETAIL,COM-CADENAS,R5 REGION ORIENTE-CADENAS,R5,SMART LATINOAMERICA SAS
SMART PHONE SAS-R3-PDV-COM,COMERCIAL,AGENTES COMERCIALES,COM-PDV,R3 REGION OCCIDENTE-PDV,R3,SMART PHONE SAS
SMARTMOBILE SAS-R4-PDV-COM,COMERCIAL,AGENTES COMERCIALES,COM-PDV,R4 REGION CENTRO-PDV,R4,SMARTMOBILE SAS
SODAGI SAS-R1-CADENAS,COMERCIAL,RETAIL,COM-CADENAS,R1 REGION COSTA-CADENAS,R1,SODAGI SAS
SOLUCIONES ENCOMUNICACIONES JJL-CALLE-R1-COM,COMERCIAL,AGENTES COMERCIALES,COM-CALLE,R1 REGION COSTA-CALLE,R1,SOLUCIONES ENCOMUNICACIONES JJL
SOLUCIONES INTELIGENTES PUNTOFACIL-R5-CADENAS,COMERCIAL,RETAIL,COM-CADENAS,R5 REGION ORIENTE-CADENAS,R5,SOLUCIONES INTELIGENTES PUNTOFACIL
SOLUCIONES MOVILESRIO SAS-CALLE-R3-COM,COMERCIAL,AGENTES COMERCIALES,COM-CALLE,R3 REGION OCCIDENTE-CALLE,R3,SOLUCIONES MOVILESRIO SAS
SOLUCIONES MOVILESRIO SAS-R3-PDV-COM,COMERCIAL,AGENTES COMERCIALES,COM-PDV,R3 REGION OCCIDENTE-PDV,R3,SOLUCIONES MOVILESRIO SAS
SOLUCIONES TMC-R5-PDV-COM,COMERCIAL,AGENTES COMERCIALES,COM-PDV,R5 REGION ORIENTE-PDV,R5,SOLUCIONES TMC
SOLUMOVIL DEL CARIBE SAS-CALLE-R1-COM,COMERCIAL,AGENTES COMERCIALES,COM-CALLE,R1 REGION COSTA-CALLE,R1,SOLUMOVIL DEL CARIBE SAS
SOLUMOVIL DEL CARIBE SAS-PDV-R1-COM,COMERCIAL,AGENTES COMERCIALES,COM-PDV,R1 REGION COSTA-PDV,R1,SOLUMOVIL DEL CARIBE SAS
SOLVENCIA COLOMBIA SAS,TMK,JENNIFER ARIAS,TMK-JENNIFER ARIAS-HOGAR,R2 - REGION NOROCCIDENTE-TMK,R2,SOLVENCIA COLOMBIA SAS
SOTECK EMPRENDIENDO JUNTOS-R2-CADENAS,COMERCIAL,RETAIL,COM-CADENAS,R2 REGION NOROCCIDENTE-CADENAS,R2,SOTECK EMPRENDIENDO JUNTOS
SOTO Y OSORNO SAS-R4-PDV-COM,COMERCIAL,AGENTES COMERCIALES,COM-PDV,R4 REGION CENTRO-PDV,R4,SOTO Y OSORNO SAS
SOUL CENTRO DE TECNOLOGIA SAS-CALLE-R5-COM,COMERCIAL,AGENTES COMERCIALES,COM-CALLE,R5 REGION ORIENTE-CALLE,R5,SOUL CENTRO DE TECNOLOGIA SAS
SOUL CENTRO DE TECNOLOGIA SAS-R1-TAT,COMERCIAL,PREPAGO,COM-TAT,R1 REGION COSTA-TAT,R1,SOUL CENTRO DE TECNOLOGIA SAS
SOUL CENTRO DE TECNOLOGIA SAS-R5-PDV-COM,COMERCIAL,AGENTES COMERCIALES,COM-PDV,R5 REGION ORIENTE-PDV,R5,SOUL CENTRO DE TECNOLOGIA SAS
SOUL CENTRO DE TECNOLOGIA SAS-R5-TAT,COMERCIAL,PREPAGO,COM-TAT,R5 REGION ORIENTE-TAT,R5,SOUL CENTRO DE TECNOLOGIA SAS
SOUL CENTRO DE TECNOLOGIA-R5-PDV-COM,COMERCIAL,AGENTES COMERCIALES,COM-PDV,R5 REGION ORIENTE-PDV,R5,SOUL CENTRO DE TECNOLOGIA SAS
SPC COMERCIAL SAS-R4-PDV-COM,COMERCIAL,AGENTES COMERCIALES,COM-PDV,R4 REGION CENTRO-PDV,R4,SPC COMERCIAL SAS
STAR CELL 5 SAS-CALLE-R3-COM,COMERCIAL,AGENTES COMERCIALES,COM-CALLE,R3 REGION OCCIDENTE-CALLE,R3,STAR CELL 5 SAS
STAR CELL 5 SAS-R3-PDV-COM,COMERCIAL,AGENTES COMERCIALES,COM-PDV,R3 REGION OCCIDENTE-PDV,R3,STAR CELL 5 SAS
STAR CELL 5-R3-PDV-COM,COMERCIAL,AGENTES COMERCIALES,COM-PDV,R3 REGION OCCIDENTE-PDV,R3,STAR CELL 5 SAS
STARCELL BARCELONA-R2-CADENAS,COMERCIAL,RETAIL,COM-CADENAS,R2 REGION NOROCCIDENTE-CADENAS,R2,STAR CELL 5 SAS
STARCELL-R2-PDV-COM,COMERCIAL,AGENTES COMERCIALES,COM-PDV,R2 REGION NOROCCIDENTE-PDV,R2,STAR CELL 5 SAS
SUPERCEL EU-CALLE-R1-COM,COMERCIAL,AGENTES COMERCIALES,COM-CALLE,R1 REGION COSTA-CALLE,R1,SUPERCEL EU
SUPERCEL EU-PDV-R1-COM,COMERCIAL,AGENTES COMERCIALES,COM-PDV,R1 REGION COSTA-PDV,R1,SUPERCEL EU
SUPERMARTEC-R4-CADENAS,COMERCIAL,RETAIL,COM-CADENAS,R4 REGION CENTRO-CADENAS,R4,SUPERMARTEC
SUPERMERCADOS MERCACENTRO-R3-CADENAS,COMERCIAL,RETAIL,COM-CADENAS,R3 REGION OCCIDENTE-CADENAS,R3,SUPERMERCADOS MERCACENTRO
SUPERTIENDAS CAÑAVERAL-R3-CADENAS,COMERCIAL,RETAIL,COM-CADENAS,R3 REGION OCCIDENTE-CADENAS,R3,SUPERTIENDAS CAÑAVERAL
SURTICELL DJ-R1-CADENAS,COMERCIAL,RETAIL,COM-CADENAS,R1 REGION COSTA-CADENAS,R1,SURTICELL DJ
SURTIFAMILIAR-R3-CADENAS,COMERCIAL,RETAIL,COM-CADENAS,R3 REGION OCCIDENTE-CADENAS,R3,SURTIFAMILIAR
SURTIPLAZA-R3-CADENAS,COMERCIAL,RETAIL,COM-CADENAS,R3 REGION OCCIDENTE-CADENAS,R3,SURTIPLAZA
SURYTEL-R3-PDV-COM,COMERCIAL,AGENTES COMERCIALES,COM-PDV,R3 REGION OCCIDENTE-PDV,R3,SURYTEL
TEAM COMUNICACIONES-CALLE-R2-COM,COMERCIAL,AGENTES COMERCIALES,COM-CALLE,R2 REGION NOROCCIDENTE-CALLE,R2,TEAM COMUNICACIONES
TEAM COMUNICACIONES-CALLE-R3-COM,COMERCIAL,AGENTES COMERCIALES,COM-CALLE,R3 REGION OCCIDENTE-CALLE,R3,TEAM COMUNICACIONES
TEAM COMUNICACIONES-CALLE-R4-COM,COMERCIAL,AGENTES COMERCIALES,COM-CALLE,R4 REGION CENTRO-CALLE,R4,TEAM COMUNICACIONES
TEAM COMUNICACIONES-CALLE-R5-COM,COMERCIAL,AGENTES COMERCIALES,COM-CALLE,R5 REGION ORIENTE-CALLE,R5,TEAM COMUNICACIONES
TEAM COMUNICACIONES-R2-PDV-COM,COMERCIAL,AGENTES COMERCIALES,COM-PDV,R2 REGION NOROCCIDENTE-PDV,R2,TEAM COMUNICACIONES
TEAM COMUNICACIONES-R2-TAT,COMERCIAL,PREPAGO,COM-TAT,R2 REGION NOROCCIDENTE-TAT,R2,TEAM COMUNICACIONES
TEAM COMUNICACIONES-R3-PDV-COM,COMERCIAL,AGENTES COMERCIALES,COM-PDV,R3 REGION OCCIDENTE-PDV,R3,TEAM COMUNICACIONES
TEAM COMUNICACIONES-R4-PDV-COM,COMERCIAL,AGENTES COMERCIALES,COM-PDV,R4 REGION CENTRO-PDV,R4,TEAM COMUNICACIONES
TEAM COMUNICACIONES-R4-TAT,COMERCIAL,PREPAGO,COM-TAT,R4 REGION CENTRO-TAT,R4,TEAM COMUNICACIONES
TEAM COMUNICACIONES-R5-PDV-COM,COMERCIAL,AGENTES COMERCIALES,COM-PDV,R5 REGION ORIENTE-PDV,R5,TEAM COMUNICACIONES
TECHNO FENIX-R3-CADENAS,COMERCIAL,RETAIL,COM-CADENAS,R3 REGION OCCIDENTE-CADENAS,R3,TECHNO FENIX
TECHNOCELL STORE-R5-CADENAS,COMERCIAL,RETAIL,COM-CADENAS,R5 REGION ORIENTE-CADENAS,R5,TECHNOCELL STORE
TECMOVIL GH SAS-CALLE-R3-COM,COMERCIAL,AGENTES COMERCIALES,COM-CALLE,R3 REGION OCCIDENTE-CALLE,R3,TECMOVIL GH SAS
TECMOVIL GH SAS-R3-PDV-COM,COMERCIAL,AGENTES COMERCIALES,COM-PDV,R3 REGION OCCIDENTE-PDV,R3,TECMOVIL GH SAS
TECNIMOVIL ANGELA-R3-CADENAS,COMERCIAL,RETAIL,COM-CADENAS,R3 REGION OCCIDENTE-CADENAS,R3,TECNIMOVIL ANGELA
TECNOCENTER DS SAS-CALLE-R2-COM,COMERCIAL,AGENTES COMERCIALES,COM-CALLE,R2 REGION NOROCCIDENTE-CALLE,R2,TECNOCENTER DS SAS
TECPHONE-CALLE-R4-COM,COMERCIAL,AGENTES COMERCIALES,COM-CALLE,R4 REGION CENTRO-CALLE,R4,TECPHONE
TECPHONE-CALLE-R5-COM,COMERCIAL,AGENTES COMERCIALES,COM-CALLE,R5 REGION ORIENTE-CALLE,R5,TECPHONE
TECPHONE-R4-PDV-COM,COMERCIAL,AGENTES COMERCIALES,COM-PDV,R4 REGION CENTRO-PDV,R4,TECPHONE
TECPHONE-R5-PDV-COM,COMERCIAL,AGENTES COMERCIALES,COM-PDV,R5 REGION ORIENTE-PDV,R5,TECPHONE
TELECEL LORICA-CALLE-R1-COM,COMERCIAL,AGENTES COMERCIALES,COM-CALLE,R1 REGION COSTA-CALLE,R1,TELECEL LORICA
TELECEL LORICA-PDV-R1-COM,COMERCIAL,AGENTES COMERCIALES,COM-PDV,R1 REGION COSTA-PDV,R1,TELECEL LORICA
TELNORTE SAS-R5-PDV-COM,COMERCIAL,AGENTES COMERCIALES,COM-PDV,R5 REGION ORIENTE-PDV,R5,TELNORTE SAS
TEYTEL SAS-CALLE-R5-COM,COMERCIAL,AGENTES COMERCIALES,COM-CALLE,R5 REGION ORIENTE-CALLE,R5,TEYTEL
TEYTEL SAS-R5-PDV-COM,COMERCIAL,AGENTES COMERCIALES,COM-PDV,R5 REGION ORIENTE-PDV,R5,TEYTEL
TEYTEL-JAIRO MACHADO-MOVIL MIGRACION-R5,TMK,JAIRO MACHADO,TMK-JAIRO MACHADO-MOVIL MIGRACION,R5 REGION ORIENTE-JAIRO MACHADO-MOVIL MIGRACION,R5,TEYTEL
TEYTEL-JAIRO MACHADO-MOVIL PORTABILIDAD-R5,TMK,JAIRO MACHADO,TMK-JAIRO MACHADO-MOVIL PORTABILIDAD,R5 REGION ORIENTE-JAIRO MACHADO-MOVIL PORTABILIDAD,R5,TEYTEL
TEYTEL-JENNIFER ARIAS-HOGAR-R5,TMK,JENNIFER ARIAS,TMK-JENNIFER ARIAS-HOGAR,R5 REGION ORIENTE-JENNIFER ARIAS-HOGAR,R5,TEYTEL
TEYTEL-RUSSI CARDENAS GIANCARLO-T&T-R1,TMK,JEAN CARLO RUSSI,TMK-T&T,R1 REGION COSTA-T&T,R1,TEYTEL
TEYTEL-RUSSI CARDENAS GIANCARLO-T&T-R2,TMK,JEAN CARLO RUSSI,TMK-T&T,R2 REGION NOROCCIDENTE-T&T,R2,TEYTEL
TEYTEL-RUSSI CARDENAS GIANCARLO-T&T-R3,TMK,JEAN CARLO RUSSI,TMK-T&T,R3 REGION OCCIDENTE-T&T,R3,TEYTEL
TEYTEL-RUSSI CARDENAS GIANCARLO-T&T-R4,TMK,JEAN CARLO RUSSI,TMK-T&T,R4 REGION CENTRO-T&T,R4,TEYTEL
TEYTEL-RUSSI CARDENAS GIANCARLO-T&T-R5,TMK,JEAN CARLO RUSSI,TMK-T&T,R5 REGION ORIENTE-T&T,R5,TEYTEL
TIC BARRANQUILLA-JAIRO MACHADO-MOVIL MIGRACION-R1,TMK,JAIRO MACHADO,TMK-JAIRO MACHADO-MOVIL MIGRACION,R1 REGION COSTA-JAIRO MACHADO-MOVIL MIGRACION,R1,TIC BARRANQUILLA
TIC BARRANQUILLA-JAIRO MACHADO-MOVIL PORTABILIDAD-R1,TMK,JAIRO MACHADO,TMK-JAIRO MACHADO-MOVIL PORTABILIDAD,R1 REGION COSTA-JAIRO MACHADO-MOVIL PORTABILIDAD,R1,TIC BARRANQUILLA
TIC BARRANQUILLA-JENNIFER ARIAS-HOGAR-R1,TMK,JENNIFER ARIAS,TMK-JENNIFER ARIAS-HOGAR,R1 REGION COSTA-JENNIFER ARIAS-HOGAR,R1,TIC BARRANQUILLA
TIENDA BARRANQUILLA MALL PLAZA,CAV,GERENCIA CAV,MANUEL SALVADOR PEREZ CAICEDO-R1,R1 - REGION COSTA-CAV,R1,TIENDA BARRANQUILLA MALL PLAZA
TIENDA BOGOTÁ ANDINO,CAV,GERENCIA CAV,CONSTANZA ARDILA CRUZ-R4,R4 - REGION CENTRO-CAV,R4,TIENDA BOGOTÁ ANDINO
TIENDA BOGOTÁ CLARO TECH PLAZA CLARO,CAV,GERENCIA CAV,CONSTANZA ARDILA CRUZ-R4,R4 - REGION CENTRO-CAV,R4,TIENDA BOGOTÁ CLARO TECH PLAZA CLARO
TIENDA BOGOTÁ COLINA,CAV,GERENCIA CAV,CONSTANZA ARDILA CRUZ-R4,R4 - REGION CENTRO-CAV,R4,TIENDA BOGOTÁ COLINA
TIENDA BOGOTÁ ENSUEÑO,CAV,GERENCIA CAV,CONSTANZA ARDILA CRUZ-R4,R4 - REGION CENTRO-CAV,R4,TIENDA BOGOTÁ ENSUEÑO
TIENDA BOGOTÁ GRAN ESTACIÓN,CAV,GERENCIA CAV,CONSTANZA ARDILA CRUZ-R4,R4 - REGION CENTRO-CAV,R4,TIENDA BOGOTÁ GRAN ESTACIÓN
TIENDA BOGOTÁ GRAN PLAZA BOSA,CAV,GERENCIA CAV,CONSTANZA ARDILA CRUZ-R4,R4 - REGION CENTRO-CAV,R4,TIENDA BOGOTÁ GRAN PLAZA BOSA
TIENDA BOGOTÁ HAYUELOS,CAV,GERENCIA CAV,CONSTANZA ARDILA CRUZ-R4,R4 - REGION CENTRO-CAV,R4,TIENDA BOGOTÁ HAYUELOS
TIENDA BOGOTÁ PORTAL 80,CAV,GERENCIA CAV,CONSTANZA ARDILA CRUZ-R4,R4 - REGION CENTRO-CAV,R4,TIENDA BOGOTÁ PORTAL 80
TIENDA CARTAGENA CARIBE PLAZA,CAV,GERENCIA CAV,MANUEL SALVADOR PEREZ CAICEDO-R1,R1 - REGION COSTA-CAV,R1,TIENDA CARTAGENA CARIBE PLAZA
TIENDA CARTAGENA MALL PLAZA,CAV,GERENCIA CAV,MANUEL SALVADOR PEREZ CAICEDO-R1,R1 - REGION COSTA-CAV,R1,TIENDA CARTAGENA MALL PLAZA
TIENDA MANIZALES,CAV,GERENCIA CAV,GERENTE REGIONAL - R2,R2 - REGION NOROCCIDENTE-CAV,R2,TIENDA MANIZALES
TIENDA PASTO,CAV,GERENCIA CAV,TATIANA CORREA PELAEZ-R3,R3 - REGION OCCIDENTE-CAV,R3,TIENDA PASTO
TIENDA PEREIRA ARBOLEDA,CAV,GERENCIA CAV,GERENTE REGIONAL - R2,R2 - REGION NOROCCIDENTE-CAV,R2,TIENDA PEREIRA ARBOLEDA
TIENDA SANTA MARTA,CAV,GERENCIA CAV,MANUEL SALVADOR PEREZ CAICEDO-R1,R1 - REGION COSTA-CAV,R1,TIENDA SANTA MARTA
TIENDA SOACHA VENTURA,CAV,GERENCIA CAV,CONSTANZA ARDILA CRUZ-R4,R4 - REGION CENTRO-CAV,R4,TIENDA SOACHA VENTURA
TTS CC MERCURIO BOGOTA-R4-ISLAS,COMERCIAL,RETAIL,COM-ISLAS,R4 REGION CENTRO-ISLAS,R4,TTS CC MERCURIO BOGOTA
TTS CC PLAZA IMPERIAL-R4-ISLAS,COMERCIAL,RETAIL,COM-ISLAS,R4 REGION CENTRO-ISLAS,R4,TTS CC PLAZA IMPERIAL
UNIDATOS DE COLOMBIA SAS-R5-CADENAS,COMERCIAL,RETAIL,COM-CADENAS,R5 REGION ORIENTE-CADENAS,R5,UNIDATOS DE COLOMBIA SAS
UNO 27 MANIZALES-JAIRO MACHADO-MOVIL MIGRACION-R3,TMK,JAIRO MACHADO,TMK-JAIRO MACHADO-MOVIL MIGRACION,R3 REGION OCCIDENTE-JAIRO MACHADO-MOVIL MIGRACION,R3,ABAI UNO 27
UNO 27 MANIZALES-JAIRO MACHADO-MOVIL PORTABILIDAD-R3,TMK,JAIRO MACHADO,TMK-JAIRO MACHADO-MOVIL PORTABILIDAD,R3 REGION OCCIDENTE-JAIRO MACHADO-MOVIL PORTABILIDAD,R3,ABAI UNO 27
UNO 27 MANIZALES-JENNIFER ARIAS-HOGAR-R3,TMK,JENNIFER ARIAS,TMK-JENNIFER ARIAS-HOGAR,R3 REGION OCCIDENTE-JENNIFER ARIAS-HOGAR,R3,ABAI UNO 27
UNO 27 PEREIRA-JAIRO MACHADO-MOVIL MIGRACION-R2,TMK,JAIRO MACHADO,TMK-JAIRO MACHADO-MOVIL MIGRACION,R2 REGION NOROCCIDENTE-JAIRO MACHADO-MOVIL MIGRACION,R2,ABAI UNO 27
VECTOR BOGOTA-JENNIFER ARIAS-HOGAR-R4,TMK,JENNIFER ARIAS,TMK-JENNIFER ARIAS-HOGAR,R4 REGION CENTRO-JENNIFER ARIAS-HOGAR,R4,VECTOR BOGOTA
VIP COMUNICACIONES-R4-PDV-COM,COMERCIAL,AGENTES COMERCIALES,COM-PDV,R4 REGION CENTRO-PDV,R4,VIP COMUNICACIONES
VIRTUAL TECNOLOGY CELL-R2-CADENAS,COMERCIAL,RETAIL,COM-CADENAS,R2 REGION NOROCCIDENTE-CADENAS,R2,VIRTUAL TECNOLOGY CELL
WAP COMUNICACIONES SAS-R3-PDV-COM,COMERCIAL,AGENTES COMERCIALES,COM-PDV,R3 REGION OCCIDENTE-PDV,R3,WAP COMUNICACIONES SAS
WEYLI MONTENEGRO FONSECA-R5-CADENAS,COMERCIAL,RETAIL,COM-CADENAS,R5 REGION ORIENTE-CADENAS,R5,WEYLI MONTENEGRO FONSECA
WINCELL LOS ROBLES-PDV-R1-COM,COMERCIAL,AGENTES COMERCIALES,COM-PDV,R1 REGION COSTA-PDV,R1,WINCELL LOS ROBLES
XCLUSIVE TECHNOLOGY-R4-CADENAS,COMERCIAL,RETAIL,COM-CADENAS,R4 REGION CENTRO-CADENAS,R4,XCLUSIVE TECHNOLOGY
YAMID NARVAEZ CONDE-R3-CADENAS,COMERCIAL,RETAIL,COM-CADENAS,R3 REGION OCCIDENTE-CADENAS,R3,YAMID NARVAEZ CONDE
ZENIX SAS-CALLE-R3-COM,COMERCIAL,AGENTES COMERCIALES,COM-CALLE,R3 REGION OCCIDENTE-CALLE,R3,ZENIX SAS
ZENIX SAS-CALLE-R4-COM,COMERCIAL,AGENTES COMERCIALES,COM-CALLE,R4 REGION CENTRO-CALLE,R4,ZENIX SAS
ZENIX SAS-R3-PDV-COM,COMERCIAL,AGENTES COMERCIALES,COM-PDV,R3 REGION OCCIDENTE-PDV,R3,ZENIX SAS
ZENIX SAS-R4-PDV-COM,COMERCIAL,AGENTES COMERCIALES,COM-PDV,R4 REGION CENTRO-PDV,R4,ZENIX SAS
100% COMUNIEFICAZ SAS-R4-PDV-COM,COMERCIAL,AGENTES COMERCIALES,COM-PDV,R4 REGION CENTRO-PDV,R4,100% COMUNIEFICAZ SAS
100% COMUNIEFICAZ SAS-R4-TAT,COMERCIAL,PREPAGO,COM-TAT,R4 REGION CENTRO-TAT,R4,100% COMUNIEFICAZ SAS
3ERIZA-JAIRO MACHADO-MOVIL PORTABILIDAD-R4,TMK,JAIRO MACHADO,TMK-JAIRO MACHADO-MOVIL PORTABILIDAD,R4 REGION CENTRO-JAIRO MACHADO-MOVIL PORTABILIDAD,R4,3ERIZA
3M TECH SAS-R4-CADENAS,COMERCIAL,RETAIL,COM-CADENAS,R4 REGION CENTRO-CADENAS,R4,3M TECH SAS
ABAI-CAMPAÑAS -R2-CALL,CALL CENTER,RELACIONES PRIORITARIAS,CAMPAÑAS,R2 REGION NOROCCIDENTE-CAMPAÑAS,R2,ABAI UNO 27
ABAI-MASIVO-R2-CALL,CALL CENTER,TRAFICO INBOUND,MASIVO SAC-TRAFICO INBOUND,R2 REGION NOROCCIDENTE-MASIVO-TRAFICO INBOUND,R2,ABAI UNO 27
ABAI-RECUPERACIÓN CONVERGENTE -R2-CALL,CALL CENTER,RELACIONES PRIORITARIAS,RECUPERACIÓN CONVERGENTE,R2 REGION NOROCCIDENTE-RECUPERACIÓN CONVERGENTE,R2,ABAI UNO 27
ABAI-RETENCIÓN -R2-CALL,CALL CENTER,RELACIONES PRIORITARIAS,RETENCIÓN,R2 REGION NOROCCIDENTE-RETENCIÓN,R2,ABAI UNO 27
ABAI-SOPORTE-R2-CALL,CALL CENTER,SOPORTE,MASIVO SOPORTE,R2 REGION NOROCCIDENTE - MASIVO SOPORTE,R2,ABAI UNO 27
ABAI-VENTAS-R2-CALL,CALL CENTER,RELACIONES PRIORITARIAS,VENTAS,R2 REGION NOROCCIDENTE-VENTAS,R2,ABAI UNO 27
ACCEMOVIL SS-R4-CADENAS,COMERCIAL,RETAIL,COM-CADENAS,R4 REGION CENTRO-CADENAS,R4,ACCEMOVIL SS
ACSMOBILE-R2-CADENAS,COMERCIAL,RETAIL,COM-CADENAS,R2 REGION NOROCCIDENTE-CADENAS,R2,ACSMOBILE
ACTIVA BPO BOGOTA-JAIRO MACHADO-MOVIL MIGRACION-R1,TMK,JAIRO MACHADO,TMK-JAIRO MACHADO-MOVIL MIGRACION,R1 REGION COSTA-JAIRO MACHADO-MOVIL MIGRACION,R1,ACTIVA BPO
ACTIVA BPO BOGOTA-JAIRO MACHADO-MOVIL MIGRACION-R2,TMK,JAIRO MACHADO,TMK-JAIRO MACHADO-MOVIL MIGRACION,R2 REGION NOROCCIDENTE-JAIRO MACHADO-MOVIL MIGRACION,R2,ACTIVA BPO
ACTIVA BPO BOGOTA-JAIRO MACHADO-MOVIL MIGRACION-R3,TMK,JAIRO MACHADO,TMK-JAIRO MACHADO-MOVIL MIGRACION,R3 REGION OCCIDENTE-JAIRO MACHADO-MOVIL MIGRACION,R3,ACTIVA BPO
ACTIVA BPO BOGOTA-JAIRO MACHADO-MOVIL MIGRACION-R4,TMK,JAIRO MACHADO,TMK-JAIRO MACHADO-MOVIL MIGRACION,R4 REGION CENTRO-JAIRO MACHADO-MOVIL MIGRACION,R4,ACTIVA BPO
ACTIVA BPO BOGOTA-JAIRO MACHADO-MOVIL MIGRACION-R5,TMK,JAIRO MACHADO,TMK-JAIRO MACHADO-MOVIL MIGRACION,R5 REGION ORIENTE-JAIRO MACHADO-MOVIL MIGRACION,R5,ACTIVA BPO
ACTIVA BPO BOGOTA-JAIRO MACHADO-MOVIL PORTABILIDAD-R4,TMK,JAIRO MACHADO,TMK-JAIRO MACHADO-MOVIL PORTABILIDAD,R4 REGION CENTRO-JAIRO MACHADO-MOVIL PORTABILIDAD,R4,ACTIVA BPO
ACTIVA BPO BOGOTA-JENNIFER ARIAS-HOGAR-R4,TMK,JENNIFER ARIAS,TMK-JENNIFER ARIAS-HOGAR,R4 REGION CENTRO-JENNIFER ARIAS-HOGAR,R4,ACTIVA BPO
ACTIVA BPO BOGOTA-RUSSI CARDENAS GIANCARLO-T&T-R1,TMK,JEAN CARLO RUSSI,TMK-T&T,R1 REGION COSTA-T&T,R1,ACTIVA BPO
ACTIVA BPO BOGOTA-RUSSI CARDENAS GIANCARLO-T&T-R2,TMK,JEAN CARLO RUSSI,TMK-T&T,R2 REGION NOROCCIDENTE-T&T,R2,ACTIVA BPO
ACTIVA BPO BOGOTA-RUSSI CARDENAS GIANCARLO-T&T-R3,TMK,JEAN CARLO RUSSI,TMK-T&T,R3 REGION OCCIDENTE-T&T,R3,ACTIVA BPO
ACTIVA BPO BOGOTA-RUSSI CARDENAS GIANCARLO-T&T-R4,TMK,JEAN CARLO RUSSI,TMK-T&T,R4 REGION CENTRO-T&T,R4,ACTIVA BPO
ACTIVA BPO BOGOTA-RUSSI CARDENAS GIANCARLO-T&T-R5,TMK,JEAN CARLO RUSSI,TMK-T&T,R5 REGION ORIENTE-T&T,R5,ACTIVA BPO
ACTIVA BPO PEREIRA-RUSSI CARDENAS GIANCARLO-T&T-R1,TMK,JEAN CARLO RUSSI,TMK-T&T,R1 REGION COSTA-T&T,R1,ACTIVA BPO
ACTIVA BPO PEREIRA-RUSSI CARDENAS GIANCARLO-T&T-R2,TMK,JEAN CARLO RUSSI,TMK-T&T,R2 REGION NOROCCIDENTE-T&T,R2,ACTIVA BPO
ACTIVA BPO PEREIRA-RUSSI CARDENAS GIANCARLO-T&T-R3,TMK,JEAN CARLO RUSSI,TMK-T&T,R3 REGION OCCIDENTE-T&T,R3,ACTIVA BPO
ACTIVA BPO PEREIRA-RUSSI CARDENAS GIANCARLO-T&T-R4,TMK,JEAN CARLO RUSSI,TMK-T&T,R4 REGION CENTRO-T&T,R4,ACTIVA BPO
ACTIVA BPO PEREIRA-RUSSI CARDENAS GIANCARLO-T&T-R5,TMK,JEAN CARLO RUSSI,TMK-T&T,R5 REGION ORIENTE-T&T,R5,ACTIVA BPO
AFFINITY BPO SAS-JAIRO MACHADO-MOVIL PORTABILIDAD-R1,TMK,JAIRO MACHADO,TMK-JAIRO MACHADO-MOVIL PORTABILIDAD,R1 REGION COSTA-JAIRO MACHADO-MOVIL PORTABILIDAD,R1,AFFINITY BPO SAS
AFFINITY BPO SAS-JENNIFER ARIAS-HOGAR-R2,TMK,JENNIFER ARIAS,TMK-JENNIFER ARIAS-HOGAR,R2 REGION NOROCCIDENTE-JENNIFER ARIAS-HOGAR,R2,AFFINITY BPO SAS
ALCA LTDA-R1-CADENAS,COMERCIAL,RETAIL,COM-CADENAS,R1 REGION COSTA-CADENAS,R1,ALCA LTDA
ALCA LTDA-R3-CADENAS,COMERCIAL,RETAIL,COM-CADENAS,R3 REGION OCCIDENTE-CADENAS,R3,ALCA LTDA
ALCA LTDA-R4-CADENAS,COMERCIAL,RETAIL,COM-CADENAS,R4 REGION CENTRO-CADENAS,R4,ALCA LTDA
ALCA LTDA-R5-CADENAS,COMERCIAL,RETAIL,COM-CADENAS,R5 REGION ORIENTE-CADENAS,R5,ALCA LTDA
ALEXANDER DIAZ-R5-CADENAS,COMERCIAL,RETAIL,COM-CADENAS,R5 REGION ORIENTE-CADENAS,R5,ALEXANDER DIAZ
ALIADO PROFESIONAL-JAIRO MACHADO-MOVIL PORTABILIDAD-R5,TMK,JAIRO MACHADO,TMK-JAIRO MACHADO-MOVIL PORTABILIDAD,R5 REGION ORIENTE-JAIRO MACHADO-MOVIL PORTABILIDAD,R5,ALIADO PROFESIONAL
ALIADO PROFESIONAL-JENNIFER ARIAS-HOGAR-R4,TMK,JENNIFER ARIAS,TMK-JENNIFER ARIAS-HOGAR,R4 REGION CENTRO-JENNIFER ARIAS-HOGAR,R4,ALIADO PROFESIONAL
ALIADO PROFESIONAL-JENNIFER ARIAS-HOGAR-R5,TMK,JENNIFER ARIAS,TMK-JENNIFER ARIAS-HOGAR,R5 REGION ORIENTE-JENNIFER ARIAS-HOGAR,R5,ALIADO PROFESIONAL
ALKOMPRAR-R1-CADENAS,COMERCIAL,RETAIL,COM-CADENAS,R1 REGION COSTA-CADENAS,R1,ALKOMPRAR
ALKOMPRAR-R2-CADENAS,COMERCIAL,RETAIL,COM-CADENAS,R2 REGION NOROCCIDENTE-CADENAS,R2,ALKOMPRAR
ALKOMPRAR-R3-CADENAS,COMERCIAL,RETAIL,COM-CADENAS,R3 REGION OCCIDENTE-CADENAS,R3,ALKOMPRAR
ALKOMPRAR-R5-CADENAS,COMERCIAL,RETAIL,COM-CADENAS,R5 REGION ORIENTE-CADENAS,R5,ALKOMPRAR
ALKOSTO-R1-CADENAS,COMERCIAL,RETAIL,COM-CADENAS,R1 REGION COSTA-CADENAS,R1,ALKOSTO
ALKOSTO-R2-CADENAS,COMERCIAL,RETAIL,COM-CADENAS,R2 REGION NOROCCIDENTE-CADENAS,R2,ALKOSTO
ALKOSTO-R3-CADENAS,COMERCIAL,RETAIL,COM-CADENAS,R3 REGION OCCIDENTE-CADENAS,R3,ALKOSTO
ALKOSTO-R4-CADENAS,COMERCIAL,RETAIL,COM-CADENAS,R4 REGION CENTRO-CADENAS,R4,ALKOSTO
ALKOSTO-R5-CADENAS,COMERCIAL,RETAIL,COM-CADENAS,R5 REGION ORIENTE-CADENAS,R5,ALKOSTO
ALL STAR-PDV-R1-COM,COMERCIAL,AGENTES COMERCIALES,COM-PDV,R1 REGION COSTA-PDV,R1,ALL STAR
ALMACEN ESTRELLA DE LA MODA-R1-CADENAS,COMERCIAL,RETAIL,COM-CADENAS,R1 REGION COSTA-CADENAS,R1,ALMACEN ESTRELLA DE LA MODA
ALMACONTACT SAS BOGOTA-RUSSI CARDENAS GIANCARLO-T&T-R1,TMK,JEAN CARLO RUSSI,TMK-T&T,R1 REGION COSTA-T&T,R1,ALMACONTACT SAS
ALMACONTACT SAS BOGOTA-RUSSI CARDENAS GIANCARLO-T&T-R2,TMK,JEAN CARLO RUSSI,TMK-T&T,R2 REGION NOROCCIDENTE-T&T,R2,ALMACONTACT SAS
ALMACONTACT SAS BOGOTA-RUSSI CARDENAS GIANCARLO-T&T-R3,TMK,JEAN CARLO RUSSI,TMK-T&T,R3 REGION OCCIDENTE-T&T,R3,ALMACONTACT SAS
ALMACONTACT SAS BOGOTA-RUSSI CARDENAS GIANCARLO-T&T-R4,TMK,JEAN CARLO RUSSI,TMK-T&T,R4 REGION CENTRO-T&T,R4,ALMACONTACT SAS
ALMACONTACT SAS BOGOTA-RUSSI CARDENAS GIANCARLO-T&T-R5,TMK,JEAN CARLO RUSSI,TMK-T&T,R5 REGION ORIENTE-T&T,R5,ALMACONTACT SAS
ALMACONTACT SAS MEDELLIN-JAIRO MACHADO-MOVIL MIGRACION-R2,TMK,JAIRO MACHADO,TMK-JAIRO MACHADO-MOVIL MIGRACION,R2 REGION NOROCCIDENTE-JAIRO MACHADO-MOVIL MIGRACION,R2,ALMACONTACT SAS
ALMACONTACT SAS MEDELLIN-JENNIFER ARIAS-HOGAR-R2,TMK,JENNIFER ARIAS,TMK-JENNIFER ARIAS-HOGAR,R2 REGION NOROCCIDENTE-JENNIFER ARIAS-HOGAR,R2,ALMACONTACT SAS
ALMACONTACT-ATENCIÓN A TÉCNICOS-R4-CALL,CALL CENTER,SOPORTE,ATENCIÓN A TÉCNICOS,R4 REGION CENTRO - ATENCIÓN A TÉCNICOS,R4,ALMACONTACT
ALMACONTACT-PREMIUM -R4-CALL,CALL CENTER,TRAFICO INBOUND,PREMIUM-TRAFICO INBOUND,R4 REGION CENTRO-PREMIUM-TRAFICO INBOUND,R4,ALMACONTACT
ALMACONTACT-SWAT WHATSAPP-R4-CALL,CALL CENTER,ENTORNOS DIGITALES,SWAT WHATSAPP - CALL,R4 REGION CENTRO - SWAT WHATSAPP,R4,ALMACONTACT
ALMACONTACT-SWAT-R4-CALL,CALL CENTER,TRAFICO INBOUND,SWAT-TRAFICO INBOUND,R4 REGION CENTRO-SWAT-TRAFICO INBOUND,R4,ALMACONTACT
ALMACONTACT-VENTAS-R4-CALL,CALL CENTER,RELACIONES PRIORITARIAS,VENTAS,R4 REGION CENTRO-VENTAS,R4,ALMACONTACT
ALTYCOM  B.QUILLA CC BUENAVISTA,COMERCIAL,RETAIL,COM-ISLAS,R1 REGION COSTA-ISLAS,R1,ALTYCOM
ALTYCOM  B.QUILLA CC BUENAVISTA-R1-ISLAS,COMERCIAL,RETAIL,COM-ISLAS,R1 REGION COSTA-ISLAS,R1,ALTYCOM
ALTYCOM  B.QUILLA CC BUENAVISTA,COMERCIAL,RETAIL,COM-ISLAS,R1 REGION COSTA-ISLAS,R1,ALTYCOM
ALTYCOM  B.QUILLA CC BUENAVISTA,COMERCIAL,RETAIL,COM-ISLAS,R1 REGION COSTA-ISLAS,R1,ALTYCOM
ALTYCOM  B.QUILLA CC BUENAVISTA-R1-ISLAS,COMERCIAL,RETAIL,COM-ISLAS,R1 REGION COSTA-ISLAS,R1,ALTYCOM
ALTYCOM  B.QUILLA CC BUENAVISTA-R1-ISLAS,COMERCIAL,RETAIL,COM-ISLAS,R1 REGION COSTA-ISLAS,R1,ALTYCOM
ALTYCOM AEROPUERTO EL DORADO BOGOTA-R4-ISLAS,COMERCIAL,RETAIL,COM-ISLAS,R4 REGION CENTRO-ISLAS,R4,ALTYCOM
ALTYCOM B.QUILLA CC PORTAL DEL PRADO,COMERCIAL,RETAIL,COM-ISLAS,R1 REGION COSTA-ISLAS,R1,ALTYCOM
ALTYCOM B.QUILLA CC PORTAL DEL PRADO-R1-ISLAS,COMERCIAL,RETAIL,COM-ISLAS,R1 REGION COSTA-ISLAS,R1,ALTYCOM
ALTYCOM BOGOTA CC PALATINO-R4-ISLAS,COMERCIAL,RETAIL,COM-ISLAS,R4 REGION CENTRO-ISLAS,R4,ALTYCOM
ALTYCOM BOGOTA CC SAN MARTIN-R4-ISLAS,COMERCIAL,RETAIL,COM-ISLAS,R4 REGION CENTRO-ISLAS,R4,ALTYCOM
ALTYCOM BOGOTA STAND CC CENTRO SUBA BOGOTA-R4-ISLAS,COMERCIAL,RETAIL,COM-ISLAS,R4 REGION CENTRO-ISLAS,R4,ALTYCOM
ALTYCOM BOGOTA-JAIRO MACHADO-MOVIL MIGRACION-R5,TMK,JAIRO MACHADO,TMK-JAIRO MACHADO-MOVIL MIGRACION,R5 REGION ORIENTE-JAIRO MACHADO-MOVIL MIGRACION,R5,ALTYCOM
ALTYCOM BQUILLA CC VIVA,COMERCIAL,RETAIL,COM-ISLAS,R1 REGION COSTA-ISLAS,R1,ALTYCOM
ALTYCOM BQUILLA CC VIVA-R1-ISLAS,COMERCIAL,RETAIL,COM-ISLAS,R1 REGION COSTA-ISLAS,R1,ALTYCOM
ALTYCOM BQUILLA-JAIRO MACHADO-MOVIL MIGRACION-R1,TMK,JAIRO MACHADO,TMK-JAIRO MACHADO-MOVIL MIGRACION,R1 REGION COSTA-JAIRO MACHADO-MOVIL MIGRACION,R1,ALTYCOM
ALTYCOM BQUILLA-JAIRO MACHADO-MOVIL PORTABILIDAD-R1,TMK,JAIRO MACHADO,TMK-JAIRO MACHADO-MOVIL PORTABILIDAD,R1 REGION COSTA-JAIRO MACHADO-MOVIL PORTABILIDAD,R1,ALTYCOM
ALTYCOM BQUILLA-JENNIFER ARIAS-HOGAR-R1,TMK,JENNIFER ARIAS,TMK-JENNIFER ARIAS-HOGAR,R1 REGION COSTA-JENNIFER ARIAS-HOGAR,R1,ALTYCOM
ALTYCOM BQUILLA-JENNIFER ARIAS-HOGAR-R4,TMK,JENNIFER ARIAS,TMK-JENNIFER ARIAS-HOGAR,R4 REGION CENTRO-JENNIFER ARIAS-HOGAR,R4,ALTYCOM
ALTYCOM CC ALTAVISTA-R4-ISLAS,COMERCIAL,RETAIL,COM-ISLAS,R4 REGION CENTRO-ISLAS,R4,ALTYCOM
ALTYCOM CC BUENAVISTA II BARRANQUILLA,COMERCIAL,RETAIL,COM-ISLAS,R1 REGION COSTA-ISLAS,R1,ALTYCOM
ALTYCOM CC BUENAVISTA II BARRANQUILLA-R1-ISLAS,COMERCIAL,RETAIL,COM-ISLAS,R1 REGION COSTA-ISLAS,R1,ALTYCOM
ALTYCOM CC BUENAVISTA III MALL PLAZA BARRANQUILLA-R1-ISLAS,COMERCIAL,RETAIL,COM-ISLAS,R1 REGION COSTA-ISLAS,R1,ALTYCOM
ALTYCOM CC Calima Bogota-R4-ISLAS,COMERCIAL,RETAIL,COM-ISLAS,R4 REGION CENTRO-ISLAS,R4,ALTYCOM
ALTYCOM CC CARIBE PLAZA,CALL CENTER,RELACIONES PRIORITARIAS,ADICIONALES,R1 REGION COSTA-ADICIONALES,R1,ALTYCOM
ALTYCOM CC CARNAVAL SOLEDAD-R1-ISLAS,COMERCIAL,RETAIL,COM-ISLAS,R1 REGION COSTA-ISLAS,R1,ALTYCOM
ALTYCOM CC CENTRO CHIA-R4-ISLAS,COMERCIAL,RETAIL,COM-ISLAS,R4 REGION CENTRO-ISLAS,R4,ALTYCOM
ALTYCOM CC Centro Mayor 1  Bogota-R4-ISLAS,COMERCIAL,RETAIL,COM-ISLAS,R4 REGION CENTRO-ISLAS,R4,ALTYCOM
ALTYCOM CC Diverplaza Bogota-R4-ISLAS,COMERCIAL,RETAIL,COM-ISLAS,R4 REGION CENTRO-ISLAS,R4,ALTYCOM
ALTYCOM CC GRAN PLAZA SOACHA-R4-ISLAS,COMERCIAL,RETAIL,COM-ISLAS,R4 REGION CENTRO-ISLAS,R4,ALTYCOM
ALTYCOM CC IWOKA SOGAMOSO-R5-ISLAS,COMERCIAL,RETAIL,COM-ISLAS,R5 REGION ORIENTE-ISLAS,R5,ALTYCOM
ALTYCOM CC MAYALES-R1-ISLAS,COMERCIAL,RETAIL,COM-ISLAS,R1 REGION COSTA-ISLAS,R1,ALTYCOM
ALTYCOM CC NUESTRO ATLANTICO SOLEDAD-R1-ISLAS,COMERCIAL,RETAIL,COM-ISLAS,R1 REGION COSTA-ISLAS,R1,ALTYCOM
ALTYCOM CC Plaza Claro Bogota,COMERCIAL,RETAIL,COM-ISLAS,R4 REGION CENTRO-ISLAS,R4,ALTYCOM
ALTYCOM CC Plaza Claro Bogota-R4-ISLAS,COMERCIAL,RETAIL,COM-ISLAS,R4 REGION CENTRO-ISLAS,R4,ALTYCOM
ALTYCOM CC PLAZA DE LAS AMERICAS 2-R4-ISLAS,COMERCIAL,RETAIL,COM-ISLAS,R4 REGION CENTRO-ISLAS,R4,ALTYCOM
ALTYCOM CC RIVER PLAZA CUCUTA-R5-ISLAS,COMERCIAL,RETAIL,COM-ISLAS,R5 REGION ORIENTE-ISLAS,R5,ALTYCOM
ALTYCOM CC SALITRE BOGOTA,COMERCIAL,RETAIL,COM-ISLAS,R4 REGION CENTRO-ISLAS,R4,ALTYCOM
ALTYCOM CC SALITRE BOGOTA-R4-ISLAS,COMERCIAL,RETAIL,COM-ISLAS,R4 REGION CENTRO-ISLAS,R4,ALTYCOM
ALTYCOM CC SAN FERNANDO PLAZA CARTAGENA-R1-ISLAS,COMERCIAL,RETAIL,COM-ISLAS,R1 REGION COSTA-ISLAS,R1,ALTYCOM
ALTYCOM CC Tintal Plaza Bogota-R4-ISLAS,COMERCIAL,RETAIL,COM-ISLAS,R4 REGION CENTRO-ISLAS,R4,ALTYCOM
ALTYCOM CC Tunal Bogota-R4-ISLAS,COMERCIAL,RETAIL,COM-ISLAS,R4 REGION CENTRO-ISLAS,R4,ALTYCOM
ALTYCOM CC Unicentro Bogota 2   Bogota-R4-ISLAS,COMERCIAL,RETAIL,COM-ISLAS,R4 REGION CENTRO-ISLAS,R4,ALTYCOM
ALTYCOM CC Unicentro Bogota 2 Bogota-R4-ISLAS,COMERCIAL,RETAIL,COM-ISLAS,R4 REGION CENTRO-ISLAS,R4,ALTYCOM
ALTYCOM CC UNICENTRO TUNJA,COMERCIAL,RETAIL,COM-ISLAS,R5 REGION ORIENTE-ISLAS,R5,ALTYCOM
ALTYCOM CC UNICENTRO TUNJA-R5-ISLAS,COMERCIAL,RETAIL,COM-ISLAS,R5 REGION ORIENTE-ISLAS,R5,ALTYCOM
ALTYCOM CC UNICENTRO VILLAVICENCIO,COMERCIAL,RETAIL,COM-ISLAS,R5 REGION ORIENTE-ISLAS,R5,ALTYCOM
ALTYCOM CC UNICENTRO VILLAVICENCIO-R5-ISLAS,COMERCIAL,RETAIL,COM-ISLAS,R5 REGION ORIENTE-ISLAS,R5,ALTYCOM
ALTYCOM CC UNICO BARRANQUILLA-R1-ISLAS,COMERCIAL,RETAIL,COM-ISLAS,R1 REGION COSTA-ISLAS,R1,ALTYCOM
ALTYCOM CC UNICO VILLAVICENCIO,COMERCIAL,RETAIL,COM-ISLAS,R5 REGION ORIENTE-ISLAS,R5,ALTYCOM
ALTYCOM CC UNICO VILLAVICENCIO-R5-ISLAS,COMERCIAL,RETAIL,COM-ISLAS,R5 REGION ORIENTE-ISLAS,R5,ALTYCOM
ALTYCOM CC VIVA VILLAVICENCIO,COMERCIAL,RETAIL,COM-ISLAS,R5 REGION ORIENTE-ISLAS,R5,ALTYCOM
ALTYCOM CC VIVA VILLAVICENCIO-R5-ISLAS,COMERCIAL,RETAIL,COM-ISLAS,R5 REGION ORIENTE-ISLAS,R5,ALTYCOM
AlTYCOM FLORIDA MALL CC BARRANQUILLA-R1-ISLAS,COMERCIAL,RETAIL,COM-ISLAS,R1 REGION COSTA-ISLAS,R1,ALTYCOM
ALTYCOM MONTERIA CC NUESTRO-R1-ISLAS,COMERCIAL,RETAIL,COM-ISLAS,R1 REGION COSTA-ISLAS,R1,ALTYCOM
ALTYCOM RIOHACHA CC SUCHIIMA-R1-ISLAS,COMERCIAL,RETAIL,COM-ISLAS,R1 REGION COSTA-ISLAS,R1,ALTYCOM
ALTYCOM SINCELEJO CC VIVA-R1-ISLAS,COMERCIAL,RETAIL,COM-ISLAS,R1 REGION COSTA-ISLAS,R1,ALTYCOM
ALTYCOM SOACHA CC VENTURA TERREROS-R4-ISLAS,COMERCIAL,RETAIL,COM-ISLAS,R4 REGION CENTRO-ISLAS,R4,ALTYCOM
ALTYCOM TUNJA CC VIVA TUNJA-R5-ISLAS,COMERCIAL,RETAIL,COM-ISLAS,R5 REGION ORIENTE-ISLAS,R5,ALTYCOM
ALZATE ECHEVERRI Y CIA LTDA-CALLE-R2-COM,COMERCIAL,AGENTES COMERCIALES,COM-CALLE,R2 REGION NOROCCIDENTE-CALLE,R2,ALZATE ECHEVERRI Y CIA LTDA
ALZATE ECHEVERRI Y CIA LTDA-PDV-R2-COM,COMERCIAL,AGENTES COMERCIALES,COM-PDV,R2 REGION NOROCCIDENTE-PDV,R2,ALZATE ECHEVERRI Y CIA LTDA
ANA MILENA PEREZ ACOSTA-R1-CADENAS,COMERCIAL,RETAIL,COM-CADENAS,R1 REGION COSTA-CADENAS,R1,ANA MILENA PEREZ ACOSTA
ANCLA TELECOMUNICACIONES-CALLE-R2-COM,COMERCIAL,AGENTES COMERCIALES,COM-CALLE,R2 REGION NOROCCIDENTE-CALLE,R2,ANCLA TELECOMUNICACIONES
ANCLA TELECOMUNICACIONES-PDV-R2-COM,COMERCIAL,AGENTES COMERCIALES,COM-PDV,R2 REGION NOROCCIDENTE-PDV,R2,ANCLA TELECOMUNICACIONES
ANCLA TELECOMUNICACIONES-R2-TAT,COMERCIAL,PREPAGO,COM-TAT,R2 REGION NOROCCIDENTE-TAT,R2,ANCLA TELECOMUNICACIONES
ANCLU SAS-CALLE-R5-COM,COMERCIAL,AGENTES COMERCIALES,COM-CALLE,R5 REGION ORIENTE-CALLE,R5,ANCLU SAS
ANCLU SAS-R4-PDV-COM,COMERCIAL,AGENTES COMERCIALES,COM-PDV,R4 REGION CENTRO-PDV,R4,ANCLU SAS
ANCLU SAS-R5-PDV-COM,COMERCIAL,AGENTES COMERCIALES,COM-PDV,R5 REGION ORIENTE-PDV,R5,ANCLU SAS
ANDREA LAURY ARROYO DE AVILA-R1-CADENAS,COMERCIAL,RETAIL,COM-CADENAS,R1 REGION COSTA-CADENAS,R1,ANDREA LAURY ARROYO DE AVILA
ANGELA SIERRA PEÑA (COMUNICACIONES Y TECNOLOGIA ANGELA)-R1-CADENAS,COMERCIAL,RETAIL,COM-CADENAS,R1 REGION COSTA-CADENAS,R1,ANGELA SIERRA PEÑA (COMUNICACIONES Y TECNOLOGIA ANGELA)
AQI-ADICIONALES-R1-CALL,CALL CENTER,RELACIONES PRIORITARIAS,ADICIONALES,R1 REGION COSTA-ADICIONALES,R1,AQI
AQI-ADICIONALES-R4-CALL,CALL CENTER,RELACIONES PRIORITARIAS,ADICIONALES,R4 REGION CENTRO-ADICIONALES,R4,AQI
AQI-MASIVO-R1-CALL,CALL CENTER,TRAFICO INBOUND,MASIVO SAC-TRAFICO INBOUND,R1 REGION COSTA-MASIVO-TRAFICO INBOUND,R1,AQI
AQI-RECUPERACIÓN CONVERGENTE -R4-CALL,CALL CENTER,RELACIONES PRIORITARIAS,RECUPERACIÓN CONVERGENTE,R4 REGION CENTRO-RECUPERACIÓN CONVERGENTE,R4,AQI
AQI-RETENCIÓN -R1-CALL,CALL CENTER,RELACIONES PRIORITARIAS,RETENCIÓN,R1 REGION COSTA-RETENCIÓN,R1,AQI
AQI-RETENCIÓN -R4-CALL,CALL CENTER,RELACIONES PRIORITARIAS,RETENCIÓN,R4 REGION CENTRO-RETENCIÓN,R4,AQI
AQI-REVERSIÓN MÓVIL-R4-CALL,CALL CENTER,RELACIONES PRIORITARIAS,REVERSIÓN MÓVIL,R4 REGION CENTRO-REVERSIÓN MÓVIL,R4,AQI
AQI-ROBO-R1-CALL,CALL CENTER,TRAFICO INBOUND,ROBO-TRAFICO INBOUND,R1 REGION COSTA-ROBO-TRAFICO INBOUND,R1,AQI
AQI-SOPORTE-R1-CALL,CALL CENTER,SOPORTE,MASIVO SOPORTE,R1 REGION COSTA - MASIVO SOPORTE,R1,AQI
AQI-VENTAS-R1-CALL,CALL CENTER,RELACIONES PRIORITARIAS,VENTAS,R1 REGION COSTA-VENTAS,R1,AQI
AQI-WHATSAPP-R1-CALL,CALL CENTER,ENTORNOS DIGITALES,WHATSAPP,R1 REGION COSTA - WHATSAPP,R1,AQI
AQI-WHATSAPP-R4-CALL,CALL CENTER,ENTORNOS DIGITALES,WHATSAPP,R4 REGION CENTRO - WHATSAPP,R4,AQI
ARCOS BOGOTA-JAIRO MACHADO-MOVIL PORTABILIDAD-R4,TMK,JAIRO MACHADO,TMK-JAIRO MACHADO-MOVIL PORTABILIDAD,R4 REGION CENTRO-JAIRO MACHADO-MOVIL PORTABILIDAD,R4,ARCOS BOGOTA
ARCOS BOGOTA-RUSSI CARDENAS GIANCARLO-T&T-R1,TMK,JEAN CARLO RUSSI,TMK-T&T,R1 REGION COSTA-T&T,R1,ARCOS BOGOTA
ARCOS BOGOTA-RUSSI CARDENAS GIANCARLO-T&T-R2,TMK,JEAN CARLO RUSSI,TMK-T&T,R2 REGION NOROCCIDENTE-T&T,R2,ARCOS BOGOTA
ARCOS BOGOTA-RUSSI CARDENAS GIANCARLO-T&T-R3,TMK,JEAN CARLO RUSSI,TMK-T&T,R3 REGION OCCIDENTE-T&T,R3,ARCOS BOGOTA
ARCOS BOGOTA-RUSSI CARDENAS GIANCARLO-T&T-R4,TMK,JEAN CARLO RUSSI,TMK-T&T,R4 REGION CENTRO-T&T,R4,ARCOS BOGOTA
ARCOS BOGOTA-RUSSI CARDENAS GIANCARLO-T&T-R5,TMK,JEAN CARLO RUSSI,TMK-T&T,R5 REGION ORIENTE-T&T,R5,ARCOS BOGOTA
ARPESOD ASOCIADO SAS-R3-CADENAS,COMERCIAL,RETAIL,COM-CADENAS,R3 REGION OCCIDENTE-CADENAS,R3,ARPESOD ASOCIADO SAS
ARTECOM-CALLE-R4-COM,COMERCIAL,AGENTES COMERCIALES,COM-CALLE,R4 REGION CENTRO-CALLE,R4,ARTECOM
ASISTE ING BQUILLA-JENNIFER ARIAS-HOGAR-R1,TMK,JENNIFER ARIAS,TMK-JENNIFER ARIAS-HOGAR,R1 REGION COSTA-JENNIFER ARIAS-HOGAR,R1,ASISTE ING
ASISTE ING BQUILLA-RUSSI CARDENAS GIANCARLO-T&T-R1,TMK,JEAN CARLO RUSSI,TMK-T&T,R1 REGION COSTA-T&T,R1,ASISTE ING
ASISTE ING BQUILLA-RUSSI CARDENAS GIANCARLO-T&T-R2,TMK,JEAN CARLO RUSSI,TMK-T&T,R2 REGION NOROCCIDENTE-T&T,R2,ASISTE ING
ASISTE ING BQUILLA-RUSSI CARDENAS GIANCARLO-T&T-R3,TMK,JEAN CARLO RUSSI,TMK-T&T,R3 REGION OCCIDENTE-T&T,R3,ASISTE ING
ASISTE ING BQUILLA-RUSSI CARDENAS GIANCARLO-T&T-R4,TMK,JEAN CARLO RUSSI,TMK-T&T,R4 REGION CENTRO-T&T,R4,ASISTE ING
ASISTE ING BQUILLA-RUSSI CARDENAS GIANCARLO-T&T-R5,TMK,JEAN CARLO RUSSI,TMK-T&T,R5 REGION ORIENTE-T&T,R5,ASISTE ING
ASISTE ING-RUSSI CARDENAS GIANCARLO-T&T-R1,TMK,JEAN CARLO RUSSI,TMK-T&T,R1 REGION COSTA-T&T,R1,ASISTE ING
ASISTE ING-RUSSI CARDENAS GIANCARLO-T&T-R2,TMK,JEAN CARLO RUSSI,TMK-T&T,R2 REGION NOROCCIDENTE-T&T,R2,ASISTE ING
ASISTE ING-RUSSI CARDENAS GIANCARLO-T&T-R3,TMK,JEAN CARLO RUSSI,TMK-T&T,R3 REGION OCCIDENTE-T&T,R3,ASISTE ING
ASISTE ING-RUSSI CARDENAS GIANCARLO-T&T-R4,TMK,JEAN CARLO RUSSI,TMK-T&T,R4 REGION CENTRO-T&T,R4,ASISTE ING
ASISTE ING-RUSSI CARDENAS GIANCARLO-T&T-R5,TMK,JEAN CARLO RUSSI,TMK-T&T,R5 REGION ORIENTE-T&T,R5,ASISTE ING
ATENTO BOGOTA-JAIRO MACHADO-MOVIL MIGRACION-R1,TMK,JAIRO MACHADO,TMK-JAIRO MACHADO-MOVIL MIGRACION,R1 REGION COSTA-JAIRO MACHADO-MOVIL MIGRACION,R1,ATENTO
ATENTO BOGOTA-JAIRO MACHADO-MOVIL MIGRACION-R2,TMK,JAIRO MACHADO,TMK-JAIRO MACHADO-MOVIL MIGRACION,R2 REGION NOROCCIDENTE-JAIRO MACHADO-MOVIL MIGRACION,R2,ATENTO
ATENTO BOGOTA-JAIRO MACHADO-MOVIL MIGRACION-R3,TMK,JAIRO MACHADO,TMK-JAIRO MACHADO-MOVIL MIGRACION,R3 REGION OCCIDENTE-JAIRO MACHADO-MOVIL MIGRACION,R3,ATENTO
ATENTO BOGOTA-JAIRO MACHADO-MOVIL MIGRACION-R4,TMK,JAIRO MACHADO,TMK-JAIRO MACHADO-MOVIL MIGRACION,R4 REGION CENTRO-JAIRO MACHADO-MOVIL MIGRACION,R4,ATENTO
ATENTO BOGOTA-JAIRO MACHADO-MOVIL MIGRACION-R5,TMK,JAIRO MACHADO,TMK-JAIRO MACHADO-MOVIL MIGRACION,R5 REGION ORIENTE-JAIRO MACHADO-MOVIL MIGRACION,R5,ATENTO
ATENTO BOGOTA-JAIRO MACHADO-MOVIL PORTABILIDAD-R4,TMK,JAIRO MACHADO,TMK-JAIRO MACHADO-MOVIL PORTABILIDAD,R4 REGION CENTRO-JAIRO MACHADO-MOVIL PORTABILIDAD,R4,ATENTO
ATENTO BOGOTA-JENNIFER ARIAS-HOGAR-R3,TMK,JENNIFER ARIAS,TMK-JENNIFER ARIAS-HOGAR,R3 REGION OCCIDENTE-JENNIFER ARIAS-HOGAR,R3,ATENTO
ATENTO BOGOTA-JENNIFER ARIAS-HOGAR-R4,TMK,JENNIFER ARIAS,TMK-JENNIFER ARIAS-HOGAR,R4 REGION CENTRO-JENNIFER ARIAS-HOGAR,R4,ATENTO
ATENTO BOGOTA-JENNIFER ARIAS-HOGAR-R5,TMK,JENNIFER ARIAS,TMK-JENNIFER ARIAS-HOGAR,R5 REGION ORIENTE-JENNIFER ARIAS-HOGAR,R5,ATENTO
ATENTO BOGOTA-RUSSI CARDENAS GIANCARLO-T&T-R1,TMK,JEAN CARLO RUSSI,TMK-T&T,R1 REGION COSTA-T&T,R1,ATENTO
ATENTO BOGOTA-RUSSI CARDENAS GIANCARLO-T&T-R2,TMK,JEAN CARLO RUSSI,TMK-T&T,R2 REGION NOROCCIDENTE-T&T,R2,ATENTO
ATENTO BOGOTA-RUSSI CARDENAS GIANCARLO-T&T-R3,TMK,JEAN CARLO RUSSI,TMK-T&T,R3 REGION OCCIDENTE-T&T,R3,ATENTO
ATENTO BOGOTA-RUSSI CARDENAS GIANCARLO-T&T-R4,TMK,JEAN CARLO RUSSI,TMK-T&T,R4 REGION CENTRO-T&T,R4,ATENTO
ATENTO BOGOTA-RUSSI CARDENAS GIANCARLO-T&T-R5,TMK,JEAN CARLO RUSSI,TMK-T&T,R5 REGION ORIENTE-T&T,R5,ATENTO
ATENTO-ASEGURAMIENTO DE BAJAS-R4-CALL,CALL CENTER,RELACIONES PRIORITARIAS,ASEGURAMIENTO DE BAJAS,R4 REGION CENTRO-ASEGURAMIENTO DE BAJAS,R4,ATENTO
ATENTO-BROWNFIELD-R4-CALL,CALL CENTER,RELACIONES PRIORITARIAS,BROWNFIELD,R4 REGION CENTRO-BROWNFIELD,R4,ATENTO
ATENTO-CAMPAÑAS -R4-CALL,CALL CENTER,RELACIONES PRIORITARIAS,CAMPAÑAS,R4 REGION CENTRO-CAMPAÑAS,R4,ATENTO
ATENTO-CLIENTES CRITICOS-R4-CALL,CALL CENTER,SOPORTE,CLIENTES CRITICOS,R4 REGION CENTRO - CLIENTES CRITICOS,R4,ATENTO
ATENTO-RETENCIÓN -R2-CALL,CALL CENTER,RELACIONES PRIORITARIAS,RETENCIÓN,R2 REGION NOROCCIDENTE-RETENCIÓN,R2,ATENTO
ATENTO-RETENCIÓN -R4-CALL,CALL CENTER,RELACIONES PRIORITARIAS,RETENCIÓN,R4 REGION CENTRO-RETENCIÓN,R4,ATENTO
ATENTO-SWAT WHATSAPP-R4-CALL,CALL CENTER,ENTORNOS DIGITALES,SWAT WHATSAPP - CALL,R4 REGION CENTRO - SWAT WHATSAPP,R4,ATENTO
ATENTO-SWAT-R2-CALL,CALL CENTER,TRAFICO INBOUND,SWAT-TRAFICO INBOUND,R2 REGION NOROCCIDENTE-SWAT-TRAFICO INBOUND,R2,ATENTO
ATENTO-SWAT-R4-CALL,CALL CENTER,TRAFICO INBOUND,SWAT-TRAFICO INBOUND,R4 REGION CENTRO-SWAT-TRAFICO INBOUND,R4,ATENTO
ATENTO-TRASLADOS WHATSAPP-R4-CALL,CALL CENTER,RELACIONES PRIORITARIAS,TRASLADOS WHATSAPP,R4 REGION CENTRO-TRASLADOS WHATSAPP,R4,ATENTO
ATENTO-TRASLADOS-R2-CALL,CALL CENTER,RELACIONES PRIORITARIAS,TRASLADOS,R2 REGION NOROCCIDENTE-TRASLADOS,R2,ATENTO
ATENTO-TRASLADOS-R4-CALL,CALL CENTER,RELACIONES PRIORITARIAS,TRASLADOS,R4 REGION CENTRO-TRASLADOS,R4,ATENTO
ATENTO-VENTAS-R4-CALL,CALL CENTER,RELACIONES PRIORITARIAS,VENTAS,R4 REGION CENTRO-VENTAS,R4,ATENTO
BANCO DE BOGOTA-R4-CADENAS,COMERCIAL,RETAIL,COM-CADENAS,R4 REGION CENTRO-CADENAS,R4,BANCO DE BOGOTA
BELSY YADIRA LOZANO MURILLO-R5-CADENAS,COMERCIAL,RETAIL,COM-CADENAS,R5 REGION ORIENTE-CADENAS,R5,BELSY YADIRA LOZANO MURILLO
BENTOINT-RUSSI CARDENAS GIANCARLO-T&T-R1,TMK,JEAN CARLO RUSSI,TMK-T&T,R1 REGION COSTA-T&T,R1,BENTOINT
BENTOINT-RUSSI CARDENAS GIANCARLO-T&T-R2,TMK,JEAN CARLO RUSSI,TMK-T&T,R2 REGION NOROCCIDENTE-T&T,R2,BENTOINT
BENTOINT-RUSSI CARDENAS GIANCARLO-T&T-R3,TMK,JEAN CARLO RUSSI,TMK-T&T,R3 REGION OCCIDENTE-T&T,R3,BENTOINT
BENTOINT-RUSSI CARDENAS GIANCARLO-T&T-R4,TMK,JEAN CARLO RUSSI,TMK-T&T,R4 REGION CENTRO-T&T,R4,BENTOINT
BENTOINT-RUSSI CARDENAS GIANCARLO-T&T-R5,TMK,JEAN CARLO RUSSI,TMK-T&T,R5 REGION ORIENTE-T&T,R5,BENTOINT
BLACKMOVIL SAS-PDV-R2-COM,COMERCIAL,AGENTES COMERCIALES,COM-PDV,R2 REGION NOROCCIDENTE-PDV,R2,BLACKMOVIL SAS
BLACKMOVIL SAS-R3-PDV-COM,COMERCIAL,AGENTES COMERCIALES,COM-PDV,R3 REGION OCCIDENTE-PDV,R3,BLACKMOVIL SAS
BLUE VALLEDUPAR-R1-CADENAS,COMERCIAL,RETAIL,COM-CADENAS,R1 REGION COSTA-CADENAS,R1,BLUE VALLEDUPAR
BOGOTÁ SANTA FE-R4-CAV,CAV,GERENCIA CAV,CONSTANZA ARDILA CRUZ-R4,R4 - REGION CENTRO-CAV,R4,BOGOTÁ SANTA FE
BOLANOCELL ORO SAS-CALLE-R1-COM,COMERCIAL,AGENTES COMERCIALES,COM-CALLE,R1 REGION COSTA-CALLE,R1,BOLANOCELL ORO SAS
BOLANOCELL ORO SAS-PDV-R1-COM,COMERCIAL,AGENTES COMERCIALES,COM-PDV,R1 REGION COSTA-PDV,R1,BOLANOCELL ORO SAS
BOLAÑOCELL ORO-R4-PDV-COM,COMERCIAL,AGENTES COMERCIALES,COM-PDV,R4 REGION CENTRO-PDV,R4,BOLANOCELL ORO SAS
BOTICA-R2-CADENAS,COMERCIAL,RETAIL,COM-CADENAS,R2 REGION NOROCCIDENTE-CADENAS,R2,BOTICA
BRM BOGOTA-JAIRO MACHADO-MOVIL MIGRACION-R5,TMK,JAIRO MACHADO,TMK-JAIRO MACHADO-MOVIL MIGRACION,R5 REGION ORIENTE-JAIRO MACHADO-MOVIL MIGRACION,R5,BRM
BRM BOGOTA-JAIRO MACHADO-MOVIL PORTABILIDAD-R5,TMK,JAIRO MACHADO,TMK-JAIRO MACHADO-MOVIL PORTABILIDAD,R5 REGION ORIENTE-JAIRO MACHADO-MOVIL PORTABILIDAD,R5,BRM
BRM BOGOTA-JENNIFER ARIAS-HOGAR-R5,TMK,JENNIFER ARIAS,TMK-JENNIFER ARIAS-HOGAR,R5 REGION ORIENTE-JENNIFER ARIAS-HOGAR,R5,BRM
BRM BOGOTA-RUSSI CARDENAS GIANCARLO-T&T-R1,TMK,JEAN CARLO RUSSI,TMK-T&T,R1 REGION COSTA-T&T,R1,BRM
BRM BOGOTA-RUSSI CARDENAS GIANCARLO-T&T-R2,TMK,JEAN CARLO RUSSI,TMK-T&T,R2 REGION NOROCCIDENTE-T&T,R2,BRM
BRM BOGOTA-RUSSI CARDENAS GIANCARLO-T&T-R3,TMK,JEAN CARLO RUSSI,TMK-T&T,R3 REGION OCCIDENTE-T&T,R3,BRM
BRM BOGOTA-RUSSI CARDENAS GIANCARLO-T&T-R4,TMK,JEAN CARLO RUSSI,TMK-T&T,R4 REGION CENTRO-T&T,R4,BRM
BRM BOGOTA-RUSSI CARDENAS GIANCARLO-T&T-R5,TMK,JEAN CARLO RUSSI,TMK-T&T,R5 REGION ORIENTE-T&T,R5,BRM
BRM-FILTRO-R2-CALL,CALL CENTER,TRAFICO INBOUND,FILTRO-TRAFICO INBOUND,R2 REGION NOROCCIDENTE-FILTRO-TRAFICO INBOUND,R2,BRM
BRM-FILTRO-R4-CALL,CALL CENTER,TRAFICO INBOUND,FILTRO-TRAFICO INBOUND,R4 REGION CENTRO-FILTRO-TRAFICO INBOUND,R4,BRM
BRM-MASIVO-R2-CALL,CALL CENTER,TRAFICO INBOUND,MASIVO SAC-TRAFICO INBOUND,R2 REGION NOROCCIDENTE-MASIVO-TRAFICO INBOUND,R2,BRM
BRM-RECUPERACIÓN CONVERGENTE -R4-CALL,CALL CENTER,RELACIONES PRIORITARIAS,RECUPERACIÓN CONVERGENTE,R4 REGION CENTRO-RECUPERACIÓN CONVERGENTE,R4,BRM
BRM-ROBO-R2-CALL,CALL CENTER,TRAFICO INBOUND,ROBO-TRAFICO INBOUND,R2 REGION NOROCCIDENTE-ROBO-TRAFICO INBOUND,R2,BRM
BRM-SOPORTE-R2-CALL,CALL CENTER,SOPORTE,MASIVO SOPORTE,R2 REGION NOROCCIDENTE - MASIVO SOPORTE,R2,BRM
BRM-VENTAS-R2-CALL,CALL CENTER,RELACIONES PRIORITARIAS,VENTAS,R2 REGION NOROCCIDENTE-VENTAS,R2,BRM
BRM-VENTAS-R4-CALL,CALL CENTER,RELACIONES PRIORITARIAS,VENTAS,R4 REGION CENTRO-VENTAS,R4,BRM
BRM-WHATSAPP-R2-CALL,CALL CENTER,ENTORNOS DIGITALES,WHATSAPP,R2 REGION NOROCCIDENTE - WHATSAPP,R2,BRM
BUIMON-CALLE-R5-COM,COMERCIAL,AGENTES COMERCIALES,COM-CALLE,R5 REGION ORIENTE-CALLE,R5,BUIMON
BUIMON-R5-PDV-COM,COMERCIAL,AGENTES COMERCIALES,COM-PDV,R5 REGION ORIENTE-PDV,R5,BUIMON
C Y S COMUNICACIONES ASOCIADOS-R4-CADENAS,COMERCIAL,RETAIL,COM-CADENAS,R4 REGION CENTRO-CADENAS,R4,C Y S COMUNICACIONES ASOCIADOS
CALI EXPRESS-JAIRO MACHADO-MOVIL MIGRACION-R3,TMK,JAIRO MACHADO,TMK-JAIRO MACHADO-MOVIL MIGRACION,R3 REGION OCCIDENTE-JAIRO MACHADO-MOVIL MIGRACION,R3,CALI EXPRESS
CALI EXPRESS-JAIRO MACHADO-MOVIL PORTABILIDAD-R3,TMK,JAIRO MACHADO,TMK-JAIRO MACHADO-MOVIL PORTABILIDAD,R3 REGION OCCIDENTE-JAIRO MACHADO-MOVIL PORTABILIDAD,R3,CALI EXPRESS
CALI EXPRESS-JENNIFER ARIAS-HOGAR-R3,TMK,JENNIFER ARIAS,TMK-JENNIFER ARIAS-HOGAR,R3 REGION OCCIDENTE-JENNIFER ARIAS-HOGAR,R3,CALI EXPRESS
CATALITICO BQUILLA-JAIRO MACHADO-MOVIL MIGRACION-R1,TMK,JAIRO MACHADO,TMK-JAIRO MACHADO-MOVIL MIGRACION,R1 REGION COSTA-JAIRO MACHADO-MOVIL MIGRACION,R1,CATALITICO
CATALITICO BQUILLA-JAIRO MACHADO-MOVIL PORTABILIDAD-R1,TMK,JAIRO MACHADO,TMK-JAIRO MACHADO-MOVIL PORTABILIDAD,R1 REGION COSTA-JAIRO MACHADO-MOVIL PORTABILIDAD,R1,CATALITICO
CATALITICO BQUILLA-JENNIFER ARIAS-HOGAR-R1,TMK,JENNIFER ARIAS,TMK-JENNIFER ARIAS-HOGAR,R1 REGION COSTA-JENNIFER ARIAS-HOGAR,R1,CATALITICO
CATALITICO BQUILLA-JENNIFER ARIAS-HOGAR-R4,TMK,JENNIFER ARIAS,TMK-JENNIFER ARIAS-HOGAR,R4 REGION CENTRO-JENNIFER ARIAS-HOGAR,R4,CATALITICO
CATALITICO BQUILLA-RUSSI CARDENAS GIANCARLO-T&T-R1,TMK,JEAN CARLO RUSSI,TMK-T&T,R1 REGION COSTA-T&T,R1,CATALITICO
CATALITICO BQUILLA-RUSSI CARDENAS GIANCARLO-T&T-R2,TMK,JEAN CARLO RUSSI,TMK-T&T,R2 REGION NOROCCIDENTE-T&T,R2,CATALITICO
CATALITICO BQUILLA-RUSSI CARDENAS GIANCARLO-T&T-R3,TMK,JEAN CARLO RUSSI,TMK-T&T,R3 REGION OCCIDENTE-T&T,R3,CATALITICO
CATALITICO BQUILLA-RUSSI CARDENAS GIANCARLO-T&T-R4,TMK,JEAN CARLO RUSSI,TMK-T&T,R4 REGION CENTRO-T&T,R4,CATALITICO
CATALITICO BQUILLA-RUSSI CARDENAS GIANCARLO-T&T-R5,TMK,JEAN CARLO RUSSI,TMK-T&T,R5 REGION ORIENTE-T&T,R5,CATALITICO
CAV - ACACÍAS,CAV,GERENCIA CAV,INGRID ASTRID SANCHEZ-R5,R5 - REGIÓN ORIENTE-CAV,R5,CAV ACACÍAS
CAV - AGUACHICA,CAV,GERENCIA CAV,MANUEL SALVADOR PEREZ CAICEDO-R1,R1 - REGION COSTA-CAV,R1,CAV AGUACHICA
CAV - APARTADO,CAV,GERENCIA CAV,GERENTE REGIONAL - R2,R2 - REGION NOROCCIDENTE-CAV,R2,CAV APARTADO
CAV - ARMENIA CENTRO,CAV,GERENCIA CAV,GERENTE REGIONAL - R2,R2 - REGION NOROCCIDENTE-CAV,R2,CAV ARMENIA CENTRO
CAV - ARMENIA PORTAL QUINDÍO,CAV,GERENCIA CAV,GERENTE REGIONAL - R2,R2 - REGION NOROCCIDENTE-CAV,R2,CAV ARMENIA PORTAL QUINDÍO
CAV - BARRANCABERMEJA,CAV,GERENCIA CAV,INGRID ASTRID SANCHEZ-R5,R5 - REGIÓN ORIENTE-CAV,R5,CAV BARRANCABERMEJA
CAV - BARRANQUILLA CENTRO,CAV,GERENCIA CAV,MANUEL SALVADOR PEREZ CAICEDO-R1,R1 - REGION COSTA-CAV,R1,CAV BARRANQUILLA CENTRO
CAV - BARRANQUILLA METROPOLITANO,CAV,GERENCIA CAV,MANUEL SALVADOR PEREZ CAICEDO-R1,R1 - REGION COSTA-CAV,R1,CAV BARRANQUILLA METROPOLITANO
CAV - BARRANQUILLA PARQUE ALEGRA,CAV,GERENCIA CAV,MANUEL SALVADOR PEREZ CAICEDO-R1,R1 - REGION COSTA-CAV,R1,CAV BARRANQUILLA PARQUE ALEGRA
CAV - BARRANQUILLA PRADO,CAV,GERENCIA CAV,MANUEL SALVADOR PEREZ CAICEDO-R1,R1 - REGION COSTA-CAV,R1,CAV BARRANQUILLA PRADO
CAV - BOGOTÁ ALAMOS,CAV,GERENCIA CAV,CONSTANZA ARDILA CRUZ-R4,R4 - REGION CENTRO-CAV,R4,CAV BOGOTÁ ALAMOS
CAV - BOGOTÁ CALLE 140,CAV,GERENCIA CAV,CONSTANZA ARDILA CRUZ-R4,R4 - REGION CENTRO-CAV,R4,CAV BOGOTÁ CALLE 140
CAV - BOGOTÁ CALLE 94,CAV,GERENCIA CAV,CONSTANZA ARDILA CRUZ-R4,R4 - REGION CENTRO-CAV,R4,CAV BOGOTÁ CALLE 94
CAV - BOGOTÁ CENTRO MAYOR,CAV,GERENCIA CAV,CONSTANZA ARDILA CRUZ-R4,R4 - REGION CENTRO-CAV,R4,CAV BOGOTÁ CENTRO MAYOR
CAV - BOGOTÁ CHAPINERO,CAV,GERENCIA CAV,CONSTANZA ARDILA CRUZ-R4,R4 - REGION CENTRO-CAV,R4,CAV BOGOTÁ CHAPINERO
CAV - BOGOTÁ CRA 7,CAV,GERENCIA CAV,CONSTANZA ARDILA CRUZ-R4,R4 - REGION CENTRO-CAV,R4,CAV BOGOTÁ CRA 7
CAV - BOGOTÁ FLORESTA,CAV,GERENCIA CAV,CONSTANZA ARDILA CRUZ-R4,R4 - REGION CENTRO-CAV,R4,CAV BOGOTÁ FLORESTA
CAV - BOGOTÁ FONTIBON,CAV,GERENCIA CAV,CONSTANZA ARDILA CRUZ-R4,R4 - REGION CENTRO-CAV,R4,CAV BOGOTÁ FONTIBON
CAV - BOGOTÁ KENNEDY,CAV,GERENCIA CAV,CONSTANZA ARDILA CRUZ-R4,R4 - REGION CENTRO-CAV,R4,CAV BOGOTÁ KENNEDY
CAV - BOGOTÁ LA FELICIDAD,CAV,GERENCIA CAV,CONSTANZA ARDILA CRUZ-R4,R4 - REGION CENTRO-CAV,R4,CAV BOGOTÁ LA FELICIDAD
CAV - BOGOTÁ MALL PLAZA NQS,CAV,GERENCIA CAV,CONSTANZA ARDILA CRUZ-R4,R4 - REGION CENTRO-CAV,R4,CAV BOGOTÁ MALL PLAZA NQS
CAV - BOGOTÁ NIZA,CAV,GERENCIA CAV,CONSTANZA ARDILA CRUZ-R4,R4 - REGION CENTRO-CAV,R4,CAV BOGOTÁ NIZA
CAV - BOGOTÁ PASEO VILLA DEL RIO,CAV,GERENCIA CAV,CONSTANZA ARDILA CRUZ-R4,R4 - REGION CENTRO-CAV,R4,CAV BOGOTÁ PASEO VILLA DEL RIO
CAV - BOGOTÁ PLAZA CLARO,CAV,GERENCIA CAV,CONSTANZA ARDILA CRUZ-R4,R4 - REGION CENTRO-CAV,R4,CAV BOGOTÁ PLAZA CLARO
CAV - BOGOTÁ PLAZA DE LAS AMÉRICAS,CAV,GERENCIA CAV,CONSTANZA ARDILA CRUZ-R4,R4 - REGION CENTRO-CAV,R4,CAV BOGOTÁ PLAZA DE LAS AMÉRICAS
CAV - BOGOTÁ PLAZA IMPERIAL,CAV,GERENCIA CAV,CONSTANZA ARDILA CRUZ-R4,R4 - REGION CENTRO-CAV,R4,CAV BOGOTÁ PLAZA IMPERIAL
CAV - BOGOTÁ RESTREPO,CAV,GERENCIA CAV,CONSTANZA ARDILA CRUZ-R4,R4 - REGION CENTRO-CAV,R4,CAV BOGOTÁ RESTREPO
CAV - BOGOTÁ TITAN PLAZA,CAV,GERENCIA CAV,CONSTANZA ARDILA CRUZ-R4,R4 - REGION CENTRO-CAV,R4,CAV BOGOTÁ TITAN PLAZA
CAV - BOGOTÁ TOBERÍN,CAV,GERENCIA CAV,CONSTANZA ARDILA CRUZ-R4,R4 - REGION CENTRO-CAV,R4,CAV BOGOTÁ TOBERÍN
CAV - BOGOTÁ UNICENTRO,CAV,GERENCIA CAV,CONSTANZA ARDILA CRUZ-R4,R4 - REGION CENTRO-CAV,R4,CAV BOGOTÁ UNICENTRO
CAV - BOGOTÁ VENECIA,CAV,GERENCIA CAV,CONSTANZA ARDILA CRUZ-R4,R4 - REGION CENTRO-CAV,R4,CAV BOGOTÁ VENECIA
CAV - BUCARAMANGA CABECERA,CAV,GERENCIA CAV,INGRID ASTRID SANCHEZ-R5,R5 - REGIÓN ORIENTE-CAV,R5,CAV BUCARAMANGA CABECERA
CAV - BUCARAMANGA OMNICENTRO,CAV,GERENCIA CAV,INGRID ASTRID SANCHEZ-R5,R5 - REGIÓN ORIENTE-CAV,R5,CAV BUCARAMANGA OMNICENTRO
CAV - BUENAVENTURA MALECON,CAV,GERENCIA CAV,TATIANA CORREA PELAEZ-R3,R3 - REGION OCCIDENTE-CAV,R3,CAV BUENAVENTURA MALECON
CAV - CALI CHIPICHAPE,CAV,GERENCIA CAV,TATIANA CORREA PELAEZ-R3,R3 - REGION OCCIDENTE-CAV,R3,CAV CALI CHIPICHAPE
CAV - CALI GRAN COMERCIO,CAV,GERENCIA CAV,TATIANA CORREA PELAEZ-R3,R3 - REGION OCCIDENTE-CAV,R3,CAV CALI GRAN COMERCIO
CAV - CALI LA ESTACIÓN,CAV,GERENCIA CAV,TATIANA CORREA PELAEZ-R3,R3 - REGION OCCIDENTE-CAV,R3,CAV CALI LA ESTACIÓN
CAV - CALI NORTE,CAV,GERENCIA CAV,TATIANA CORREA PELAEZ-R3,R3 - REGION OCCIDENTE-CAV,R3,CAV CALI NORTE
CAV - CALI PALMETTO,CAV,GERENCIA CAV,TATIANA CORREA PELAEZ-R3,R3 - REGION OCCIDENTE-CAV,R3,CAV CALI PALMETTO
CAV - CALI SUR,CAV,GERENCIA CAV,TATIANA CORREA PELAEZ-R3,R3 - REGION OCCIDENTE-CAV,R3,CAV CALI SUR
CAV - CARTAGENA BOCAGRANDE,CAV,GERENCIA CAV,MANUEL SALVADOR PEREZ CAICEDO-R1,R1 - REGION COSTA-CAV,R1,CAV CARTAGENA BOCAGRANDE
CAV - CARTAGENA EJECUTIVOS,CAV,GERENCIA CAV,MANUEL SALVADOR PEREZ CAICEDO-R1,R1 - REGION COSTA-CAV,R1,CAV CARTAGENA EJECUTIVOS
CAV - CARTAGENA GRAN MANZANA,CAV,GERENCIA CAV,MANUEL SALVADOR PEREZ CAICEDO-R1,R1 - REGION COSTA-CAV,R1,CAV CARTAGENA GRAN MANZANA
CAV - CARTAGO,CAV,GERENCIA CAV,TATIANA CORREA PELAEZ-R3,R3 - REGION OCCIDENTE-CAV,R3,CAV CARTAGO
CAV - CAUCASIA,CAV,GERENCIA CAV,GERENTE REGIONAL - R2,R2 - REGION NOROCCIDENTE-CAV,R2,CAV CAUCASIA
CAV - CHIA FONTANAR,CAV,GERENCIA CAV,CONSTANZA ARDILA CRUZ-R4,R4 - REGION CENTRO-CAV,R4,CAV CHIA FONTANAR
CAV - CHIA LA LIBERTAD,CAV,GERENCIA CAV,CONSTANZA ARDILA CRUZ-R4,R4 - REGION CENTRO-CAV,R4,CAV CHIA LA LIBERTAD
CAV - CÚCUTA AV. GRAN COLOMBIA,CAV,GERENCIA CAV,INGRID ASTRID SANCHEZ-R5,R5 - REGIÓN ORIENTE-CAV,R5,CAV CÚCUTA AV. GRAN COLOMBIA
CAV - CÚCUTA CENTRO,CAV,GERENCIA CAV,INGRID ASTRID SANCHEZ-R5,R5 - REGIÓN ORIENTE-CAV,R5,CAV CÚCUTA CENTRO
CAV - DUITAMA,CAV,GERENCIA CAV,INGRID ASTRID SANCHEZ-R5,R5 - REGIÓN ORIENTE-CAV,R5,CAV DUITAMA
CAV - ENVIGADO VIVA,CAV,GERENCIA CAV,GERENTE REGIONAL - R2,R2 - REGION NOROCCIDENTE-CAV,R2,CAV ENVIGADO VIVA
CAV - FLORENCIA,CAV,GERENCIA CAV,TATIANA CORREA PELAEZ-R3,R3 - REGION OCCIDENTE-CAV,R3,CAV FLORENCIA
CAV - FLORIDABLANCA,CAV,GERENCIA CAV,INGRID ASTRID SANCHEZ-R5,R5 - REGIÓN ORIENTE-CAV,R5,CAV FLORIDABLANCA
CAV - FUSAGASUGÁ,CAV,GERENCIA CAV,INGRID ASTRID SANCHEZ-R5,R5 - REGIÓN ORIENTE-CAV,R5,CAV FUSAGASUGÁ
CAV - GIRARDOT,CAV,GERENCIA CAV,INGRID ASTRID SANCHEZ-R5,R5 - REGIÓN ORIENTE-CAV,R5,CAV GIRARDOT
CAV - IBAGUE CENTRO,CAV,GERENCIA CAV,TATIANA CORREA PELAEZ-R3,R3 - REGION OCCIDENTE-CAV,R3,CAV IBAGUE CENTRO
CAV - IBAGUE FONTAINEBLEAU,CAV,GERENCIA CAV,TATIANA CORREA PELAEZ-R3,R3 - REGION OCCIDENTE-CAV,R3,CAV IBAGUE FONTAINEBLEAU
CAV - IPIALES,CAV,GERENCIA CAV,TATIANA CORREA PELAEZ-R3,R3 - REGION OCCIDENTE-CAV,R3,CAV IPIALES
CAV - LA DORADA,CAV,GERENCIA CAV,GERENTE REGIONAL - R2,R2 - REGION NOROCCIDENTE-CAV,R2,CAV LA DORADA
CAV - MANIZALES EL CABLE,CAV,GERENCIA CAV,GERENTE REGIONAL - R2,R2 - REGION NOROCCIDENTE-CAV,R2,CAV MANIZALES EL CABLE
CAV - MEDELLÍN AV. COLOMBIA,CAV,GERENCIA CAV,GERENTE REGIONAL - R2,R2 - REGION NOROCCIDENTE-CAV,R2,CAV MEDELLÍN AV. COLOMBIA
CAV - MEDELLÍN LA CENTRAL,CAV,GERENCIA CAV,GERENTE REGIONAL - R2,R2 - REGION NOROCCIDENTE-CAV,R2,CAV MEDELLÍN LA CENTRAL
CAV - MEDELLÍN MAYORCA,CAV,GERENCIA CAV,GERENTE REGIONAL - R2,R2 - REGION NOROCCIDENTE-CAV,R2,CAV MEDELLÍN MAYORCA
CAV - MEDELLÍN MOLINOS,CAV,GERENCIA CAV,GERENTE REGIONAL - R2,R2 - REGION NOROCCIDENTE-CAV,R2,CAV MEDELLÍN MOLINOS
CAV - MEDELLIN PARQUE FABRICATO,CAV,GERENCIA CAV,GERENTE REGIONAL - R2,R2 - REGION NOROCCIDENTE-CAV,R2,CAV MEDELLÍN PARQUE FABRICATO
CAV - MEDELLÍN PREMIUM,CAV,GERENCIA CAV,GERENTE REGIONAL - R2,R2 - REGION NOROCCIDENTE-CAV,R2,CAV MEDELLÍN PREMIUM
CAV - MEDELLÍN SANTA FÉ,CAV,GERENCIA CAV,GERENTE REGIONAL - R2,R2 - REGION NOROCCIDENTE-CAV,R2,CAV MEDELLÍN SANTA FÉ
CAV - MONTERIA ALAMEDA,CAV,GERENCIA CAV,MANUEL SALVADOR PEREZ CAICEDO-R1,R1 - REGION COSTA-CAV,R1,CAV MONTERIA ALAMEDA
CAV - MOSQUERA,CAV,GERENCIA CAV,CONSTANZA ARDILA CRUZ-R4,R4 - REGION CENTRO-CAV,R4,CAV MOSQUERA
CAV - NEIVA CENTRO,CAV,GERENCIA CAV,TATIANA CORREA PELAEZ-R3,R3 - REGION OCCIDENTE-CAV,R3,CAV NEIVA CENTRO
CAV - NEIVA SAN PEDRO,CAV,GERENCIA CAV,TATIANA CORREA PELAEZ-R3,R3 - REGION OCCIDENTE-CAV,R3,CAV NEIVA SAN PEDRO
CAV - PALMIRA CENTRO,CAV,GERENCIA CAV,TATIANA CORREA PELAEZ-R3,R3 - REGION OCCIDENTE-CAV,R3,CAV PALMIRA CENTRO
CAV - PASTO,CAV,GERENCIA CAV,TATIANA CORREA PELAEZ-R3,R3 - REGION OCCIDENTE-CAV,R3,CAV PASTO
CAV - PEREIRA ESTACIÓN CENTRAL,CAV,GERENCIA CAV,GERENTE REGIONAL - R2,R2 - REGION NOROCCIDENTE-CAV,R2,CAV PEREIRA ESTACIÓN CENTRAL
CAV - PEREIRA LA REBECA,CAV,GERENCIA CAV,GERENTE REGIONAL - R2,R2 - REGION NOROCCIDENTE-CAV,R2,CAV PEREIRA LA REBECA
CAV - POPAYAN CAMPANARIO,CAV,GERENCIA CAV,TATIANA CORREA PELAEZ-R3,R3 - REGION OCCIDENTE-CAV,R3,CAV POPAYAN CAMPANARIO
CAV - POPAYÁN PLAZA COLONIAL,CAV,GERENCIA CAV,TATIANA CORREA PELAEZ-R3,R3 - REGION OCCIDENTE-CAV,R3,CAV POPAYÁN PLAZA COLONIAL
CAV - PUERTA DEL NORTE,CAV,GERENCIA CAV,GERENTE REGIONAL - R2,R2 - REGION NOROCCIDENTE-CAV,R2,CAV PUERTA DEL NORTE
CAV - QUIBDÓ,CAV,GERENCIA CAV,GERENTE REGIONAL - R2,R2 - REGION NOROCCIDENTE-CAV,R2,CAV QUIBDÓ
CAV - RIOHACHA,CAV,GERENCIA CAV,MANUEL SALVADOR PEREZ CAICEDO-R1,R1 - REGION COSTA-CAV,R1,CAV RIOHACHA
CAV - RIONEGRO,CAV,GERENCIA CAV,GERENTE REGIONAL - R2,R2 - REGION NOROCCIDENTE-CAV,R2,CAV RIONEGRO
CAV - SAN ANDRES,CAV,GERENCIA CAV,MANUEL SALVADOR PEREZ CAICEDO-R1,R1 - REGION COSTA-CAV,R1,CAV SAN ANDRES
CAV - SANTA MARTA BUENAVISTA,CAV,GERENCIA CAV,MANUEL SALVADOR PEREZ CAICEDO-R1,R1 - REGION COSTA-CAV,R1,CAV SANTA MARTA BUENAVISTA
CAV - SINCELEJO GUACARÍ,CAV,GERENCIA CAV,MANUEL SALVADOR PEREZ CAICEDO-R1,R1 - REGION COSTA-CAV,R1,CAV SINCELEJO GUACARÍ
CAV - SOACHA MERCURIO II,CAV,GERENCIA CAV,CONSTANZA ARDILA CRUZ-R4,R4 - REGION CENTRO-CAV,R4,CAV SOACHA MERCURIO II
CAV - SOGAMOSO,CAV,GERENCIA CAV,INGRID ASTRID SANCHEZ-R5,R5 - REGIÓN ORIENTE-CAV,R5,CAV SOGAMOSO
CAV - TULUÁ SALESIANO,CAV,GERENCIA CAV,TATIANA CORREA PELAEZ-R3,R3 - REGION OCCIDENTE-CAV,R3,CAV TULUÁ SALESIANO
CAV - TUMACO,CAV,GERENCIA CAV,TATIANA CORREA PELAEZ-R3,R3 - REGION OCCIDENTE-CAV,R3,CAV TUMACO
CAV - VALLEDUPAR GUATAPURÍ,CAV,GERENCIA CAV,MANUEL SALVADOR PEREZ CAICEDO-R1,R1 - REGION COSTA-CAV,R1,CAV VALLEDUPAR GUATAPURÍ
CAV - VALLEDUPAR MAYALES,CAV,GERENCIA CAV,MANUEL SALVADOR PEREZ CAICEDO-R1,R1 - REGION COSTA-CAV,R1,CAV VALLEDUPAR MAYALES
CAV - VILLAVICENCIO ORIENTE,CAV,GERENCIA CAV,INGRID ASTRID SANCHEZ-R5,R5 - REGIÓN ORIENTE-CAV,R5,CAV VILLAVICENCIO ORIENTE
CAV - VILLAVICENCIO VILLA CENTRO,CAV,GERENCIA CAV,INGRID ASTRID SANCHEZ-R5,R5 - REGIÓN ORIENTE-CAV,R5,CAV VILLAVICENCIO VILLA CENTRO
CAV - VIVA TUNJA,CAV,GERENCIA CAV,INGRID ASTRID SANCHEZ-R5,R5 - REGIÓN ORIENTE-CAV,R5,CAV VIVA TUNJA
CAV - YOPAL,CAV,GERENCIA CAV,INGRID ASTRID SANCHEZ-R5,R5 - REGIÓN ORIENTE-CAV,R5,CAV YOPAL
CAV - ZIPAQUIRA,CAV,GERENCIA CAV,CONSTANZA ARDILA CRUZ-R4,R4 - REGION CENTRO-CAV,R4,CAV ZIPAQUIRA
CELL CENTER PLUS-R5-PDV-COM,COMERCIAL,AGENTES COMERCIALES,COM-PDV,R5 REGION ORIENTE-PDV,R5,CELL CENTER PLUS
CELL PEOPLE SAS-CALLE-R2-COM,COMERCIAL,AGENTES COMERCIALES,COM-CALLE,R2 REGION NOROCCIDENTE-CALLE,R2,CELL PEOPLE SAS
CELL PEOPLE SAS-R2-PDV-COM,COMERCIAL,AGENTES COMERCIALES,COM-PDV,R2 REGION NOROCCIDENTE-PDV,R2,CELL PEOPLE SAS
CELL TEC CUBA-R2-CADENAS,COMERCIAL,RETAIL,COM-CADENAS,R2 REGION NOROCCIDENTE-CADENAS,R2,CELL TEC CUBA
CELLPLUS SAS-CALLE-R3-COM,COMERCIAL,AGENTES COMERCIALES,COM-CALLE,R3 REGION OCCIDENTE-CALLE,R3,CELLPLUS SAS
CELLPLUS SAS-R3-PDV-COM,COMERCIAL,AGENTES COMERCIALES,COM-PDV,R3 REGION OCCIDENTE-PDV,R3,CELLPLUS SAS
CELMARKET SAS-R5-PDV-COM,COMERCIAL,AGENTES COMERCIALES,COM-PDV,R5 REGION ORIENTE-PDV,R5,CELMARKET SAS
CELTEL SA-CALLE-R5-COM,COMERCIAL,AGENTES COMERCIALES,COM-CALLE,R5 REGION ORIENTE-CALLE,R5,CELTEL SA
CELTEL SA-R2-PDV-COM,COMERCIAL,AGENTES COMERCIALES,COM-PDV,R2 REGION NOROCCIDENTE-PDV,R2,CELTEL SA
CELTEL SA-R4-PDV-COM,COMERCIAL,AGENTES COMERCIALES,COM-PDV,R4 REGION CENTRO-PDV,R4,CELTEL SA
CELTEL SA-R5-PDV-COM,COMERCIAL,AGENTES COMERCIALES,COM-PDV,R5 REGION ORIENTE-PDV,R5,CELTEL SA
CELTEL SA-R5-TAT,COMERCIAL,PREPAGO,COM-TAT,R5 REGION ORIENTE-TAT,R5,CELTEL SA
CELU STAR NET SAS-R5-PDV-COM,COMERCIAL,AGENTES COMERCIALES,COM-PDV,R5 REGION ORIENTE-PDV,R5,CELU STAR NET SAS
CELU VALLE YK-R1-CADENAS,COMERCIAL,RETAIL,COM-CADENAS,R1 REGION COSTA-CADENAS,R1,CELU VALLE YK
CELUCLICK-R5-PDV-COM,COMERCIAL,AGENTES COMERCIALES,COM-PDV,R5 REGION ORIENTE-PDV,R5,CELUCLICK
CELUGROUP SAS-CALLE-R2-COM,COMERCIAL,AGENTES COMERCIALES,COM-CALLE,R2 REGION NOROCCIDENTE-CALLE,R2,CELUGROUP SAS
CELUGROUP SAS-R2-PDV-COM,COMERCIAL,AGENTES COMERCIALES,COM-PDV,R2 REGION NOROCCIDENTE-PDV,R2,CELUGROUP SAS
CELULARES Y TELECOMUNICACIONES CELTEL-R5-PDV-COM,COMERCIAL,AGENTES COMERCIALES,COM-PDV,R5 REGION ORIENTE-PDV,R5,CELULARES Y TELECOMUNICACIONES CELTEL
CELULLANO-R5-PDV-COM,COMERCIAL,AGENTES COMERCIALES,COM-PDV,R5 REGION ORIENTE-PDV,R5,CELULLANO
CELUMAX JT SAS-CALLE-R1-COM,COMERCIAL,AGENTES COMERCIALES,COM-CALLE,R1 REGION COSTA-CALLE,R1,CELUMAX JT SAS
CELUMAX JT SAS-PDV-R1-COM,COMERCIAL,AGENTES COMERCIALES,COM-PDV,R1 REGION COSTA-PDV,R1,CELUMAX JT SAS
CELUNION-R4-PDV-COM,COMERCIAL,AGENTES COMERCIALES,COM-PDV,R4 REGION CENTRO-PDV,R4,CELUNION
CELUNORTE COMUNICACIONES-CALLE-R1-COM,COMERCIAL,AGENTES COMERCIALES,COM-CALLE,R1 REGION COSTA-CALLE,R1,CELUNORTE COMUNICACIONES
CELUNORTE COMUNICACIONES-PDV-R1-COM,COMERCIAL,AGENTES COMERCIALES,COM-PDV,R1 REGION COSTA-PDV,R1,CELUNORTE COMUNICACIONES
CELUNORTE COMUNICACIONES-R1-TAT,COMERCIAL,PREPAGO,COM-TAT,R1 REGION COSTA-TAT,R1,CELUNORTE COMUNICACIONES
CELUSTAR COMUNICACIONES-CALLE-R2-COM,COMERCIAL,AGENTES COMERCIALES,COM-CALLE,R2 REGION NOROCCIDENTE-CALLE,R2,CELUSTAR COMUNICACIONES
CELUSTAR COMUNICACIONES-R2-PDV-COM,COMERCIAL,AGENTES COMERCIALES,COM-PDV,R2 REGION NOROCCIDENTE-PDV,R2,CELUSTAR COMUNICACIONES
CELUSTORE COMUNICACIONES-R3-PDV-COM,COMERCIAL,AGENTES COMERCIALES,COM-PDV,R3 REGION OCCIDENTE-PDV,R3,CELUSTORE COMUNICACIONES
CELYA SAS-R4-CADENAS,COMERCIAL,RETAIL,COM-CADENAS,R4 REGION CENTRO-CADENAS,R4,CELYA SAS
CEMOVIL DE OCCIDENTE-R3-TAT,COMERCIAL,PREPAGO,COM-TAT,R3 REGION OCCIDENTE-TAT,R3,CEMOVIL DE OCCIDENTE
CENCOSUD-R1-CADENAS,COMERCIAL,RETAIL,COM-CADENAS,R1 REGION COSTA-CADENAS,R1,CENCOSUD
CENCOSUD-R2-CADENAS,COMERCIAL,RETAIL,COM-CADENAS,R2 REGION NOROCCIDENTE-CADENAS,R2,CENCOSUD
CENCOSUD-R3-CADENAS,COMERCIAL,RETAIL,COM-CADENAS,R3 REGION OCCIDENTE-CADENAS,R3,CENCOSUD
CENCOSUD-R4-CADENAS,COMERCIAL,RETAIL,COM-CADENAS,R4 REGION CENTRO-CADENAS,R4,CENCOSUD
CENCOSUD-R5-CADENAS,COMERCIAL,RETAIL,COM-CADENAS,R5 REGION ORIENTE-CADENAS,R5,CENCOSUD
CENTRO  COMERCIAL-R4-CADENAS,COMERCIAL,RETAIL,COM-CADENAS,R4 REGION CENTRO-CADENAS,R4,CENTRO  COMERCIAL
CENTRO COMERCIAL-R1-CADENAS,COMERCIAL,RETAIL,COM-CADENAS,R1 REGION COSTA-CADENAS,R1,CENTRO COMERCIAL
CENTRO COMERCIAL-R2-CADENAS,COMERCIAL,RETAIL,COM-CADENAS,R2 REGION NOROCCIDENTE-CADENAS,R2,CENTRO COMERCIAL
CENTRO COMERCIAL-R3-CADENAS,COMERCIAL,RETAIL,COM-CADENAS,R3 REGION OCCIDENTE-CADENAS,R3,CENTRO COMERCIAL
CENTRO COMERCIAL-R4-CADENAS,COMERCIAL,RETAIL,COM-CADENAS,R4 REGION CENTRO-CADENAS,R4,CENTRO COMERCIAL
CENTRO COMERCIAL-R5-CADENAS,COMERCIAL,RETAIL,COM-CADENAS,R5 REGION ORIENTE-CADENAS,R5,CENTRO COMERCIAL
CENTRO TECNOLOGICO DEL SINU-R1-CADENAS,COMERCIAL,RETAIL,COM-CADENAS,R1 REGION COSTA-CADENAS,R1,CENTRO TECNOLOGICO DEL SINU
CENTROS COMERCIALES-R3-CADENAS,COMERCIAL,RETAIL,COM-CADENAS,R3 REGION OCCIDENTE-CADENAS,R3,CENTROS COMERCIALES
CHACAM TRADING-R2-CADENAS,COMERCIAL,RETAIL,COM-CADENAS,R2 REGION NOROCCIDENTE-CADENAS,R2,CHACAM TRADING
CHACAM TRADING-R3-CADENAS,COMERCIAL,RETAIL,COM-CADENAS,R3 REGION OCCIDENTE-CADENAS,R3,CHACAM TRADING
CHACAM TRADING-R4-CADENAS,COMERCIAL,RETAIL,COM-CADENAS,R4 REGION CENTRO-CADENAS,R4,CHACAM TRADING
CHACAM TRADING-R5-CADENAS,COMERCIAL,RETAIL,COM-CADENAS,R5 REGION ORIENTE-CADENAS,R5,CHACAM TRADING
CI TIERRA DE NEGOCIOS-CALLE-R5-COM,COMERCIAL,AGENTES COMERCIALES,COM-CALLE,R5 REGION ORIENTE-CALLE,R5,CI TIERRA DE NEGOCIOS
CIBERCEL SAS-R5-PDV-COM,COMERCIAL,AGENTES COMERCIALES,COM-PDV,R5 REGION ORIENTE-PDV,R5,CIBERCEL SAS
CICOMARG SAS-R4-PDV-COM,COMERCIAL,AGENTES COMERCIALES,COM-PDV,R4 REGION CENTRO-PDV,R4,CICOMARG SAS
CLAROCEL-R5-PDV-COM,COMERCIAL,AGENTES COMERCIALES,COM-PDV,R5 REGION ORIENTE-PDV,R5,CLAROCEL
CLAUDIA PATRICIA GIL-R5-CADENAS,COMERCIAL,RETAIL,COM-CADENAS,R5 REGION ORIENTE-CADENAS,R5,CLAUDIA PATRICIA GIL
CLEARPHONE SAS-R5-PDV-COM,COMERCIAL,AGENTES COMERCIALES,COM-PDV,R5 REGION ORIENTE-PDV,R5,CLEARPHONE SAS
CLINICEL JP-R3-CADENAS,COMERCIAL,RETAIL,COM-CADENAS,R3 REGION OCCIDENTE-CADENAS,R3,CLINICEL JP
COANDES-R2-CADENAS,COMERCIAL,RETAIL,COM-CADENAS,R2 REGION NOROCCIDENTE-CADENAS,R2,COANDES
COANDES-R3-CADENAS,COMERCIAL,RETAIL,COM-CADENAS,R3 REGION OCCIDENTE-CADENAS,R3,COANDES
CODESA-R1-CADENAS,COMERCIAL,RETAIL,COM-CADENAS,R1 REGION COSTA-CADENAS,R1,CODESA
CODESA-R2-CADENAS,COMERCIAL,RETAIL,COM-CADENAS,R2 REGION NOROCCIDENTE-CADENAS,R2,CODESA
CODESA-R3-CADENAS,COMERCIAL,RETAIL,COM-CADENAS,R3 REGION OCCIDENTE-CADENAS,R3,CODESA
CODESA-R5-CADENAS,COMERCIAL,RETAIL,COM-CADENAS,R5 REGION ORIENTE-CADENAS,R5,CODESA
COLMOVILES TELECOMUNICACIONES-CALLE-R3-COM,COMERCIAL,AGENTES COMERCIALES,COM-CALLE,R3 REGION OCCIDENTE-CALLE,R3,COLMOVILES TELECOMUNICACIONES
COLMOVILES TELECOMUNICACIONES-R3-PDV-COM,COMERCIAL,AGENTES COMERCIALES,COM-PDV,R3 REGION OCCIDENTE-PDV,R3,COLMOVILES TELECOMUNICACIONES
COLSUBSIDIO-R2-CADENAS,COMERCIAL,RETAIL,COM-CADENAS,R2 REGION NOROCCIDENTE-CADENAS,R2,COLSUBSIDIO
COLSUBSIDIO-R3-CADENAS,COMERCIAL,RETAIL,COM-CADENAS,R3 REGION OCCIDENTE-CADENAS,R3,COLSUBSIDIO
COLSUBSIDIO-R4-CADENAS,COMERCIAL,RETAIL,COM-CADENAS,R4 REGION CENTRO-CADENAS,R4,COLSUBSIDIO
COLSUBSIDIO-R5-CADENAS,COMERCIAL,RETAIL,COM-CADENAS,R5 REGION ORIENTE-CADENAS,R5,COLSUBSIDIO
COM CLARO DEL ARCHIPIELAGO-PDV-R1-COM,COMERCIAL,AGENTES COMERCIALES,COM-PDV,R1 REGION COSTA-PDV,R1,COM CLARO DEL ARCHIPIELAGO
COMERCIAL ELECTROMUEBLES Y CIA LTDA-R5-CADENAS,COMERCIAL,RETAIL,COM-CADENAS,R5 REGION ORIENTE-CADENAS,R5,COMERCIAL ELECTROMUEBLES Y CIA LTDA
COMERCIALIZADORA FLORALIA S.A.-R3-CADENAS,COMERCIAL,RETAIL,COM-CADENAS,R3 REGION OCCIDENTE-CADENAS,R3,COMERCIALIZADORA FLORALIA S.A.
COMERCIALIZADORA GIRALDO DEL CARIBE S.A.S-R1-CADENAS,COMERCIAL,RETAIL,COM-CADENAS,R1 REGION COSTA-CADENAS,R1,COMERCIALIZADORA GIRALDO DEL CARIBE S.A.S
COMERCIALIZADORA LOS MONTES-R5-CADENAS,COMERCIAL,RETAIL,COM-CADENAS,R5 REGION ORIENTE-CADENAS,R5,COMERCIALIZADORA LOS MONTES
COMERCIALIZADORA SATELITAL DEL ORIENTE SAS-R5-CADENAS,COMERCIAL,RETAIL,COM-CADENAS,R5 REGION ORIENTE-CADENAS,R5,COMERCIALIZADORA SATELITAL DEL ORIENTE SAS
COMMUTE SAS-R1-TAT,COMERCIAL,PREPAGO,COM-TAT,R1 REGION COSTA-TAT,R1,COMMUTE SAS
COMNAPAC-R5-PDV-COM,COMERCIAL,AGENTES COMERCIALES,COM-PDV,R5 REGION ORIENTE-PDV,R5,COMNAPAC
COMNORTE-CALLE-R2-COM,COMERCIAL,AGENTES COMERCIALES,COM-CALLE,R2 REGION NOROCCIDENTE-CALLE,R2,COMNORTE
COMNORTE-R2-PDV-COM,COMERCIAL,AGENTES COMERCIALES,COM-PDV,R2 REGION NOROCCIDENTE-PDV,R2,COMNORTE
COMOVIL-R4-PDV-COM,COMERCIAL,AGENTES COMERCIALES,COM-PDV,R4 REGION CENTRO-PDV,R4,COMOVIL
COMPRODIGIOS SAS-R2-PDV-COM,COMERCIAL,AGENTES COMERCIALES,COM-PDV,R2 REGION NOROCCIDENTE-PDV,R2,COMPRODIGIOS SAS
COMTEL SAS-CALLE-R1-COM,COMERCIAL,AGENTES COMERCIALES,COM-CALLE,R1 REGION COSTA-CALLE,R1,COMTEL SAS
COMTEL SAS-PDV-R1-COM,COMERCIAL,AGENTES COMERCIALES,COM-PDV,R1 REGION COSTA-PDV,R1,COMTEL SAS
COMUNICACIONES DEL SUR-CALLE-R1-COM,COMERCIAL,AGENTES COMERCIALES,COM-CALLE,R1 REGION COSTA-CALLE,R1,COMUNICACIONES DEL SUR
COMUNICACIONES DEL SUR-CALLE-R5-COM,COMERCIAL,AGENTES COMERCIALES,COM-CALLE,R5 REGION ORIENTE-CALLE,R5,COMUNICACIONES DEL SUR
COMUNICACIONES DEL SUR-PDV-R1-COM,COMERCIAL,AGENTES COMERCIALES,COM-PDV,R1 REGION COSTA-PDV,R1,COMUNICACIONES DEL SUR
COMUNICACIONES DOFER-R5-PDV-COM,COMERCIAL,AGENTES COMERCIALES,COM-PDV,R5 REGION ORIENTE-PDV,R5,COMUNICACIONES DOFER
COMUNICACIONES JQ SAS-R2-PDV-COM,COMERCIAL,AGENTES COMERCIALES,COM-PDV,R2 REGION NOROCCIDENTE-PDV,R2,COMUNICACIONES JQ SAS
COMUNICACIONES K E H-R5-CADENAS,COMERCIAL,RETAIL,COM-CADENAS,R5 REGION ORIENTE-CADENAS,R5,COMUNICACIONES K E H
COMVOS-R2-CADENAS,COMERCIAL,RETAIL,COM-CADENAS,R2 REGION NOROCCIDENTE-CADENAS,R2,COMVOS
CONCEL RETAIL-R5-CADENAS,COMERCIAL,RETAIL,COM-CADENAS,R5 REGION ORIENTE-CADENAS,R5,CONCEL RETAIL
CONECTADOS MOVIL SAS-CALLE-R5-COM,COMERCIAL,AGENTES COMERCIALES,COM-CALLE,R5 REGION ORIENTE-CALLE,R5,CONECTADOS MOVIL SAS
CONECTADOS MOVIL SAS-R5-PDV-COM,COMERCIAL,AGENTES COMERCIALES,COM-PDV,R5 REGION ORIENTE-PDV,R5,CONECTADOS MOVIL SAS
CONECTIVIDAD MOVIL-CALLE-R3-COM,COMERCIAL,AGENTES COMERCIALES,COM-CALLE,R3 REGION OCCIDENTE-CALLE,R3,CONECTIVIDAD MOVIL
CONECTIVIDAD MOVIL-R3-PDV-COM,COMERCIAL,AGENTES COMERCIALES,COM-PDV,R3 REGION OCCIDENTE-PDV,R3,CONECTIVIDAD MOVIL
CONECTIVIDAD MOVIL-R4-PDV-COM,COMERCIAL,AGENTES COMERCIALES,COM-PDV,R4 REGION CENTRO-PDV,R4,CONECTIVIDAD MOVIL
CONECTIVIDAD MOVIL-R5-PDV-COM,COMERCIAL,AGENTES COMERCIALES,COM-PDV,R5 REGION ORIENTE-PDV,R5,CONECTIVIDAD MOVIL
CONEXIONES CELULARES-CALLE-R3-COM,COMERCIAL,AGENTES COMERCIALES,COM-CALLE,R3 REGION OCCIDENTE-CALLE,R3,CONEXIONES CELULARES
CONEXIONES CELULARES-R3-PDV-COM,COMERCIAL,AGENTES COMERCIALES,COM-PDV,R3 REGION OCCIDENTE-PDV,R3,CONEXIONES CELULARES
CONEXIONES CELULARES-R4-PDV-COM,COMERCIAL,AGENTES COMERCIALES,COM-PDV,R4 REGION CENTRO-PDV,R4,CONEXIONES CELULARES
CONEXIONES CELULARES-R5-PDV-COM,COMERCIAL,AGENTES COMERCIALES,COM-PDV,R5 REGION ORIENTE-PDV,R5,CONEXIONES CELULARES
CONEXIONES DIGITALES BPO SAS-JAIRO MACHADO-MOVIL MIGRACION-R2,TMK,JAIRO MACHADO,TMK-JAIRO MACHADO-MOVIL MIGRACION,R2 REGION NOROCCIDENTE-JAIRO MACHADO-MOVIL MIGRACION,R2,CONEXIONES DIGITALES BPO SAS
CONEXIONES DIGITALES BPO SAS-JAIRO MACHADO-MOVIL PORTABILIDAD-R2,TMK,JAIRO MACHADO,TMK-JAIRO MACHADO-MOVIL PORTABILIDAD,R2 REGION NOROCCIDENTE-JAIRO MACHADO-MOVIL PORTABILIDAD,R2,CONEXIONES DIGITALES BPO SAS
CONEXIONES DIGITALES BPO SAS-JENNIFER ARIAS-HOGAR-R3,TMK,JENNIFER ARIAS,TMK-JENNIFER ARIAS-HOGAR,R3 REGION OCCIDENTE-JENNIFER ARIAS-HOGAR,R3,CONEXIONES DIGITALES BPO SAS
CONEXIONES DIGITALES BPO SAS-JENNIFER ARIAS-HOGAR-R4,TMK,JENNIFER ARIAS,TMK-JENNIFER ARIAS-HOGAR,R4 REGION CENTRO-JENNIFER ARIAS-HOGAR,R4,CONEXIONES DIGITALES BPO SAS
CONEXIONES DIGITALES BPO SAS-JENNIFER ARIAS-HOGAR-R5,TMK,JENNIFER ARIAS,TMK-JENNIFER ARIAS-HOGAR,R5 REGION ORIENTE-JENNIFER ARIAS-HOGAR,R5,CONEXIONES DIGITALES BPO SAS
CONEXIONES DIGITALES BPO SAS-RUSSI CARDENAS GIANCARLO-T&T-R1,TMK,JEAN CARLO RUSSI,TMK-T&T,R1 REGION COSTA-T&T,R1,CONEXIONES DIGITALES BPO SAS
CONEXIONES DIGITALES BPO SAS-RUSSI CARDENAS GIANCARLO-T&T-R2,TMK,JEAN CARLO RUSSI,TMK-T&T,R2 REGION NOROCCIDENTE-T&T,R2,CONEXIONES DIGITALES BPO SAS
CONEXIONES DIGITALES BPO SAS-RUSSI CARDENAS GIANCARLO-T&T-R3,TMK,JEAN CARLO RUSSI,TMK-T&T,R3 REGION OCCIDENTE-T&T,R3,CONEXIONES DIGITALES BPO SAS
CONEXIONES DIGITALES BPO SAS-RUSSI CARDENAS GIANCARLO-T&T-R4,TMK,JEAN CARLO RUSSI,TMK-T&T,R4 REGION CENTRO-T&T,R4,CONEXIONES DIGITALES BPO SAS
CONEXIONES DIGITALES BPO SAS-RUSSI CARDENAS GIANCARLO-T&T-R5,TMK,JEAN CARLO RUSSI,TMK-T&T,R5 REGION ORIENTE-T&T,R5,CONEXIONES DIGITALES BPO SAS
CONFEMOVIL SAS-CALLE-R3-COM,COMERCIAL,AGENTES COMERCIALES,COM-CALLE,R3 REGION OCCIDENTE-CALLE,R3,CONFEMOVIL SAS
CONFEMOVIL SAS-CALLE-R4-COM,COMERCIAL,AGENTES COMERCIALES,COM-CALLE,R4 REGION CENTRO-CALLE,R4,CONFEMOVIL SAS
CONFEMOVIL SAS-R3-PDV-COM,COMERCIAL,AGENTES COMERCIALES,COM-PDV,R3 REGION OCCIDENTE-PDV,R3,CONFEMOVIL SAS
CONFEMOVIL SAS-R4-PDV-COM,COMERCIAL,AGENTES COMERCIALES,COM-PDV,R4 REGION CENTRO-PDV,R4,CONFEMOVIL SAS
CONRADO ANDRES NUÑEZ GIRALDO-R5-CADENAS,COMERCIAL,RETAIL,COM-CADENAS,R5 REGION ORIENTE-CADENAS,R5,CONRADO ANDRES NUÑEZ GIRALDO
CONSULTOR DIRECTO VENTAS-DIRECTO PYME-R1,PYME,GERENCIA PYME,PYME-DIRECTO PYME,R1 REGION COSTA-DIRECTO PYME,R1,CONSULTOR DIRECTO VENTAS
CONSULTOR DIRECTO VENTAS-DIRECTO PYME-R2,PYME,GERENCIA PYME,PYME-DIRECTO PYME,R2 REGION NOROCCIDENTE-DIRECTO PYME,R2,CONSULTOR DIRECTO VENTAS
CONSULTOR DIRECTO VENTAS-DIRECTO PYME-R3,PYME,GERENCIA PYME,PYME-DIRECTO PYME,R3 REGION OCCIDENTE-DIRECTO PYME,R3,CONSULTOR DIRECTO VENTAS
CONSULTOR DIRECTO VENTAS-DIRECTO PYME-R4,PYME,GERENCIA PYME,PYME-DIRECTO PYME,R4 REGION CENTRO-DIRECTO PYME,R4,CONSULTOR DIRECTO VENTAS
CONSULTOR DIRECTO VENTAS-DIRECTO PYME-R5,PYME,GERENCIA PYME,PYME-DIRECTO PYME,R5 REGION ORIENTE-DIRECTO PYME,R5,CONSULTOR DIRECTO VENTAS
CONSULTOR DIRECTO VENTAS-TMK PYME-R1,PYME,GERENCIA PYME,PYME-TMK PYME,R1 REGION COSTA-TMK PYME,R1,CONSULTOR DIRECTO VENTAS
CONSULTOR DIRECTO VENTAS-TMK PYME-R2,PYME,GERENCIA PYME,PYME-TMK PYME,R2 REGION NOROCCIDENTE-TMK PYME,R2,CONSULTOR DIRECTO VENTAS
CONSULTOR DIRECTO VENTAS-TMK PYME-R3,PYME,GERENCIA PYME,PYME-TMK PYME,R3 REGION OCCIDENTE-TMK PYME,R3,CONSULTOR DIRECTO VENTAS
CONSULTOR DIRECTO VENTAS-TMK PYME-R4,PYME,GERENCIA PYME,PYME-TMK PYME,R4 REGION CENTRO-TMK PYME,R4,CONSULTOR DIRECTO VENTAS
CONSULTOR DIRECTO VENTAS-TMK PYME-R5,PYME,GERENCIA PYME,PYME-TMK PYME,R5 REGION ORIENTE-TMK PYME,R5,CONSULTOR DIRECTO VENTAS
CONSULTOR SERVICIO-CUIDADO AL CLIENTE EMPRESAS-R1,CUIDADO AL CLIENTE,GERENCIA EMPRESAS,EMPRESAS-CUIDADO AL CLIENTE EMPRESAS,R1 REGION COSTA-CUIDADO AL CLIENTE EMPRESAS,R1,CONSULTOR SERVICIO
CONSULTOR SERVICIO-CUIDADO AL CLIENTE EMPRESAS-R2,CUIDADO AL CLIENTE,GERENCIA EMPRESAS,EMPRESAS-CUIDADO AL CLIENTE EMPRESAS,R2 REGION NOROCCIDENTE-CUIDADO AL CLIENTE EMPRESAS,R2,CONSULTOR SERVICIO
CONSULTOR SERVICIO-CUIDADO AL CLIENTE EMPRESAS-R3,CUIDADO AL CLIENTE,GERENCIA EMPRESAS,EMPRESAS-CUIDADO AL CLIENTE EMPRESAS,R3 REGION OCCIDENTE-CUIDADO AL CLIENTE EMPRESAS,R3,CONSULTOR SERVICIO
CONSULTOR SERVICIO-CUIDADO AL CLIENTE EMPRESAS-R4,CUIDADO AL CLIENTE,GERENCIA EMPRESAS,EMPRESAS-CUIDADO AL CLIENTE EMPRESAS,R4 REGION CENTRO-CUIDADO AL CLIENTE EMPRESAS,R4,CONSULTOR SERVICIO
CONSULTOR SERVICIO-CUIDADO AL CLIENTE EMPRESAS-R5,CUIDADO AL CLIENTE,GERENCIA EMPRESAS,EMPRESAS-CUIDADO AL CLIENTE EMPRESAS,R5 REGION ORIENTE-CUIDADO AL CLIENTE EMPRESAS,R5,CONSULTOR SERVICIO
CONSULTOR TERCERO SERVICIO-CUIDADO AL CLIENTE PYME-R1,CUIDADO AL CLIENTE,GERENCIA PYME,PYME-CUIDADO AL CLIENTE NEGOCIOS,R1 REGION COSTA-CUIDADO AL CLIENTE PYME,R1,CONSULTOR TERCERO SERVICIO
CONSULTOR TERCERO SERVICIO-CUIDADO AL CLIENTE PYME-R2,CUIDADO AL CLIENTE,GERENCIA PYME,PYME-CUIDADO AL CLIENTE NEGOCIOS,R2 REGION NOROCCIDENTE-CUIDADO AL CLIENTE PYME,R2,CONSULTOR TERCERO SERVICIO
CONSULTOR TERCERO SERVICIO-CUIDADO AL CLIENTE PYME-R3,CUIDADO AL CLIENTE,GERENCIA PYME,PYME-CUIDADO AL CLIENTE NEGOCIOS,R3 REGION OCCIDENTE-CUIDADO AL CLIENTE PYME,R3,CONSULTOR TERCERO SERVICIO
CONSULTOR TERCERO SERVICIO-CUIDADO AL CLIENTE PYME-R4,CUIDADO AL CLIENTE,GERENCIA PYME,PYME-CUIDADO AL CLIENTE NEGOCIOS,R4 REGION CENTRO-CUIDADO AL CLIENTE PYME,R4,CONSULTOR TERCERO SERVICIO
CONSULTOR TERCERO SERVICIO-CUIDADO AL CLIENTE PYME-R5,CUIDADO AL CLIENTE,GERENCIA PYME,PYME-CUIDADO AL CLIENTE NEGOCIOS,R5 REGION ORIENTE-CUIDADO AL CLIENTE PYME,R5,CONSULTOR TERCERO SERVICIO
CONSULTOR TERCERO VENTAS-AGENTE PYME-R1,PYME,GERENCIA PYME,PYME-AGENTE PYME,R1 REGION COSTA-AGENTE PYME,R1,CONSULTOR TERCERO VENTAS
CONSULTOR TERCERO VENTAS-AGENTE PYME-R2,PYME,GERENCIA PYME,PYME-AGENTE PYME,R2 REGION NOROCCIDENTE-AGENTE PYME,R2,CONSULTOR TERCERO VENTAS
CONSULTOR TERCERO VENTAS-AGENTE PYME-R3,PYME,GERENCIA PYME,PYME-AGENTE PYME,R3 REGION OCCIDENTE-AGENTE PYME,R3,CONSULTOR TERCERO VENTAS
CONSULTOR TERCERO VENTAS-AGENTE PYME-R5,PYME,GERENCIA PYME,PYME-AGENTE PYME,R5 REGION ORIENTE-AGENTE PYME,R5,CONSULTOR TERCERO VENTAS
CONSULTOR TERCERO VENTAS-R4-PYME,PYME,GERENCIA PYME,PYME-AGENTE PYME,R4 REGION CENTRO-AGENTE PYME,R4,CONSULTOR TERCERO VENTAS
CONSULTOR TERCERO VENTAS-TMK PYME-R1,PYME,GERENCIA PYME,PYME-TMK PYME,R1 REGION COSTA-TMK PYME,R1,CONSULTOR TERCERO VENTAS
CONSULTOR TERCERO VENTAS-TMK PYME-R2,PYME,GERENCIA PYME,PYME-TMK PYME,R2 REGION NOROCCIDENTE-TMK PYME,R2,CONSULTOR TERCERO VENTAS
CONSULTOR TERCERO VENTAS-TMK PYME-R3,PYME,GERENCIA PYME,PYME-TMK PYME,R3 REGION OCCIDENTE-TMK PYME,R3,CONSULTOR TERCERO VENTAS
CONSULTOR TERCERO VENTAS-TMK PYME-R4,PYME,GERENCIA PYME,PYME-TMK PYME,R4 REGION CENTRO-TMK PYME,R4,CONSULTOR TERCERO VENTAS
CONSULTOR TERCERO VENTAS-TMK PYME-R5,PYME,GERENCIA PYME,PYME-TMK PYME,R5 REGION ORIENTE-TMK PYME,R5,CONSULTOR TERCERO VENTAS
CONSULTOR VENTAS-ESTRATEGICA-R1,EMPRESAS,GERENCIA EMPRESAS,EMPRESAS-ESTRATEGICA,R1 REGION COSTA-ESTRATEGICA,R1,CONSULTOR VENTAS
CONSULTOR VENTAS-ESTRATEGICA-R2,EMPRESAS,GERENCIA EMPRESAS,EMPRESAS-ESTRATEGICA,R2 REGION NOROCCIDENTE-ESTRATEGICA,R2,CONSULTOR VENTAS
CONSULTOR VENTAS-ESTRATEGICA-R3,EMPRESAS,GERENCIA EMPRESAS,EMPRESAS-ESTRATEGICA,R3 REGION OCCIDENTE-ESTRATEGICA,R3,CONSULTOR VENTAS
CONSULTOR VENTAS-ESTRATEGICA-R5,EMPRESAS,GERENCIA EMPRESAS,EMPRESAS-ESTRATEGICA,R5 REGION ORIENTE-ESTRATEGICA,R5,CONSULTOR VENTAS
CONSULTOR VENTAS-GRANDES EMPRESAS-R1,EMPRESAS,GERENCIA EMPRESAS,EMPRESAS-GRANDES EMPRESAS,R1 REGION COSTA-GRANDES EMPRESAS,R1,CONSULTOR VENTAS
CONSULTOR VENTAS-GRANDES EMPRESAS-R2,EMPRESAS,GERENCIA EMPRESAS,EMPRESAS-GRANDES EMPRESAS,R2 REGION NOROCCIDENTE-GRANDES EMPRESAS,R2,CONSULTOR VENTAS
CONSULTOR VENTAS-GRANDES EMPRESAS-R3,EMPRESAS,GERENCIA EMPRESAS,EMPRESAS-GRANDES EMPRESAS,R3 REGION OCCIDENTE-GRANDES EMPRESAS,R3,CONSULTOR VENTAS
CONSULTOR VENTAS-GRANDES EMPRESAS-R4,EMPRESAS,GERENCIA EMPRESAS,EMPRESAS-GRANDES EMPRESAS,R4 REGION CENTRO-GRANDES EMPRESAS,R4,CONSULTOR VENTAS
CONSULTOR VENTAS-GRANDES EMPRESAS-R5,EMPRESAS,GERENCIA EMPRESAS,EMPRESAS-GRANDES EMPRESAS,R5 REGION ORIENTE-GRANDES EMPRESAS,R5,CONSULTOR VENTAS
CONSULTOR VENTAS-R4-EMPRESAS,EMPRESAS,GERENCIA EMPRESAS,EMPRESAS-ESTRATEGICA,R4 REGION CENTRO-ESTRATEGICA,R4,CONSULTOR VENTAS
CONVERCEL-R2-PDV-COM,COMERCIAL,AGENTES COMERCIALES,COM-PDV,R2 REGION NOROCCIDENTE-PDV,R2,CONVERCEL
COOMEVA-JENNIFER ARIAS-HOGAR-R3,TMK,JENNIFER ARIAS,TMK-JENNIFER ARIAS-HOGAR,R3 REGION OCCIDENTE-JENNIFER ARIAS-HOGAR,R3,COOMEVA
COOMEVA-R4-CADENAS,COMERCIAL,RETAIL,COM-CADENAS,R4 REGION CENTRO-CADENAS,R4,COOMEVA
COOMULTRASAN-R5-CADENAS,COMERCIAL,RETAIL,COM-CADENAS,R5 REGION ORIENTE-CADENAS,R5,COOMULTRASAN
COPSERVIR LTDA-R1-CADENAS,COMERCIAL,RETAIL,COM-CADENAS,R1 REGION COSTA-CADENAS,R1,COPSERVIR LTDA
COPSERVIR LTDA-R3-CADENAS,COMERCIAL,RETAIL,COM-CADENAS,R3 REGION OCCIDENTE-CADENAS,R3,COPSERVIR LTDA
COPSERVIR LTDA-R4-CADENAS,COMERCIAL,RETAIL,COM-CADENAS,R4 REGION CENTRO-CADENAS,R4,COPSERVIR LTDA
COPSERVIR LTDA-R5-CADENAS,COMERCIAL,RETAIL,COM-CADENAS,R5 REGION ORIENTE-CADENAS,R5,COPSERVIR LTDA
CORESCALL CC ECOPLAZA MOSQUERA-R4-ISLAS,COMERCIAL,RETAIL,COM-ISLAS,R4 REGION CENTRO-ISLAS,R4,CORESCALL
CORESCALL-R4-CADENAS,COMERCIAL,RETAIL,COM-CADENAS,R4 REGION CENTRO-CADENAS,R4,CORESCALL
COS BOGOTA-JAIRO MACHADO-MOVIL MIGRACION-R4,TMK,JAIRO MACHADO,TMK-JAIRO MACHADO-MOVIL MIGRACION,R4 REGION CENTRO-JAIRO MACHADO-MOVIL MIGRACION,R4,COS
COS BOGOTA-JENNIFER ARIAS-HOGAR-R3,TMK,JENNIFER ARIAS,TMK-JENNIFER ARIAS-HOGAR,R3 REGION OCCIDENTE-JENNIFER ARIAS-HOGAR,R3,COS
COS BOGOTA-JENNIFER ARIAS-HOGAR-R4,TMK,JENNIFER ARIAS,TMK-JENNIFER ARIAS-HOGAR,R4 REGION CENTRO-JENNIFER ARIAS-HOGAR,R4,COS
COS BOGOTA-JENNIFER ARIAS-HOGAR-R5,TMK,JENNIFER ARIAS,TMK-JENNIFER ARIAS-HOGAR,R5 REGION ORIENTE-JENNIFER ARIAS-HOGAR,R5,COS
COS BQLLA-JAIRO MACHADO-MOVIL MIGRACION-R1,TMK,JAIRO MACHADO,TMK-JAIRO MACHADO-MOVIL MIGRACION,R1 REGION COSTA-JAIRO MACHADO-MOVIL MIGRACION,R1,COS
COS BQLLA-RUSSI CARDENAS GIANCARLO-T&T-R1,TMK,JEAN CARLO RUSSI,TMK-T&T,R1 REGION COSTA-T&T,R1,COS
COS BQLLA-RUSSI CARDENAS GIANCARLO-T&T-R2,TMK,JEAN CARLO RUSSI,TMK-T&T,R2 REGION NOROCCIDENTE-T&T,R2,COS
COS BQLLA-RUSSI CARDENAS GIANCARLO-T&T-R3,TMK,JEAN CARLO RUSSI,TMK-T&T,R3 REGION OCCIDENTE-T&T,R3,COS
COS BQLLA-RUSSI CARDENAS GIANCARLO-T&T-R4,TMK,JEAN CARLO RUSSI,TMK-T&T,R4 REGION CENTRO-T&T,R4,COS
COS BQLLA-RUSSI CARDENAS GIANCARLO-T&T-R5,TMK,JEAN CARLO RUSSI,TMK-T&T,R5 REGION ORIENTE-T&T,R5,COS
COS MEDELLIN-JAIRO MACHADO-MOVIL MIGRACION-R2,TMK,JAIRO MACHADO,TMK-JAIRO MACHADO-MOVIL MIGRACION,R2 REGION NOROCCIDENTE-JAIRO MACHADO-MOVIL MIGRACION,R2,COS
COS MEDELLIN-JAIRO MACHADO-MOVIL PORTABILIDAD-R2,TMK,JAIRO MACHADO,TMK-JAIRO MACHADO-MOVIL PORTABILIDAD,R2 REGION NOROCCIDENTE-JAIRO MACHADO-MOVIL PORTABILIDAD,R2,COS
COS MEDELLIN-JENNIFER ARIAS-HOGAR-R2,TMK,JENNIFER ARIAS,TMK-JENNIFER ARIAS-HOGAR,R2 REGION NOROCCIDENTE-JENNIFER ARIAS-HOGAR,R2,COS
COS ORIENTE-JAIRO MACHADO-MOVIL PORTABILIDAD-R5,TMK,JAIRO MACHADO,TMK-JAIRO MACHADO-MOVIL PORTABILIDAD,R5 REGION ORIENTE-JAIRO MACHADO-MOVIL PORTABILIDAD,R5,COS
COS-ADICIONALES-R4-CALL,CALL CENTER,RELACIONES PRIORITARIAS,ADICIONALES,R4 REGION CENTRO-ADICIONALES,R4,COS
COS-CAMPAÑAS -R4-CALL,CALL CENTER,RELACIONES PRIORITARIAS,CAMPAÑAS,R4 REGION CENTRO-CAMPAÑAS,R4,COS
COS-JAIRO MACHADO-MOVIL PORTABILIDAD-R4,TMK,JAIRO MACHADO,TMK-JAIRO MACHADO-MOVIL PORTABILIDAD,R4 REGION CENTRO-JAIRO MACHADO-MOVIL PORTABILIDAD,R4,COS
COS-MASIVO-R4-CALL,CALL CENTER,TRAFICO INBOUND,MASIVO SAC-TRAFICO INBOUND,R4 REGION CENTRO-MASIVO-TRAFICO INBOUND,R4,COS
COS-RECUPERACIÓN CONVERGENTE -R4-CALL,CALL CENTER,RELACIONES PRIORITARIAS,RECUPERACIÓN CONVERGENTE,R4 REGION CENTRO-RECUPERACIÓN CONVERGENTE,R4,COS
COS-RETENCIÓN -R4-CALL,CALL CENTER,RELACIONES PRIORITARIAS,RETENCIÓN,R4 REGION CENTRO-RETENCIÓN,R4,COS
COS-REVERSIÓN MÓVIL-R4-CALL,CALL CENTER,RELACIONES PRIORITARIAS,REVERSIÓN MÓVIL,R4 REGION CENTRO-REVERSIÓN MÓVIL,R4,COS
COS-ROBO-R4-CALL,CALL CENTER,TRAFICO INBOUND,ROBO-TRAFICO INBOUND,R4 REGION CENTRO-ROBO-TRAFICO INBOUND,R4,COS
COS-SOPORTE-R4-CALL,CALL CENTER,SOPORTE,MASIVO SOPORTE,R4 REGION CENTRO - MASIVO SOPORTE,R4,COS
COS-VENTAS-R4-CALL,CALL CENTER,RELACIONES PRIORITARIAS,VENTAS,R4 REGION CENTRO-VENTAS,R4,COS
COS-WHATSAPP-R4-CALL,CALL CENTER,ENTORNOS DIGITALES,WHATSAPP,R4 REGION CENTRO - WHATSAPP,R4,COS
COVISIAN-R4-CGV,CGV,GERENCIA CGV,CGV,R4 REGION CENTRO-CGV,R4,COVISIAN
CRISTINA MARCELA HUERTAS G-R2-CADENAS,COMERCIAL,RETAIL,COM-CADENAS,R2 REGION NOROCCIDENTE-CADENAS,R2,CRISTINA MARCELA HUERTAS G
CYC TLC SAS-CALLE-R5-COM,COMERCIAL,AGENTES COMERCIALES,COM-CALLE,R5 REGION ORIENTE-CALLE,R5,CYC TLC SAS
CYM MOVIL COMUNICACIONES-R2-PDV-COM,COMERCIAL,AGENTES COMERCIALES,COM-PDV,R2 REGION NOROCCIDENTE-PDV,R2,CYM MOVIL COMUNICACIONES
D´CHRISTIAN-R2-CADENAS,COMERCIAL,RETAIL,COM-CADENAS,R2 REGION NOROCCIDENTE-CADENAS,R2,D´CHRISTIAN
DALMARU-JAIRO MACHADO-MOVIL MIGRACION-R3,TMK,JAIRO MACHADO,TMK-JAIRO MACHADO-MOVIL MIGRACION,R3 REGION OCCIDENTE-JAIRO MACHADO-MOVIL MIGRACION,R3,DALMARU
DALMARU-JAIRO MACHADO-MOVIL PORTABILIDAD-R3,TMK,JAIRO MACHADO,TMK-JAIRO MACHADO-MOVIL PORTABILIDAD,R3 REGION OCCIDENTE-JAIRO MACHADO-MOVIL PORTABILIDAD,R3,DALMARU
DALMARU-JENNIFER ARIAS-HOGAR-R3,TMK,JENNIFER ARIAS,TMK-JENNIFER ARIAS-HOGAR,R3 REGION OCCIDENTE-JENNIFER ARIAS-HOGAR,R3,DALMARU
DANCELL LTDA-CALLE-R1-COM,COMERCIAL,AGENTES COMERCIALES,COM-CALLE,R1 REGION COSTA-CALLE,R1,DANCELL LTDA
DANCELL LTDA-PDV-R1-COM,COMERCIAL,AGENTES COMERCIALES,COM-PDV,R1 REGION COSTA-PDV,R1,DANCELL LTDA
DANCELL LTDA-R1-TAT,COMERCIAL,PREPAGO,COM-TAT,R1 REGION COSTA-TAT,R1,DANCELL LTDA
DATOS MOVILES EN LINEA-R5-PDV-COM,COMERCIAL,AGENTES COMERCIALES,COM-PDV,R5 REGION ORIENTE-PDV,R5,DATOS MOVILES EN LINEA
DAVIDMOVIL SAS-CALLE-R3-COM,COMERCIAL,AGENTES COMERCIALES,COM-CALLE,R3 REGION OCCIDENTE-CALLE,R3,DAVIDMOVIL SAS
DAVIDMOVIL SAS-R3-PDV-COM,COMERCIAL,AGENTES COMERCIALES,COM-PDV,R3 REGION OCCIDENTE-PDV,R3,DAVIDMOVIL SAS
DC COMICS-R4-CADENAS,COMERCIAL,RETAIL,COM-CADENAS,R4 REGION CENTRO-CADENAS,R4,DC COMICS
DIANA PATRICIA MONTES URIBE (TIENDA BLU VALLEDUPAR)-R1-CADENAS,COMERCIAL,RETAIL,COM-CADENAS,R1 REGION COSTA-CADENAS,R1,DIANA PATRICIA MONTES URIBE (TIENDA BLU VALLEDUPAR)
DIESTRO SAS-CALLE-R2-COM,COMERCIAL,AGENTES COMERCIALES,COM-CALLE,R2 REGION NOROCCIDENTE-CALLE,R2,DIESTRO SAS
DIESTRO SAS-CALLE-R3-COM,COMERCIAL,AGENTES COMERCIALES,COM-CALLE,R3 REGION OCCIDENTE-CALLE,R3,DIESTRO SAS
ESPECIALISTA PYME-R2,PYME,GERENCIA PYME,OPERACIÓN PYME-ESPECIALISTA PYME,R1 REGION COSTA-ESPECIALISTA PYME,R1,ESPECIALISTA PYME
ESPECIALISTA PYME-R1,PYME,GERENCIA PYME,OPERACIÓN PYME-ESPECIALISTA PYME,R2 REGION NOROCCIDENTE-ESPECIALISTA PYME,R2,ESPECIALISTA PYME
ESPECIALISTA PYME-R4,PYME,GERENCIA PYME,OPERACIÓN PYME-ESPECIALISTA PYME,R3 REGION OCCIDENTE-ESPECIALISTA PYME,R3,ESPECIALISTA PYME
ESPECIALISTA PYME-R5,PYME,GERENCIA PYME,OPERACIÓN PYME-ESPECIALISTA PYME,R4 REGION CENTRO-ESPECIALISTA PYME,R4,ESPECIALISTA PYME
ESPECIALISTA PYME-R3,PYME,GERENCIA PYME,OPERACIÓN PYME-ESPECIALISTA PYME,R5 REGION ORIENTE-ESPECIALISTA PYME,R5,ESPECIALISTA PYME
DMYC-HOGAR-PRINCIPALES,TMK,GERENCIA-NORIEGA NIEBLES ESTEBAN JOSE,OPERACIÓN-NORIEGA NIEBLES ESTEBAN JOSE-HOGAR,R2 REGION NOROCCIDENTE,R2,DM&C
INTERACTIVO BOGOTA-HOGAR-PRINCIPALES,TMK,GERENCIA-NORIEGA NIEBLES ESTEBAN JOSE,OPERACIÓN-NORIEGA NIEBLES ESTEBAN JOSE-HOGAR,R4 REGION CENTRO,R4,INTERACTIVO BOGOTA
BPO GLOBAL SERVICE-JAIRO MACHADO-MOVIL PORTABILIDAD-R2,TMK,JAIRO MACHADO,TMK-JAIRO MACHADO-MOVIL PORTABILIDAD,R2 REGION NOROCCIDENTE-JAIRO MACHADO-MOVIL PORTABILIDAD,R2,BPO GLOBAL SERVICE
CAV - MANIZALES EL CENTRO,CAV,GERENCIA CAV,GERENTE REGIONAL - R2,R2 - REGION NOROCCIDENTE-CAV,R2,CAV MANIZALES EL CENTRO
SOLUCIONES EN COMUNICACIONES JIL-PDV-R1-COM,COMERCIAL,AGENTES COMERCIALES,COM-PDV,R1 REGION COSTA-PDV,R1,SOLUCIONES EN COMUNICACIONES JIL
CVS COMMUTE LAS MORAS-PDV-R1-COM,COMERCIAL,AGENTES COMERCIALES,COM-PDV,R1 REGION COSTA-PDV,R1,CVS COMMUTE LAS MORAS
