No,PREGUNTA ,N° Respuesta,Respuesta,Es correcto,Cargo,Temas,Familia ,Fecha,CARGO 2,CANAL
1,"Pregunta de opción múltiple con única respuesta: Una entidad financiera recibe miles de PQRs al mes, pero su sistema actual no permite hacer seguimiento efectivo ni medir la satisfacción del cliente. ¿Cuál sería la solución más adecuada para mejorar este proceso?",1.0,Implementar un buzón de sugerencias físico en cada sucursal.,FALSO,Corporativo,CoE Claro CX + Webex Contact Center (CX y Omnicanalidad),Servicios administrados,,Corporativo,Corporativo
1,"Pregunta de opción múltiple con única respuesta: Una entidad financiera recibe miles de PQRs al mes, pero su sistema actual no permite hacer seguimiento efectivo ni medir la satisfacción del cliente. ¿Cuál sería la solución más adecuada para mejorar este proceso?",2.0,Usar encuestas de satisfacción y herramientas de speech analytics para evaluar cada interacción. ,VERDADERO,Corporativo,CoE Claro CX + Webex Contact Center (CX y Omnicanalidad),Servicios administrados,,Corporativo,Corporativo
1,"Pregunta de opción múltiple con única respuesta: Una entidad financiera recibe miles de PQRs al mes, pero su sistema actual no permite hacer seguimiento efectivo ni medir la satisfacción del cliente. ¿Cuál sería la solución más adecuada para mejorar este proceso?",3.0,Contratar más agentes para responder más rápido sin cambiar el sistema.,FALSO,Corporativo,CoE Claro CX + Webex Contact Center (CX y Omnicanalidad),Servicios administrados,,Corporativo,Corporativo
2,Pregunta de opción múltiple con única respuesta: Un retail tiene altos niveles de abandono en su canal de WhatsApp por respuestas lentas y poco personalizadas. ¿Qué solución se alinea mejor con los principios de CX?,1.0,Cambiar el canal de atención a solo correo electrónico.,FALSO,Corporativo,CoE Claro CX + Webex Contact Center (CX y Omnicanalidad),Servicios administrados,,Corporativo,Corporativo
2,Pregunta de opción múltiple con única respuesta: Un retail tiene altos niveles de abandono en su canal de WhatsApp por respuestas lentas y poco personalizadas. ¿Qué solución se alinea mejor con los principios de CX?,2.0,Enviar mensajes masivos con promociones para retener al cliente.,FALSO,Corporativo,CoE Claro CX + Webex Contact Center (CX y Omnicanalidad),Servicios administrados,,Corporativo,Corporativo
2,Pregunta de opción múltiple con única respuesta: Un retail tiene altos niveles de abandono en su canal de WhatsApp por respuestas lentas y poco personalizadas. ¿Qué solución se alinea mejor con los principios de CX?,3.0,Implementar un chatbot con IA generativa que entienda preguntas abiertas y personalice respuestas,VERDADERO,Corporativo,CoE Claro CX + Webex Contact Center (CX y Omnicanalidad),Servicios administrados,,Corporativo,Corporativo
3,"Pregunta de opción múltiple con única respuesta:Una empresa enfrenta un desafío en su operación de atención al cliente: la alta rotación de agentes. Cada vez que un nuevo agente se incorpora, el proceso de capacitación es largo y costoso, lo que retrasa su productividad y afecta la calidad del servicio. Además, los agentes experimentados deben dedicar tiempo a apoyar a los nuevos, lo que reduce la eficiencia general del equipo. ¿Qué solución tecnológica podría reducir ese impacto?",1.0,Implementar asistentes virtuales que guíen al agente en tiempo real. ,VERDADERO,Corporativo,CoE Claro CX + Webex Contact Center (CX y Omnicanalidad),Servicios administrados,,Corporativo,Corporativo
3,"Pregunta de opción múltiple con única respuesta:Una empresa enfrenta un desafío en su operación de atención al cliente: la alta rotación de agentes. Cada vez que un nuevo agente se incorpora, el proceso de capacitación es largo y costoso, lo que retrasa su productividad y afecta la calidad del servicio. Además, los agentes experimentados deben dedicar tiempo a apoyar a los nuevos, lo que reduce la eficiencia general del equipo. ¿Qué solución tecnológica podría reducir ese impacto?",2.0,Crear manuales impresos para cada proceso.,FALSO,Corporativo,CoE Claro CX + Webex Contact Center (CX y Omnicanalidad),Servicios administrados,,Corporativo,Corporativo
3,"Pregunta de opción múltiple con única respuesta:Una empresa enfrenta un desafío en su operación de atención al cliente: la alta rotación de agentes. Cada vez que un nuevo agente se incorpora, el proceso de capacitación es largo y costoso, lo que retrasa su productividad y afecta la calidad del servicio. Además, los agentes experimentados deben dedicar tiempo a apoyar a los nuevos, lo que reduce la eficiencia general del equipo. ¿Qué solución tecnológica podría reducir ese impacto?",3.0,Reemplazar agentes por personal administrativo.,FALSO,Corporativo,CoE Claro CX + Webex Contact Center (CX y Omnicanalidad),Servicios administrados,,Corporativo,Corporativo
4,"Pregunta de opción múltiple con única respuesta: Un call center que atiende a clientes de una empresa de servicios públicos está enfrentando dificultades para resolver PQRs. dentro de los tiempos establecidos por la regulación. Esto ha generado una creciente insatisfacción entre los usuarios, que se traduce en quejas en redes sociales, pérdida de confianza y sanciones por incumplimiento. El problema radica en la sobrecarga de los agentes y la ausencia de herramientas que les permitan gestionar los casos de forma eficiente. ¿Qué solución es más efectiva?",1.0,Aumentar el número de llamadas por agente.,FALSO,Corporativo,CoE Claro CX + Webex Contact Center (CX y Omnicanalidad),Servicios administrados,,Corporativo,Corporativo
4,"Pregunta de opción múltiple con única respuesta: Un call center que atiende a clientes de una empresa de servicios públicos está enfrentando dificultades para resolver PQRs. dentro de los tiempos establecidos por la regulación. Esto ha generado una creciente insatisfacción entre los usuarios, que se traduce en quejas en redes sociales, pérdida de confianza y sanciones por incumplimiento. El problema radica en la sobrecarga de los agentes y la ausencia de herramientas que les permitan gestionar los casos de forma eficiente. ¿Qué solución es más efectiva?",2.0,Automatizar la gestión de PQRs con IVR transaccional y soporte al agente. ,VERDADERO,Corporativo,CoE Claro CX + Webex Contact Center (CX y Omnicanalidad),Servicios administrados,,Corporativo,Corporativo
4,"Pregunta de opción múltiple con única respuesta: Un call center que atiende a clientes de una empresa de servicios públicos está enfrentando dificultades para resolver PQRs. dentro de los tiempos establecidos por la regulación. Esto ha generado una creciente insatisfacción entre los usuarios, que se traduce en quejas en redes sociales, pérdida de confianza y sanciones por incumplimiento. El problema radica en la sobrecarga de los agentes y la ausencia de herramientas que les permitan gestionar los casos de forma eficiente. ¿Qué solución es más efectiva?",3.0,Eliminar el canal telefónico y migrar todo a redes sociales.,FALSO,Corporativo,CoE Claro CX + Webex Contact Center (CX y Omnicanalidad),Servicios administrados,,Corporativo,Corporativo
5,"Pregunta de opción múltiple con única respuesta: Una empresa con varios canales de atención al cliente como WhatsApp, correo electrónico, chat web, redes sociales y llamadas telefónicas, enfrenta un problema recurrente: cada vez que un cliente cambia de canal, debe repetir toda su historia desde cero. Esto genera frustración, pérdida de tiempo y una experiencia negativa que afecta la fidelización. Además, los agentes no tienen visibilidad del historial del cliente, lo que dificulta ofrecer soluciones rápidas y personalizadas. ¿Qué solución representa una buena experiencia omnicanal?",1.0,Integrar los canales en una plataforma que permita continuidad y personalización. ,VERDADERO,Corporativo,CoE Claro CX + Webex Contact Center (CX y Omnicanalidad),Servicios administrados,,Corporativo,Corporativo
5,"Pregunta de opción múltiple con única respuesta: Una empresa con varios canales de atención al cliente como WhatsApp, correo electrónico, chat web, redes sociales y llamadas telefónicas, enfrenta un problema recurrente: cada vez que un cliente cambia de canal, debe repetir toda su historia desde cero. Esto genera frustración, pérdida de tiempo y una experiencia negativa que afecta la fidelización. Además, los agentes no tienen visibilidad del historial del cliente, lo que dificulta ofrecer soluciones rápidas y personalizadas. ¿Qué solución representa una buena experiencia omnicanal?",2.0,Asignar un agente exclusivo por cliente para cada canal.,FALSO,Corporativo,CoE Claro CX + Webex Contact Center (CX y Omnicanalidad),Servicios administrados,,Corporativo,Corporativo
5,"Pregunta de opción múltiple con única respuesta: Una empresa con varios canales de atención al cliente como WhatsApp, correo electrónico, chat web, redes sociales y llamadas telefónicas, enfrenta un problema recurrente: cada vez que un cliente cambia de canal, debe repetir toda su historia desde cero. Esto genera frustración, pérdida de tiempo y una experiencia negativa que afecta la fidelización. Además, los agentes no tienen visibilidad del historial del cliente, lo que dificulta ofrecer soluciones rápidas y personalizadas. ¿Qué solución representa una buena experiencia omnicanal?",3.0,Crear un formulario único para todos los canales.,FALSO,Corporativo,CoE Claro CX + Webex Contact Center (CX y Omnicanalidad),Servicios administrados,,Corporativo,Corporativo
6,"Pregunta de opción múltiple con única respuesta: Una empresa del sector servicios ha identificado que sus agentes de atención al cliente tienen una baja ocupación durante gran parte de la jornada laboral. lo que representa un uso ineficiente de los recursos humanos y tecnológicos. Esta situación no solo incrementa los costos operativos, sino que también limita la capacidad de respuesta ante picos de demanda. Para mejorar la eficiencia, se requiere una estrategia que permita optimizar el tiempo de los agentes. ¿Qué estrategia puede mejorar la eficiencia? ",1.0,Reducir el horario de atención para concentrar llamadas.,FALSO,Corporativo,CoE Claro CX + Webex Contact Center (CX y Omnicanalidad),Servicios administrados,,Corporativo,Corporativo
6,"Pregunta de opción múltiple con única respuesta: Una empresa del sector servicios ha identificado que sus agentes de atención al cliente tienen una baja ocupación durante gran parte de la jornada laboral. lo que representa un uso ineficiente de los recursos humanos y tecnológicos. Esta situación no solo incrementa los costos operativos, sino que también limita la capacidad de respuesta ante picos de demanda. Para mejorar la eficiencia, se requiere una estrategia que permita optimizar el tiempo de los agentes. ¿Qué estrategia puede mejorar la eficiencia? ",2.0,Implementar marcación automática y gestión proactiva.,VERDADERO,Corporativo,CoE Claro CX + Webex Contact Center (CX y Omnicanalidad),Servicios administrados,,Corporativo,Corporativo
6,"Pregunta de opción múltiple con única respuesta: Una empresa del sector servicios ha identificado que sus agentes de atención al cliente tienen una baja ocupación durante gran parte de la jornada laboral. lo que representa un uso ineficiente de los recursos humanos y tecnológicos. Esta situación no solo incrementa los costos operativos, sino que también limita la capacidad de respuesta ante picos de demanda. Para mejorar la eficiencia, se requiere una estrategia que permita optimizar el tiempo de los agentes. ¿Qué estrategia puede mejorar la eficiencia? ",3.0,Eliminar el canal de chat para evitar distracciones.,FALSO,Corporativo,CoE Claro CX + Webex Contact Center (CX y Omnicanalidad),Servicios administrados,,Corporativo,Corporativo
7,"Pregunta de opción múltiple con única respuesta: Una empresa de servicios financieros ha implementado diversas herramientas para la atención al cliente, como CRM, chat web, correo electrónico, WhatsApp y redes sociales. Sin embargo, estas herramientas funcionan de forma aislada, lo que impide tener una visión unificada del cliente. Los agentes deben cambiar de plataforma constantemente, lo que genera duplicidad de esfuerzos, pérdida de trazabilidad y una experiencia fragmentada para el usuario. Esta falta de integración también dificulta la toma de decisiones estratégicas basadas en datos ¿Qué solución permite mejorar visibilidad y fidelización?",1.0,Migrar todos los canales a una sola red social.,FALSO,Corporativo,CoE Claro CX + Webex Contact Center (CX y Omnicanalidad),Servicios administrados,,Corporativo,Corporativo
7,"Pregunta de opción múltiple con única respuesta: Una empresa de servicios financieros ha implementado diversas herramientas para la atención al cliente, como CRM, chat web, correo electrónico, WhatsApp y redes sociales. Sin embargo, estas herramientas funcionan de forma aislada, lo que impide tener una visión unificada del cliente. Los agentes deben cambiar de plataforma constantemente, lo que genera duplicidad de esfuerzos, pérdida de trazabilidad y una experiencia fragmentada para el usuario. Esta falta de integración también dificulta la toma de decisiones estratégicas basadas en datos ¿Qué solución permite mejorar visibilidad y fidelización?",2.0,Integrar los sistemas en una plataforma omnicanal con gestión centralizada.,VERDADERO,Corporativo,CoE Claro CX + Webex Contact Center (CX y Omnicanalidad),Servicios administrados,,Corporativo,Corporativo
7,"Pregunta de opción múltiple con única respuesta: Una empresa de servicios financieros ha implementado diversas herramientas para la atención al cliente, como CRM, chat web, correo electrónico, WhatsApp y redes sociales. Sin embargo, estas herramientas funcionan de forma aislada, lo que impide tener una visión unificada del cliente. Los agentes deben cambiar de plataforma constantemente, lo que genera duplicidad de esfuerzos, pérdida de trazabilidad y una experiencia fragmentada para el usuario. Esta falta de integración también dificulta la toma de decisiones estratégicas basadas en datos ¿Qué solución permite mejorar visibilidad y fidelización?",3.0,Capacitar a los agentes para usar cada herramienta por separado.,FALSO,Corporativo,CoE Claro CX + Webex Contact Center (CX y Omnicanalidad),Servicios administrados,,Corporativo,Corporativo
8,"Pregunta de opción múltiple con única respuesta: Una empresa con equipos comerciales distribuidos enfrenta dificultades para coordinar sus procesos de ventas. La falta de visibilidad compartida sobre clientes, oportunidades y seguimiento genera duplicidad de esfuerzos y pérdida de negocios. Se requiere una solución que centralice la información y facilite la colaboración entre áreas.. ¿Qué solución de Salesforce puede ayudar?",1.0,Usar hojas de cálculo compartidas para seguimiento.,FALSO,Corporativo,"SF + WAF  (CRM, Marketing, Seguridad)",SEGURIDAD,,Corporativo,Corporativo
8,"Pregunta de opción múltiple con única respuesta: Una empresa con equipos comerciales distribuidos enfrenta dificultades para coordinar sus procesos de ventas. La falta de visibilidad compartida sobre clientes, oportunidades y seguimiento genera duplicidad de esfuerzos y pérdida de negocios. Se requiere una solución que centralice la información y facilite la colaboración entre áreas.. ¿Qué solución de Salesforce puede ayudar?",2.0,Contratar un equipo externo para revisar los procesos manualmente.,FALSO,Corporativo,"SF + WAF  (CRM, Marketing, Seguridad)",SEGURIDAD,,Corporativo,Corporativo
8,"Pregunta de opción múltiple con única respuesta: Una empresa con equipos comerciales distribuidos enfrenta dificultades para coordinar sus procesos de ventas. La falta de visibilidad compartida sobre clientes, oportunidades y seguimiento genera duplicidad de esfuerzos y pérdida de negocios. Se requiere una solución que centralice la información y facilite la colaboración entre áreas.. ¿Qué solución de Salesforce puede ayudar?",3.0,Implementar Sales Cloud con gestión de leads y oportunidades. ,VERDADERO,Corporativo,"SF + WAF  (CRM, Marketing, Seguridad)",SEGURIDAD,,Corporativo,Corporativo
9,"Pregunta de opción múltiple con única respuesta: Una empresa busca mejorar la efectividad de sus campañas de marketing, ofreciendo contenido personalizado en tiempo real según el comportamiento del cliente. Las herramientas actuales no permiten segmentar ni automatizar de forma dinámica, lo que limita el impacto de las campañas y reduce el retorno de inversión.¿Qué herramienta es más adecuada?",1.0,Usar Marketing Cloud con IA y Journey Builder.,VERDADERO,Corporativo,"SF + WAF  (CRM, Marketing, Seguridad)",SEGURIDAD,,Corporativo,Corporativo
9,"Pregunta de opción múltiple con única respuesta: Una empresa busca mejorar la efectividad de sus campañas de marketing, ofreciendo contenido personalizado en tiempo real según el comportamiento del cliente. Las herramientas actuales no permiten segmentar ni automatizar de forma dinámica, lo que limita el impacto de las campañas y reduce el retorno de inversión.¿Qué herramienta es más adecuada?",2.0,Publicar anuncios genéricos en redes sociales.,FALSO,Corporativo,"SF + WAF  (CRM, Marketing, Seguridad)",SEGURIDAD,,Corporativo,Corporativo
9,"Pregunta de opción múltiple con única respuesta: Una empresa busca mejorar la efectividad de sus campañas de marketing, ofreciendo contenido personalizado en tiempo real según el comportamiento del cliente. Las herramientas actuales no permiten segmentar ni automatizar de forma dinámica, lo que limita el impacto de las campañas y reduce el retorno de inversión.¿Qué herramienta es más adecuada?",3.0,Enviar correos masivos sin segmentación.,FALSO,Corporativo,"SF + WAF  (CRM, Marketing, Seguridad)",SEGURIDAD,,Corporativo,Corporativo
10,"Pregunta de opción múltiple con única respuesta: Una empresa atiende a sus clientes por múltiples canales como correo, chat, redes sociales y teléfono. Sin embargo, no logra centralizar los casos, lo que genera duplicidad de esfuerzos y pérdida de trazabilidad. Se necesita una solución que unifique la gestión y mejore la eficiencia operativa. ¿Qué solución de Salesforce es ideal?",1.0,Crear un grupo de WhatsApp para los agentes.,FALSO,Corporativo,"SF + WAF  (CRM, Marketing, Seguridad)",SEGURIDAD,,Corporativo,Corporativo
10,"Pregunta de opción múltiple con única respuesta: Una empresa atiende a sus clientes por múltiples canales como correo, chat, redes sociales y teléfono. Sin embargo, no logra centralizar los casos, lo que genera duplicidad de esfuerzos y pérdida de trazabilidad. Se necesita una solución que unifique la gestión y mejore la eficiencia operativa. ¿Qué solución de Salesforce es ideal?",2.0,Implementar Service Cloud con consola unificada y omnicanalidad.,VERDADERO,Corporativo,"SF + WAF  (CRM, Marketing, Seguridad)",SEGURIDAD,,Corporativo,Corporativo
10,"Pregunta de opción múltiple con única respuesta: Una empresa atiende a sus clientes por múltiples canales como correo, chat, redes sociales y teléfono. Sin embargo, no logra centralizar los casos, lo que genera duplicidad de esfuerzos y pérdida de trazabilidad. Se necesita una solución que unifique la gestión y mejore la eficiencia operativa. ¿Qué solución de Salesforce es ideal?",3.0,Usar correo electrónico como único canal de atención.,FALSO,Corporativo,"SF + WAF  (CRM, Marketing, Seguridad)",SEGURIDAD,,Corporativo,Corporativo
11,"Pregunta de opción múltiple con única respuesta: Una empresa desea conocer el nivel de satisfacción de sus clientes en cada punto de contacto, desde el primer saludo hasta la resolución del caso. Sin una herramienta integrada, esta medición es lenta y poco precisa. Se necesita una funcionalidad que permita capturar retroalimentación inmediata y automatizada. ¿Qué funcionalidad de Service Cloud lo permite?",1.0,Enviar encuestas por correo una vez al año.,FALSO,Corporativo,"SF + WAF  (CRM, Marketing, Seguridad)",SEGURIDAD,,Corporativo,Corporativo
11,"Pregunta de opción múltiple con única respuesta: Una empresa desea conocer el nivel de satisfacción de sus clientes en cada punto de contacto, desde el primer saludo hasta la resolución del caso. Sin una herramienta integrada, esta medición es lenta y poco precisa. Se necesita una funcionalidad que permita capturar retroalimentación inmediata y automatizada. ¿Qué funcionalidad de Service Cloud lo permite?",2.0,Realizar entrevistas telefónicas aleatorias.,FALSO,Corporativo,"SF + WAF  (CRM, Marketing, Seguridad)",SEGURIDAD,,Corporativo,Corporativo
11,"Pregunta de opción múltiple con única respuesta: Una empresa desea conocer el nivel de satisfacción de sus clientes en cada punto de contacto, desde el primer saludo hasta la resolución del caso. Sin una herramienta integrada, esta medición es lenta y poco precisa. Se necesita una funcionalidad que permita capturar retroalimentación inmediata y automatizada. ¿Qué funcionalidad de Service Cloud lo permite?",3.0,Usar CSAT integrado en cada punto de contacto. ,VERDADERO,Corporativo,"SF + WAF  (CRM, Marketing, Seguridad)",SEGURIDAD,,Corporativo,Corporativo
12,Pregunta de opción múltiple con única respuesta: Una empresa tiene su página web en Triara y quiere protegerla contra ataques XSS. ¿Qué solución es más adecuada?,1.0,Implementar un WAF centralizado que analice tráfico a nivel de aplicación.,VERDADERO,Corporativo,"SF + WAF  (CRM, Marketing, Seguridad)",SEGURIDAD,,Corporativo,Corporativo
12,Pregunta de opción múltiple con única respuesta: Una empresa tiene su página web en Triara y quiere protegerla contra ataques XSS. ¿Qué solución es más adecuada?,2.0,Usar antivirus en los computadores del equipo de TI.,FALSO,Corporativo,"SF + WAF  (CRM, Marketing, Seguridad)",SEGURIDAD,,Corporativo,Corporativo
12,Pregunta de opción múltiple con única respuesta: Una empresa tiene su página web en Triara y quiere protegerla contra ataques XSS. ¿Qué solución es más adecuada?,3.0,Bloquear el acceso a la web desde IPs extranjeras.,FALSO,Corporativo,"SF + WAF  (CRM, Marketing, Seguridad)",SEGURIDAD,,Corporativo,Corporativo
13,"Pregunta de opción múltiple con única respuesta: Una empresa en crecimiento necesita escalar su infraestructura tecnológica para soportar más usuarios, procesos y datos. Sin embargo, al hacerlo, pierde visibilidad sobre el rendimiento de sus sistemas y control sobre la experiencia del cliente. Se requiere una solución que permita escalar sin comprometer la supervisión operativa.¿Qué solución de Salesforce puede ayudar?",1.0,Usar múltiples CRMs independientes por área.,FALSO,Corporativo,"SF + WAF  (CRM, Marketing, Seguridad)",SEGURIDAD,,Corporativo,Corporativo
13,"Pregunta de opción múltiple con única respuesta: Una empresa en crecimiento necesita escalar su infraestructura tecnológica para soportar más usuarios, procesos y datos. Sin embargo, al hacerlo, pierde visibilidad sobre el rendimiento de sus sistemas y control sobre la experiencia del cliente. Se requiere una solución que permita escalar sin comprometer la supervisión operativa.¿Qué solución de Salesforce puede ayudar?",2.0,Integrar todos los módulos en Customer 360. ,VERDADERO,Corporativo,"SF + WAF  (CRM, Marketing, Seguridad)",SEGURIDAD,,Corporativo,Corporativo
13,"Pregunta de opción múltiple con única respuesta: Una empresa en crecimiento necesita escalar su infraestructura tecnológica para soportar más usuarios, procesos y datos. Sin embargo, al hacerlo, pierde visibilidad sobre el rendimiento de sus sistemas y control sobre la experiencia del cliente. Se requiere una solución que permita escalar sin comprometer la supervisión operativa.¿Qué solución de Salesforce puede ayudar?",3.0,Migrar todo a una red social empresarial.,FALSO,Corporativo,"SF + WAF  (CRM, Marketing, Seguridad)",SEGURIDAD,,Corporativo,Corporativo
14,Pregunta de opción múltiple con única respuesta: Una empresa enfrenta demoras en sus procesos de venta debido a validaciones manuales que requieren múltiples aprobaciones y firmas físicas. Esto retrasa la implementación de servicios y afecta la experiencia del cliente. Se necesita una herramienta que automatice la validación y permita avanzar rápidamente en el ciclo comercial.. ¿Qué herramienta puede acelerar la implementación?,1.0,Usar formularios físicos para cada cliente.,FALSO,Corporativo,"SF + WAF  (CRM, Marketing, Seguridad)",SEGURIDAD,,Corporativo,Corporativo
14,Pregunta de opción múltiple con única respuesta: Una empresa enfrenta demoras en sus procesos de venta debido a validaciones manuales que requieren múltiples aprobaciones y firmas físicas. Esto retrasa la implementación de servicios y afecta la experiencia del cliente. Se necesita una herramienta que automatice la validación y permita avanzar rápidamente en el ciclo comercial.. ¿Qué herramienta puede acelerar la implementación?,2.0,Automatizar con Onyx y Docusign para validaciones y firma digital.,VERDADERO,Corporativo,"SF + WAF  (CRM, Marketing, Seguridad)",SEGURIDAD,,Corporativo,Corporativo
14,Pregunta de opción múltiple con única respuesta: Una empresa enfrenta demoras en sus procesos de venta debido a validaciones manuales que requieren múltiples aprobaciones y firmas físicas. Esto retrasa la implementación de servicios y afecta la experiencia del cliente. Se necesita una herramienta que automatice la validación y permita avanzar rápidamente en el ciclo comercial.. ¿Qué herramienta puede acelerar la implementación?,3.0,Solicitar que cada cliente firme presencialmente en la sede principal.,FALSO,Corporativo,"SF + WAF  (CRM, Marketing, Seguridad)",SEGURIDAD,,Corporativo,Corporativo
15,Pregunta de opción múltiple con única respuesta: Una cadena de restaurantes tiene 12 sucursales en Bogotá y problemas de conectividad en sus sistemas POS. ¿Qué solución SD-Branch es más adecuada?,1.0,Implementar SD-WAN con priorización de tráfico y gestión centralizada.,VERDADERO,Corporativo,"SD-Branch Cisco (Redes, Seguridad, Automatización)",SD ONE,,Corporativo,Corporativo
15,Pregunta de opción múltiple con única respuesta: Una cadena de restaurantes tiene 12 sucursales en Bogotá y problemas de conectividad en sus sistemas POS. ¿Qué solución SD-Branch es más adecuada?,2.0,Usar solo Wi-Fi público para reducir costos.,FALSO,Corporativo,"SD-Branch Cisco (Redes, Seguridad, Automatización)",SD ONE,,Corporativo,Corporativo
15,Pregunta de opción múltiple con única respuesta: Una cadena de restaurantes tiene 12 sucursales en Bogotá y problemas de conectividad en sus sistemas POS. ¿Qué solución SD-Branch es más adecuada?,3.0,Contratar un técnico por sucursal para revisar manualmente la red.,FALSO,Corporativo,"SD-Branch Cisco (Redes, Seguridad, Automatización)",SD ONE,,Corporativo,Corporativo
16,"Pregunta de opción múltiple con única respuesta: Una entidad financiera con más de 100 oficinas distribuidas en el país necesita reforzar la seguridad de sus cajeros automáticos. Actualmente, no cuenta con segmentación de red ni protección perimetral avanzada. Se requiere una solución que permita proteger el tráfico sensible y garantizar la integridad de las transacciones.. ¿Qué solución SD-Branch aplica?",1.0,Usar contraseñas compartidas entre sucursales.,FALSO,Corporativo,"SD-Branch Cisco (Redes, Seguridad, Automatización)",SD ONE,,Corporativo,Corporativo
16,"Pregunta de opción múltiple con única respuesta: Una entidad financiera con más de 100 oficinas distribuidas en el país necesita reforzar la seguridad de sus cajeros automáticos. Actualmente, no cuenta con segmentación de red ni protección perimetral avanzada. Se requiere una solución que permita proteger el tráfico sensible y garantizar la integridad de las transacciones.. ¿Qué solución SD-Branch aplica?",2.0,Implementar NGFW con segmentación de red y VPN segura,VERDADERO,Corporativo,"SD-Branch Cisco (Redes, Seguridad, Automatización)",SD ONE,,Corporativo,Corporativo
16,"Pregunta de opción múltiple con única respuesta: Una entidad financiera con más de 100 oficinas distribuidas en el país necesita reforzar la seguridad de sus cajeros automáticos. Actualmente, no cuenta con segmentación de red ni protección perimetral avanzada. Se requiere una solución que permita proteger el tráfico sensible y garantizar la integridad de las transacciones.. ¿Qué solución SD-Branch aplica?",3.0,Desconectar los cajeros de la red para evitar ataques.,FALSO,Corporativo,"SD-Branch Cisco (Redes, Seguridad, Automatización)",SD ONE,,Corporativo,Corporativo
17,Pregunta de opción múltiple con única respuesta: Una empresa manufacturera quiere integrar sus sistemas OT e IT sin afectar la producción. ¿Qué solución SD-Branch es más adecuada?,1.0,Implementar microsegmentación y QoS para tráfico crítico.,VERDADERO,Corporativo,"SD-Branch Cisco (Redes, Seguridad, Automatización)",SD ONE,,Corporativo,Corporativo
17,Pregunta de opción múltiple con única respuesta: Una empresa manufacturera quiere integrar sus sistemas OT e IT sin afectar la producción. ¿Qué solución SD-Branch es más adecuada?,2.0,Usar redes separadas sin comunicación entre ellas.,FALSO,Corporativo,"SD-Branch Cisco (Redes, Seguridad, Automatización)",SD ONE,,Corporativo,Corporativo
17,Pregunta de opción múltiple con única respuesta: Una empresa manufacturera quiere integrar sus sistemas OT e IT sin afectar la producción. ¿Qué solución SD-Branch es más adecuada?,3.0,Migrar todos los sistemas OT a la nube sin validación.,FALSO,Corporativo,"SD-Branch Cisco (Redes, Seguridad, Automatización)",SD ONE,,Corporativo,Corporativo
18,"Pregunta de opción múltiple con única respuesta: Una empresa en expansión necesita abrir nuevas sucursales en distintas ciudades, pero no cuenta con personal técnico en cada ubicación. Esto retrasa la implementación de servicios de red. Se requiere una funcionalidad que permita configurar dispositivos de forma remota, rápida y sin intervención local. ¿Qué funcionalidad de SD-Branch lo permite?",1.0,Enviar técnicos a cada sede para configurar manualmente.,FALSO,Corporativo,"SD-Branch Cisco (Redes, Seguridad, Automatización)",SD ONE,,Corporativo,Corporativo
18,"Pregunta de opción múltiple con única respuesta: Una empresa en expansión necesita abrir nuevas sucursales en distintas ciudades, pero no cuenta con personal técnico en cada ubicación. Esto retrasa la implementación de servicios de red. Se requiere una funcionalidad que permita configurar dispositivos de forma remota, rápida y sin intervención local. ¿Qué funcionalidad de SD-Branch lo permite?",2.0,Usar Zero-Touch Provisioning con gestión desde la nube.,VERDADERO,Corporativo,"SD-Branch Cisco (Redes, Seguridad, Automatización)",SD ONE,,Corporativo,Corporativo
18,"Pregunta de opción múltiple con única respuesta: Una empresa en expansión necesita abrir nuevas sucursales en distintas ciudades, pero no cuenta con personal técnico en cada ubicación. Esto retrasa la implementación de servicios de red. Se requiere una funcionalidad que permita configurar dispositivos de forma remota, rápida y sin intervención local. ¿Qué funcionalidad de SD-Branch lo permite?",3.0,Esperar a tener personal capacitado en cada ubicación.,FALSO,Corporativo,"SD-Branch Cisco (Redes, Seguridad, Automatización)",SD ONE,,Corporativo,Corporativo
19,"Pregunta de opción múltiple con única respuesta: Una empresa con múltiples sedes y enlaces WAN no cuenta con herramientas que le permitan monitorear el rendimiento de su red en tiempo real. Esto dificulta la identificación de cuellos de botella, fallas o tráfico no deseado. Se necesita una solución que brinde visibilidad centralizada y análisis inteligente. ¿Qué solución SD-Branch puede resolverlo?",1.0,Usar cámaras de seguridad para monitorear los equipos.,FALSO,Corporativo,"SD-Branch Cisco (Redes, Seguridad, Automatización)",SD ONE,,Corporativo,Corporativo
19,"Pregunta de opción múltiple con única respuesta: Una empresa con múltiples sedes y enlaces WAN no cuenta con herramientas que le permitan monitorear el rendimiento de su red en tiempo real. Esto dificulta la identificación de cuellos de botella, fallas o tráfico no deseado. Se necesita una solución que brinde visibilidad centralizada y análisis inteligente. ¿Qué solución SD-Branch puede resolverlo?",2.0,Implementar monitoreo centralizado con análisis inteligente,VERDADERO,Corporativo,"SD-Branch Cisco (Redes, Seguridad, Automatización)",SD ONE,,Corporativo,Corporativo
19,"Pregunta de opción múltiple con única respuesta: Una empresa con múltiples sedes y enlaces WAN no cuenta con herramientas que le permitan monitorear el rendimiento de su red en tiempo real. Esto dificulta la identificación de cuellos de botella, fallas o tráfico no deseado. Se necesita una solución que brinde visibilidad centralizada y análisis inteligente. ¿Qué solución SD-Branch puede resolverlo?",3.0,Solicitar reportes manuales a cada sucursal.,FALSO,Corporativo,"SD-Branch Cisco (Redes, Seguridad, Automatización)",SD ONE,,Corporativo,Corporativo
20,Pregunta de opción múltiple con única respuesta: Una empresa tiene múltiples enlaces WAN pero no los gestiona eficientemente. ¿Qué solución SD-Branch aplica?,1.0,Usar solo el enlace más barato para todas las sedes.,FALSO,Corporativo,"SD-Branch Cisco (Redes, Seguridad, Automatización)",SD ONE,,Corporativo,Corporativo
20,Pregunta de opción múltiple con única respuesta: Una empresa tiene múltiples enlaces WAN pero no los gestiona eficientemente. ¿Qué solución SD-Branch aplica?,2.0,Implementar transporte agnóstico con selección inteligente de rutas. ,VERDADERO,Corporativo,"SD-Branch Cisco (Redes, Seguridad, Automatización)",SD ONE,,Corporativo,Corporativo
20,Pregunta de opción múltiple con única respuesta: Una empresa tiene múltiples enlaces WAN pero no los gestiona eficientemente. ¿Qué solución SD-Branch aplica?,3.0,Configurar cada enlace de forma independiente sin políticas.,FALSO,Corporativo,"SD-Branch Cisco (Redes, Seguridad, Automatización)",SD ONE,,Corporativo,Corporativo
1,"Pregunta de opción múltiple con única respuesta. Un consultor comercial se reúne con una empresa del sector construcción que ha mostrado interés en los servicios de conectividad empresarial. Durante la conversación, el cliente comparte información clave sobre sus necesidades, presupuesto estimado y cronograma de decisión. Aunque aún no se ha enviado una propuesta formal, el consultor identifica que existe una oportunidad clara de negocio y decide registrarla en Salesforce para iniciar el seguimiento. ¿Cuál es el estado correcto que el consultor comercial debe seleccionar para reflejar adecuadamente el momento del proceso?",1.0,Calificada.,FALSO,Corporativo,Salesforce,Otros ingreso ,,Corporativo,Corporativo
1,"Pregunta de opción múltiple con única respuesta. Un consultor comercial se reúne con una empresa del sector construcción que ha mostrado interés en los servicios de conectividad empresarial. Durante la conversación, el cliente comparte información clave sobre sus necesidades, presupuesto estimado y cronograma de decisión. Aunque aún no se ha enviado una propuesta formal, el consultor identifica que existe una oportunidad clara de negocio y decide registrarla en Salesforce para iniciar el seguimiento. ¿Cuál es el estado correcto que el consultor comercial debe seleccionar para reflejar adecuadamente el momento del proceso?",2.0,Identificada.,VERDADERO,Corporativo,Salesforce,Otros ingreso ,,Corporativo,Corporativo
1,"Pregunta de opción múltiple con única respuesta. Un consultor comercial se reúne con una empresa del sector construcción que ha mostrado interés en los servicios de conectividad empresarial. Durante la conversación, el cliente comparte información clave sobre sus necesidades, presupuesto estimado y cronograma de decisión. Aunque aún no se ha enviado una propuesta formal, el consultor identifica que existe una oportunidad clara de negocio y decide registrarla en Salesforce para iniciar el seguimiento. ¿Cuál es el estado correcto que el consultor comercial debe seleccionar para reflejar adecuadamente el momento del proceso?",3.0,Propuesta enviada.,FALSO,Corporativo,Salesforce,Otros ingreso ,,Corporativo,Corporativo
2,"Pregunta de opción múltiple con única respuesta. Un consultor comercial está gestionando una oportunidad con una empresa del sector logístico interesada en implementar una solución SD-WAN para mejorar la conectividad entre sus sedes. Luego de una reunión inicial, el consultor carga en Salesforce toda la documentación requerida. Posteriormente, el ingeniero preventa revisa la documentación, valida la viabilidad técnica de la solución y confirma que se puede implementar según los requerimientos del cliente. Ahora debe actualizar el estado de la oportunidad en Salesforce para reflejar que la solución ha sido técnicamente aprobada. ¿Cuál es el estado correcto que el ingeniero preventa debe seleccionar en Salesforce?",1.0,Factibilizada.,VERDADERO,Corporativo,Salesforce,Otros ingreso ,,Corporativo,Corporativo
2,"Pregunta de opción múltiple con única respuesta. Un consultor comercial está gestionando una oportunidad con una empresa del sector logístico interesada en implementar una solución SD-WAN para mejorar la conectividad entre sus sedes. Luego de una reunión inicial, el consultor carga en Salesforce toda la documentación requerida. Posteriormente, el ingeniero preventa revisa la documentación, valida la viabilidad técnica de la solución y confirma que se puede implementar según los requerimientos del cliente. Ahora debe actualizar el estado de la oportunidad en Salesforce para reflejar que la solución ha sido técnicamente aprobada. ¿Cuál es el estado correcto que el ingeniero preventa debe seleccionar en Salesforce?",2.0,Propuesta enviada.,FALSO,Corporativo,Salesforce,Otros ingreso ,,Corporativo,Corporativo
2,"Pregunta de opción múltiple con única respuesta. Un consultor comercial está gestionando una oportunidad con una empresa del sector logístico interesada en implementar una solución SD-WAN para mejorar la conectividad entre sus sedes. Luego de una reunión inicial, el consultor carga en Salesforce toda la documentación requerida. Posteriormente, el ingeniero preventa revisa la documentación, valida la viabilidad técnica de la solución y confirma que se puede implementar según los requerimientos del cliente. Ahora debe actualizar el estado de la oportunidad en Salesforce para reflejar que la solución ha sido técnicamente aprobada. ¿Cuál es el estado correcto que el ingeniero preventa debe seleccionar en Salesforce?",3.0,Cerrada Ganada.,FALSO,Corporativo,Salesforce,Otros ingreso ,,Corporativo,Corporativo
3,"Pregunta de opción múltiple con única respuesta. Un consultor finaliza una visita con un cliente en la que se discutieron necesidades específicas de ciberseguridad. Durante la reunión, el cliente solicita una cotización inicial y el consultor se compromete a enviarla en los próximos días. Para dar seguimiento a este compromiso, el consultor debe registrar esta actividad en Salesforce. ¿En qué módulo de Salesforce debe registrar esta actividad?",1.0,Contactos.,FALSO,Corporativo,Salesforce,Otros ingreso ,,Corporativo,Corporativo
3,"Pregunta de opción múltiple con única respuesta. Un consultor finaliza una visita con un cliente en la que se discutieron necesidades específicas de ciberseguridad. Durante la reunión, el cliente solicita una cotización inicial y el consultor se compromete a enviarla en los próximos días. Para dar seguimiento a este compromiso, el consultor debe registrar esta actividad en Salesforce. ¿En qué módulo de Salesforce debe registrar esta actividad?",2.0,Funnel.,FALSO,Corporativo,Salesforce,Otros ingreso ,,Corporativo,Corporativo
3,"Pregunta de opción múltiple con única respuesta. Un consultor finaliza una visita con un cliente en la que se discutieron necesidades específicas de ciberseguridad. Durante la reunión, el cliente solicita una cotización inicial y el consultor se compromete a enviarla en los próximos días. Para dar seguimiento a este compromiso, el consultor debe registrar esta actividad en Salesforce. ¿En qué módulo de Salesforce debe registrar esta actividad?",3.0,Tareas.,VERDADERO,Corporativo,Salesforce,Otros ingreso ,,Corporativo,Corporativo
4,"Pregunta de opción múltiple con única respuesta. Un asesor comercial quiere revisar su desempeño mensual y validar si está cumpliendo con las metas de ventas asignadas. Para ello, accede a Salesforce en busca de un resumen de sus resultados frente a los objetivos establecidos. ¿En qué módulo de Salesforce debe consultar esta información?",1.0,Funnel.,FALSO,Corporativo,Salesforce,Otros ingreso ,,Corporativo,Corporativo
4,"Pregunta de opción múltiple con única respuesta. Un asesor comercial quiere revisar su desempeño mensual y validar si está cumpliendo con las metas de ventas asignadas. Para ello, accede a Salesforce en busca de un resumen de sus resultados frente a los objetivos establecidos. ¿En qué módulo de Salesforce debe consultar esta información?",2.0,Forecast.,VERDADERO,Corporativo,Salesforce,Otros ingreso ,,Corporativo,Corporativo
4,"Pregunta de opción múltiple con única respuesta. Un asesor comercial quiere revisar su desempeño mensual y validar si está cumpliendo con las metas de ventas asignadas. Para ello, accede a Salesforce en busca de un resumen de sus resultados frente a los objetivos establecidos. ¿En qué módulo de Salesforce debe consultar esta información?",3.0,Clientes.,FALSO,Corporativo,Salesforce,Otros ingreso ,,Corporativo,Corporativo
5,"Pregunta de opción múltiple con única respuesta. Un asesor comercial desea tener una visión clara de cómo se distribuyen sus oportunidades de negocio proyectadas para los próximos meses, clasificadas por etapa del proceso de ventas. Para ello, accede a Salesforce en busca de una representación gráfica que le permita identificar cuántas oportunidades tiene en cada fase del embudo comercial. ¿Qué módulo o vista de Salesforce debe consultar para obtener esta información?",1.0,Chatter.,FALSO,Corporativo,Salesforce,Otros ingreso ,,Corporativo,Corporativo
5,"Pregunta de opción múltiple con única respuesta. Un asesor comercial desea tener una visión clara de cómo se distribuyen sus oportunidades de negocio proyectadas para los próximos meses, clasificadas por etapa del proceso de ventas. Para ello, accede a Salesforce en busca de una representación gráfica que le permita identificar cuántas oportunidades tiene en cada fase del embudo comercial. ¿Qué módulo o vista de Salesforce debe consultar para obtener esta información?",2.0,Forecast.,FALSO,Corporativo,Salesforce,Otros ingreso ,,Corporativo,Corporativo
5,"Pregunta de opción múltiple con única respuesta. Un asesor comercial desea tener una visión clara de cómo se distribuyen sus oportunidades de negocio proyectadas para los próximos meses, clasificadas por etapa del proceso de ventas. Para ello, accede a Salesforce en busca de una representación gráfica que le permita identificar cuántas oportunidades tiene en cada fase del embudo comercial. ¿Qué módulo o vista de Salesforce debe consultar para obtener esta información?",3.0,Funnel.,VERDADERO,Corporativo,Salesforce,Otros ingreso ,,Corporativo,Corporativo
6,"Pregunta de opción múltiple con única respuesta. Eres un consultor de ventas y ya entregaste la propuesta comercial al cliente. Sin embargo, durante una nueva reunión, el cliente solicita realizar cambios importantes en la solución propuesta, lo que implica que el área de preventa debe volver a evaluar la factibilidad técnica. Para que este proceso se lleve a cabo correctamente dentro de Salesforce, ¿En qué estado deberías regresar la oportunidad?",1.0,Factibilizada.,FALSO,Corporativo,Salesforce,Otros ingreso ,,Corporativo,Corporativo
6,"Pregunta de opción múltiple con única respuesta. Eres un consultor de ventas y ya entregaste la propuesta comercial al cliente. Sin embargo, durante una nueva reunión, el cliente solicita realizar cambios importantes en la solución propuesta, lo que implica que el área de preventa debe volver a evaluar la factibilidad técnica. Para que este proceso se lleve a cabo correctamente dentro de Salesforce, ¿En qué estado deberías regresar la oportunidad?",2.0,Calificada.,VERDADERO,Corporativo,Salesforce,Otros ingreso ,,Corporativo,Corporativo
6,"Pregunta de opción múltiple con única respuesta. Eres un consultor de ventas y ya entregaste la propuesta comercial al cliente. Sin embargo, durante una nueva reunión, el cliente solicita realizar cambios importantes en la solución propuesta, lo que implica que el área de preventa debe volver a evaluar la factibilidad técnica. Para que este proceso se lleve a cabo correctamente dentro de Salesforce, ¿En qué estado deberías regresar la oportunidad?",3.0,Cerrada – Ganada.,FALSO,Corporativo,Salesforce,Otros ingreso ,,Corporativo,Corporativo
7,"Pregunta de opción múltiple con única respuesta. Carlos, un consultor de soluciones, ha creado una nueva oportunidad para una solución de seguridad administrada en Salesforce. Para avanzar con la propuesta técnica, necesita que el jefe de preventa reciba la solicitud de asignación y pueda designar a un ingeniero del equipo. Para ello, Carlos debe agregar al equipo de preventa a la oportunidad. Durante este proceso, debe seleccionar correctamente el tipo de participación para que el jefe de preventa reciba la notificación y se habilite la colaboración técnica. ¿Qué opción debe seleccionar Carlos al agregar al equipo de preventa para cumplir con este objetivo?",1.0,Soporte Técnico - Ingeniería de Campo - Solo Lectura.,FALSO,Corporativo,Salesforce,Otros ingreso ,,Corporativo,Corporativo
7,"Pregunta de opción múltiple con única respuesta. Carlos, un consultor de soluciones, ha creado una nueva oportunidad para una solución de seguridad administrada en Salesforce. Para avanzar con la propuesta técnica, necesita que el jefe de preventa reciba la solicitud de asignación y pueda designar a un ingeniero del equipo. Para ello, Carlos debe agregar al equipo de preventa a la oportunidad. Durante este proceso, debe seleccionar correctamente el tipo de participación para que el jefe de preventa reciba la notificación y se habilite la colaboración técnica. ¿Qué opción debe seleccionar Carlos al agregar al equipo de preventa para cumplir con este objetivo?",2.0,Consultoría y Diseño - Ingeniería Preventa - Lectura / Escritura.,VERDADERO,Corporativo,Salesforce,Otros ingreso ,,Corporativo,Corporativo
7,"Pregunta de opción múltiple con única respuesta. Carlos, un consultor de soluciones, ha creado una nueva oportunidad para una solución de seguridad administrada en Salesforce. Para avanzar con la propuesta técnica, necesita que el jefe de preventa reciba la solicitud de asignación y pueda designar a un ingeniero del equipo. Para ello, Carlos debe agregar al equipo de preventa a la oportunidad. Durante este proceso, debe seleccionar correctamente el tipo de participación para que el jefe de preventa reciba la notificación y se habilite la colaboración técnica. ¿Qué opción debe seleccionar Carlos al agregar al equipo de preventa para cumplir con este objetivo?",3.0,Implementación - Servicios Profesionales - Lectura / Escritura.,FALSO,Corporativo,Salesforce,Otros ingreso ,,Corporativo,Corporativo
8,"Pregunta de opción múltiple con única respuesta. Una entidad del sector financiero tiene una baja adopción digital, solo el 20% de sus clientes utiliza su aplicación móvil. ¿Cuál sería la solución más adecuada para este problema desde la perspectiva de una fábrica de software?",1.0,"Desarrollar una app con biometría, asistente virtual e integración con wallets.",VERDADERO,Corporativo,Fabrica de Software,Soluciones digitales ,,Corporativo,Corporativo
8,"Pregunta de opción múltiple con única respuesta. Una entidad del sector financiero tiene una baja adopción digital, solo el 20% de sus clientes utiliza su aplicación móvil. ¿Cuál sería la solución más adecuada para este problema desde la perspectiva de una fábrica de software?",2.0,Implementar una campaña de marketing tradicional.,FALSO,Corporativo,Fabrica de Software,Soluciones digitales ,,Corporativo,Corporativo
8,"Pregunta de opción múltiple con única respuesta. Una entidad del sector financiero tiene una baja adopción digital, solo el 20% de sus clientes utiliza su aplicación móvil. ¿Cuál sería la solución más adecuada para este problema desde la perspectiva de una fábrica de software?",3.0,Contratar más personal en sucursales físicas.,FALSO,Corporativo,Fabrica de Software,Soluciones digitales ,,Corporativo,Corporativo
9,"Pregunta de opción múltiple con única respuesta. Una reconocida tienda virtual ha identificado que el 20 % de los carritos de compra digitales se abandonan justo antes de completar el pago. Este comportamiento afecta tanto los ingresos como la experiencia del cliente. Para enfrentar este desafío, la empresa busca implementar una solución de inteligencia artificial (IA) que le permita reducir el abandono y mejorar la conversión en la etapa final. Desde la perspectiva de una fábrica de software, ¿cuál sería la solución basada en IA más adecuada para resolver este problema?",1.0,Implementar IA para detectar patrones y sugerir acciones en tiempo real. ,VERDADERO,Corporativo,Fabrica de Software,Soluciones digitales ,,Corporativo,Corporativo
9,"Pregunta de opción múltiple con única respuesta. Una reconocida tienda virtual ha identificado que el 20 % de los carritos de compra digitales se abandonan justo antes de completar el pago. Este comportamiento afecta tanto los ingresos como la experiencia del cliente. Para enfrentar este desafío, la empresa busca implementar una solución de inteligencia artificial (IA) que le permita reducir el abandono y mejorar la conversión en la etapa final. Desde la perspectiva de una fábrica de software, ¿cuál sería la solución basada en IA más adecuada para resolver este problema?",2.0,Aumentar el número de productos en promoción.,FALSO,Corporativo,Fabrica de Software,Soluciones digitales ,,Corporativo,Corporativo
9,"Pregunta de opción múltiple con única respuesta. Una reconocida tienda virtual ha identificado que el 20 % de los carritos de compra digitales se abandonan justo antes de completar el pago. Este comportamiento afecta tanto los ingresos como la experiencia del cliente. Para enfrentar este desafío, la empresa busca implementar una solución de inteligencia artificial (IA) que le permita reducir el abandono y mejorar la conversión en la etapa final. Desde la perspectiva de una fábrica de software, ¿cuál sería la solución basada en IA más adecuada para resolver este problema?",3.0,Implementar un sistema de recomendación de productos  en la página de inicio para aumentar el interés del usuario.,FALSO,Corporativo,Fabrica de Software,Soluciones digitales ,,Corporativo,Corporativo
10,"Pregunta de opción múltiple con única respuesta. Un agricultor aplica fertilizante de forma tardía debido a la falta de acceso a datos climáticos precisos y oportunos. Esto afecta negativamente el rendimiento de sus cultivos, ya que el momento óptimo para fertilizar depende de factores como lluvias, temperatura y humedad del suelo. ¿Cuál sería la solución más adecuada para resolver esta situación, considerando los principios de una fábrica de software?",1.0,fabricar boletines informativos por parte del área encargada del clima.,FALSO,Corporativo,Fabrica de Software,Soluciones digitales ,,Corporativo,Corporativo
10,"Pregunta de opción múltiple con única respuesta. Un agricultor aplica fertilizante de forma tardía debido a la falta de acceso a datos climáticos precisos y oportunos. Esto afecta negativamente el rendimiento de sus cultivos, ya que el momento óptimo para fertilizar depende de factores como lluvias, temperatura y humedad del suelo. ¿Cuál sería la solución más adecuada para resolver esta situación, considerando los principios de una fábrica de software?",2.0,Desarrollar una app con alertas hiperlocales y recomendaciones de siembra. ,VERDADERO,Corporativo,Fabrica de Software,Soluciones digitales ,,Corporativo,Corporativo
10,"Pregunta de opción múltiple con única respuesta. Un agricultor aplica fertilizante de forma tardía debido a la falta de acceso a datos climáticos precisos y oportunos. Esto afecta negativamente el rendimiento de sus cultivos, ya que el momento óptimo para fertilizar depende de factores como lluvias, temperatura y humedad del suelo. ¿Cuál sería la solución más adecuada para resolver esta situación, considerando los principios de una fábrica de software?",3.0,Contratar meteorólogos locales que tengan información detallada del clima para el desarrollo de un plan.,FALSO,Corporativo,Fabrica de Software,Soluciones digitales ,,Corporativo,Corporativo
11,"Pregunta de opción múltiple con única respuesta. Una entidad pública pierde anualmente el 15% de sus documentos físicos debido a errores en su manejo, almacenamiento inadecuado o falta de trazabilidad. Esto genera retrasos en trámites legales, multas y pérdida de confianza ciudadana. ¿Cuál sería la solución más adecuada para resolver esta situación, considerando los principios de una fábrica de software?",1.0,"Digitalizar documentos sin clasificación, y alojarlos en la nube.",FALSO,Corporativo,Fabrica de Software,Soluciones digitales ,,Corporativo,Corporativo
11,"Pregunta de opción múltiple con única respuesta. Una entidad pública pierde anualmente el 15% de sus documentos físicos debido a errores en su manejo, almacenamiento inadecuado o falta de trazabilidad. Esto genera retrasos en trámites legales, multas y pérdida de confianza ciudadana. ¿Cuál sería la solución más adecuada para resolver esta situación, considerando los principios de una fábrica de software?",2.0,Implementar una plataforma de gestión del tiempo para los archivistas.,FALSO,Corporativo,Fabrica de Software,Soluciones digitales ,,Corporativo,Corporativo
11,"Pregunta de opción múltiple con única respuesta. Una entidad pública pierde anualmente el 15% de sus documentos físicos debido a errores en su manejo, almacenamiento inadecuado o falta de trazabilidad. Esto genera retrasos en trámites legales, multas y pérdida de confianza ciudadana. ¿Cuál sería la solución más adecuada para resolver esta situación, considerando los principios de una fábrica de software?",3.0,Implementar una plataforma de gestión documental con OCR y búsqueda inteligente.,VERDADERO,Corporativo,Fabrica de Software,Soluciones digitales ,,Corporativo,Corporativo
12,"Pregunta de opción múltiple con única respuesta. Una empresa enfrenta desafíos operativos debido a la desconexión entre sus sistemas antiguos y las nuevas plataformas tecnológicas. Esta falta de integración genera ineficiencias, redundancia de datos y errores en procesos críticos. ¿Cuál sería la solución más adecuada para integrar estos sistemas, considerando los principios de una fábrica de software?",1.0,Ofrecer integración de sistemas como parte del portafolio.,VERDADERO,Corporativo,Fabrica de Software,Soluciones digitales ,,Corporativo,Corporativo
12,"Pregunta de opción múltiple con única respuesta. Una empresa enfrenta desafíos operativos debido a la desconexión entre sus sistemas antiguos y las nuevas plataformas tecnológicas. Esta falta de integración genera ineficiencias, redundancia de datos y errores en procesos críticos. ¿Cuál sería la solución más adecuada para integrar estos sistemas, considerando los principios de una fábrica de software?",2.0,"Cambiar los sistemas antiguos por unos nuevos, la integración no es un obstáculo se soluciona con la contratación de  mas personal.",FALSO,Corporativo,Fabrica de Software,Soluciones digitales ,,Corporativo,Corporativo
12,"Pregunta de opción múltiple con única respuesta. Una empresa enfrenta desafíos operativos debido a la desconexión entre sus sistemas antiguos y las nuevas plataformas tecnológicas. Esta falta de integración genera ineficiencias, redundancia de datos y errores en procesos críticos. ¿Cuál sería la solución más adecuada para integrar estos sistemas, considerando los principios de una fábrica de software?",3.0,"Ignorar los sistemas heredados, migrar completamente a una nueva plataforma y permitir que esta opere de forma independiente.",FALSO,Corporativo,Fabrica de Software,Soluciones digitales ,,Corporativo,Corporativo
13,"Pregunta de opción múltiple con única respuesta. Una empresa de tecnología enfrenta ineficiencias debido a que múltiples equipos trabajan de forma aislada, resolviendo los mismos problemas de desarrollo sin coordinación. Esto genera duplicación de esfuerzos, inconsistencia en las soluciones y retrasos en la entrega de proyectos. ¿Cuál sería el modelo organizacional más adecuado para optimizar este flujo de trabajo, considerando los principios de una fábrica de software?",1.0,"Contar con dos o tres plataformas que permitan resolver el mismo caso, evitando la congestión de los programas y facilitando el trabajo con más equipos independientes.",FALSO,Corporativo,Fabrica de Software,Soluciones digitales ,,Corporativo,Corporativo
13,"Pregunta de opción múltiple con única respuesta. Una empresa de tecnología enfrenta ineficiencias debido a que múltiples equipos trabajan de forma aislada, resolviendo los mismos problemas de desarrollo sin coordinación. Esto genera duplicación de esfuerzos, inconsistencia en las soluciones y retrasos en la entrega de proyectos. ¿Cuál sería el modelo organizacional más adecuado para optimizar este flujo de trabajo, considerando los principios de una fábrica de software?",2.0,Implementar el modelo de plataforma para escalar DevOps. ,VERDADERO,Corporativo,Fabrica de Software,Soluciones digitales ,,Corporativo,Corporativo
13,"Pregunta de opción múltiple con única respuesta. Una empresa de tecnología enfrenta ineficiencias debido a que múltiples equipos trabajan de forma aislada, resolviendo los mismos problemas de desarrollo sin coordinación. Esto genera duplicación de esfuerzos, inconsistencia en las soluciones y retrasos en la entrega de proyectos. ¿Cuál sería el modelo organizacional más adecuado para optimizar este flujo de trabajo, considerando los principios de una fábrica de software?",3.0,"Concentrar la gestión en un único equipo de desarrollo, encargado también de operar múltiples plataformas.",FALSO,Corporativo,Fabrica de Software,Soluciones digitales ,,Corporativo,Corporativo
14,"Pregunta de opción múltiple con única respuesta. Una empresa de desarrollo de software enfrenta altos costos de mantenimiento y problemas recurrentes de calidad en sus productos. Esto se debe, en parte, a procesos de prueba insuficientes o manuales, que no escalan ante la creciente demanda de funcionalidades. Como resultado, los equipos dedican más tiempo a corregir errores que a desarrollar nuevas características. ¿Cuál sería la solución de pruebas más adecuada para mejorar la calidad del software y reducir costos, considerando los principios de una fábrica de software?",1.0,Implementar una fábrica de pruebas con automatización y estandarización.,VERDADERO,Corporativo,Fabrica de Software,Soluciones digitales ,,Corporativo,Corporativo
14,"Pregunta de opción múltiple con única respuesta. Una empresa de desarrollo de software enfrenta altos costos de mantenimiento y problemas recurrentes de calidad en sus productos. Esto se debe, en parte, a procesos de prueba insuficientes o manuales, que no escalan ante la creciente demanda de funcionalidades. Como resultado, los equipos dedican más tiempo a corregir errores que a desarrollar nuevas características. ¿Cuál sería la solución de pruebas más adecuada para mejorar la calidad del software y reducir costos, considerando los principios de una fábrica de software?",2.0,Realizar automatizaciones simples e independientes. Y contratar mas personal de IT para procesos manuales.,FALSO,Corporativo,Fabrica de Software,Soluciones digitales ,,Corporativo,Corporativo
14,"Pregunta de opción múltiple con única respuesta. Una empresa de desarrollo de software enfrenta altos costos de mantenimiento y problemas recurrentes de calidad en sus productos. Esto se debe, en parte, a procesos de prueba insuficientes o manuales, que no escalan ante la creciente demanda de funcionalidades. Como resultado, los equipos dedican más tiempo a corregir errores que a desarrollar nuevas características. ¿Cuál sería la solución de pruebas más adecuada para mejorar la calidad del software y reducir costos, considerando los principios de una fábrica de software?",3.0,"Reducir el número de pruebas realizadas de tal forma que se evidencie manos errores, pero haya mas disponibilidad del área IT.",FALSO,Corporativo,Fabrica de Software,Soluciones digitales ,,Corporativo,Corporativo
15,"Pregunta de opción múltiple con única respuesta. Un banco enfrenta fraudes recurrentes en transferencias electrónicas, donde actores malintencionados falsifican operaciones, generando pérdidas económicas y dañando la confianza de los clientes. Los sistemas actuales no detectan adecuadamente estas transacciones fraudulentas, lo que permite que los ataques prosperen. ¿Cuál sería la solución tecnológica más adecuada para mitigar estos fraudes, considerando los principios de una fábrica de software?",1.0,Implementar un sistema de encriptación en los correos electrónicos del banco para proteger la información de las transferencias.,FALSO,Corporativo,Fabrica de Software,Soluciones digitales ,,Corporativo,Corporativo
15,"Pregunta de opción múltiple con única respuesta. Un banco enfrenta fraudes recurrentes en transferencias electrónicas, donde actores malintencionados falsifican operaciones, generando pérdidas económicas y dañando la confianza de los clientes. Los sistemas actuales no detectan adecuadamente estas transacciones fraudulentas, lo que permite que los ataques prosperen. ¿Cuál sería la solución tecnológica más adecuada para mitigar estos fraudes, considerando los principios de una fábrica de software?",2.0,Actualizar el diseño visual de la interfaz de transferencias para que los usuarios puedan identificar operaciones sospechosas.,FALSO,Corporativo,Fabrica de Software,Soluciones digitales ,,Corporativo,Corporativo
15,"Pregunta de opción múltiple con única respuesta. Un banco enfrenta fraudes recurrentes en transferencias electrónicas, donde actores malintencionados falsifican operaciones, generando pérdidas económicas y dañando la confianza de los clientes. Los sistemas actuales no detectan adecuadamente estas transacciones fraudulentas, lo que permite que los ataques prosperen. ¿Cuál sería la solución tecnológica más adecuada para mitigar estos fraudes, considerando los principios de una fábrica de software?",3.0,Desarrollar un sistema de IA para detectar y bloquear transacciones anómalas.,VERDADERO,Corporativo,Fabrica de Software,Soluciones digitales ,,Corporativo,Corporativo
16,"Pregunta de opción múltiple con única respuesta. Un productor agropecuario busca acceder a mercados internacionales, pero enfrenta constantes rechazos debido a la falta de trazabilidad y certificación de origen de sus productos. Los compradores exigen garantías documentadas sobre calidad, procesos sostenibles y cumplimiento de normativas, requisitos que actualmente no puede demostrar de manera eficiente. ¿Cuál sería la solución tecnológica más adecuada para resolver este desafío, considerando los principios de una fábrica de software?",1.0,Implementar trazabilidad con blockchain y certificados digitales.,VERDADERO,Corporativo,Fabrica de Software,Soluciones digitales ,,Corporativo,Corporativo
16,"Pregunta de opción múltiple con única respuesta. Un productor agropecuario busca acceder a mercados internacionales, pero enfrenta constantes rechazos debido a la falta de trazabilidad y certificación de origen de sus productos. Los compradores exigen garantías documentadas sobre calidad, procesos sostenibles y cumplimiento de normativas, requisitos que actualmente no puede demostrar de manera eficiente. ¿Cuál sería la solución tecnológica más adecuada para resolver este desafío, considerando los principios de una fábrica de software?",2.0,Diseñar una página web más atractiva con una mejor calidad visual y así captar la atención de compradores internacionales.,FALSO,Corporativo,Fabrica de Software,Soluciones digitales ,,Corporativo,Corporativo
16,"Pregunta de opción múltiple con única respuesta. Un productor agropecuario busca acceder a mercados internacionales, pero enfrenta constantes rechazos debido a la falta de trazabilidad y certificación de origen de sus productos. Los compradores exigen garantías documentadas sobre calidad, procesos sostenibles y cumplimiento de normativas, requisitos que actualmente no puede demostrar de manera eficiente. ¿Cuál sería la solución tecnológica más adecuada para resolver este desafío, considerando los principios de una fábrica de software?",3.0,Crear perfiles en redes sociales para promocionar los productos y atraer compradores internacionales.,FALSO,Corporativo,Fabrica de Software,Soluciones digitales ,,Corporativo,Corporativo
17,"Pregunta de opción múltiple con única respuesta. Una empresa de logística enfrenta problemas recurrentes en su plataforma de rastreo en tiempo real, incluyendo actualizaciones tardías de ubicación y fallos frecuentes en la app móvil para conductores y clientes. ¿Cuál sería la solución técnica más adecuada para resolver estos desafíos, considerando los principios de una fábrica de software?",1.0,Ampliar la cobertura de red móvil para mejorar la conectividad de los dispositivos utilizados por conductores y clientes.,FALSO,Corporativo,Fabrica de Software,Soluciones digitales ,,Corporativo,Corporativo
17,"Pregunta de opción múltiple con única respuesta. Una empresa de logística enfrenta problemas recurrentes en su plataforma de rastreo en tiempo real, incluyendo actualizaciones tardías de ubicación y fallos frecuentes en la app móvil para conductores y clientes. ¿Cuál sería la solución técnica más adecuada para resolver estos desafíos, considerando los principios de una fábrica de software?",2.0,"Soluciones de Tecnología en tiempo real, con una App móvil optimizada y con un proceso de Automatización y calidad",VERDADERO,Corporativo,Fabrica de Software,Soluciones digitales ,,Corporativo,Corporativo
17,"Pregunta de opción múltiple con única respuesta. Una empresa de logística enfrenta problemas recurrentes en su plataforma de rastreo en tiempo real, incluyendo actualizaciones tardías de ubicación y fallos frecuentes en la app móvil para conductores y clientes. ¿Cuál sería la solución técnica más adecuada para resolver estos desafíos, considerando los principios de una fábrica de software?",3.0,Incorporar animaciones en la app móvil para mejorar la experiencia del usuario durante el rastreo.,FALSO,Corporativo,Fabrica de Software,Soluciones digitales ,,Corporativo,Corporativo
18,"Pregunta de opción múltiple con única respuesta. Un consultor comercial se prepara para una reunión clave con un cliente potencial. El objetivo es identificar necesidades específicas que permitan proponer una solución tecnológica adecuada. Actualmente carece de información estructurada sobre los procesos operativos del cliente, sus dolores tecnológicos actuales, el presupuesto y tiempos esperados. ¿Cuál sería el primer paso de investigación más estratégico para el consultor, considerando la metodología de una fábrica de software?",1.0,"Industria, tamaño, dificultades y tecnologías utilizadas. ",VERDADERO,Corporativo,Fabrica de Software,Soluciones digitales ,,Corporativo,Corporativo
18,"Pregunta de opción múltiple con única respuesta. Un consultor comercial se prepara para una reunión clave con un cliente potencial. El objetivo es identificar necesidades específicas que permitan proponer una solución tecnológica adecuada. Actualmente carece de información estructurada sobre los procesos operativos del cliente, sus dolores tecnológicos actuales, el presupuesto y tiempos esperados. ¿Cuál sería el primer paso de investigación más estratégico para el consultor, considerando la metodología de una fábrica de software?",2.0,Enviar una encuesta previa y estándar al cliente para que describa sus necesidades antes de la reunión.,FALSO,Corporativo,Fabrica de Software,Soluciones digitales ,,Corporativo,Corporativo
18,"Pregunta de opción múltiple con única respuesta. Un consultor comercial se prepara para una reunión clave con un cliente potencial. El objetivo es identificar necesidades específicas que permitan proponer una solución tecnológica adecuada. Actualmente carece de información estructurada sobre los procesos operativos del cliente, sus dolores tecnológicos actuales, el presupuesto y tiempos esperados. ¿Cuál sería el primer paso de investigación más estratégico para el consultor, considerando la metodología de una fábrica de software?",3.0,Solicitar al cliente las propuestas técnicas de la competencia para entender mejor sus expectativas. ,FALSO,Corporativo,Fabrica de Software,Soluciones digitales ,,Corporativo,Corporativo
19,"Pregunta de opción múltiple con única respuesta. ""Un cliente importante quiere actualizar sus sistemas obsoletos, pero enfrenta 3 retos principales: 1) Tiene muchos sistemas conectados entre sí que hacen el proceso complejo, 2) Debe cumplir con regulaciones estrictas de seguridad y datos, y 3) Necesita ver resultados concretos en menos de 2 años con un presupuesto ajustado. ¿Cómo podemos presentar una propuesta atractiva que demuestre que tenemos una solución probada para este tipo de desafíos, usando el enfoque de fábrica de software que ya aplicamos en casos de éxito en el sector gobierno?""",1.0,"Proponer una solución basada en la compra de licencias de software comercial ampliamente usado en el mercado, sin necesidad de adaptar los sistemas existentes.",FALSO,Corporativo,Fabrica de Software,Soluciones digitales ,,Corporativo,Corporativo
19,"Pregunta de opción múltiple con única respuesta. ""Un cliente importante quiere actualizar sus sistemas obsoletos, pero enfrenta 3 retos principales: 1) Tiene muchos sistemas conectados entre sí que hacen el proceso complejo, 2) Debe cumplir con regulaciones estrictas de seguridad y datos, y 3) Necesita ver resultados concretos en menos de 2 años con un presupuesto ajustado. ¿Cómo podemos presentar una propuesta atractiva que demuestre que tenemos una solución probada para este tipo de desafíos, usando el enfoque de fábrica de software que ya aplicamos en casos de éxito en el sector gobierno?""",2.0,Proponer una migración completa e inmediata de todos los sistemas a una nueva plataforma sin realizar un análisis previo de compatibilidad ni riesgos.,FALSO,Corporativo,Fabrica de Software,Soluciones digitales ,,Corporativo,Corporativo
19,"Pregunta de opción múltiple con única respuesta. ""Un cliente importante quiere actualizar sus sistemas obsoletos, pero enfrenta 3 retos principales: 1) Tiene muchos sistemas conectados entre sí que hacen el proceso complejo, 2) Debe cumplir con regulaciones estrictas de seguridad y datos, y 3) Necesita ver resultados concretos en menos de 2 años con un presupuesto ajustado. ¿Cómo podemos presentar una propuesta atractiva que demuestre que tenemos una solución probada para este tipo de desafíos, usando el enfoque de fábrica de software que ya aplicamos en casos de éxito en el sector gobierno?""",3.0,"Estructurar la propuesta en 4 pilares clave, basados en casos de éxito :Enfoque por fases, Cumplimiento regulatorio garantizado, Optimización de costos con fábrica de software y Soporte continuo.",VERDADERO,Corporativo,Fabrica de Software,Soluciones digitales ,,Corporativo,Corporativo
20,"Pregunta de opción múltiple con única respuesta. ""Un retailer pierde ventas por su sistema lento de fidelización (los clientes no reciben ofertas a tiempo). ¿Qué solución escalable podemos proponer, basada en casos del mercado y tendencias del sector?",1.0,"Implementación rápida y Tecnologías probadas en el sector, CRM integrado con IA.",VERDADERO,Corporativo,Fabrica de Software,Soluciones digitales ,,Corporativo,Corporativo
20,"Pregunta de opción múltiple con única respuesta. ""Un retailer pierde ventas por su sistema lento de fidelización (los clientes no reciben ofertas a tiempo). ¿Qué solución escalable podemos proponer, basada en casos del mercado y tendencias del sector?",2.0,Optimizar el diseño gráfico del sistema de fidelización para que las ofertas sean más atractivas visualmente.,FALSO,Corporativo,Fabrica de Software,Soluciones digitales ,,Corporativo,Corporativo
20,"Pregunta de opción múltiple con única respuesta. ""Un retailer pierde ventas por su sistema lento de fidelización (los clientes no reciben ofertas a tiempo). ¿Qué solución escalable podemos proponer, basada en casos del mercado y tendencias del sector?",3.0,Integrar el sistema de fidelización con el sitio web principal para que los clientes puedan consultar sus beneficios manualmente.,FALSO,Corporativo,Fabrica de Software,Soluciones digitales ,,Corporativo,Corporativo
1,"Pregunta de única respuesta. En Banco Andino, la analista de riesgos recibe un SMS con un enlace que aparenta ser de la Superintendencia Financiera. El mensaje le indica que debe actualizar sus credenciales de acceso. Al dar clic, Lookout bloquea el acceso porque identificó el sitio como fraudulento. ¿Que funcionalidad de Lookout actuó en dicha amenaza?",1.0,Detección de phishing en móviles.,VERDADERO,Directos,Linea Segura Loockout,Seguridad,,TMK Movil,PYME
1,"Pregunta de única respuesta. En Banco Andino, la analista de riesgos recibe un SMS con un enlace que aparenta ser de la Superintendencia Financiera. El mensaje le indica que debe actualizar sus credenciales de acceso. Al dar clic, Lookout bloquea el acceso porque identificó el sitio como fraudulento. ¿Que funcionalidad de Lookout actuó en dicha amenaza?",2.0,Consola de administrador para reasignación de licencias,FALSO,Directos,Linea Segura Loockout,Seguridad,,TMK Movil,PYME
1,"Pregunta de única respuesta. En Banco Andino, la analista de riesgos recibe un SMS con un enlace que aparenta ser de la Superintendencia Financiera. El mensaje le indica que debe actualizar sus credenciales de acceso. Al dar clic, Lookout bloquea el acceso porque identificó el sitio como fraudulento. ¿Que funcionalidad de Lookout actuó en dicha amenaza?",3.0,Detección de root o jailbreak.,FALSO,Directos,Linea Segura Loockout,Seguridad,,TMK Movil,PYME
2,"Pregunta de única respuesta. La empresa Ventas Globales tiene ejecutivos que trabajan en movilidad. Uno de ellos, en plena reunión con un cliente, se conecta a la red wifi gratuita del café donde se encontraban. Minutos después, su dispositivo comienza a mostrar comportamientos extraños y se detecta tráfico no autorizado hacia un servidor externo.
¿Qué riesgo se materializó?
¿Qué riesgo se materializó?",1.0,Uso de aplicaciones con SDK vulnerable.,FALSO,Directos,Linea Segura Loockout,Seguridad,,TMK Movil,PYME
2,"Pregunta de única respuesta. La empresa Ventas Globales tiene ejecutivos que trabajan en movilidad. Uno de ellos, en plena reunión con un cliente, se conecta a la red wifi gratuita del café donde se encontraban. Minutos después, su dispositivo comienza a mostrar comportamientos extraños y se detecta tráfico no autorizado hacia un servidor externo.
¿Qué riesgo se materializó?
¿Qué riesgo se materializó?",2.0,Conexión a redes WiFi inseguras o maliciosas.,VERDADERO,Directos,Linea Segura Loockout,Seguridad,,TMK Movil,PYME
2,"Pregunta de única respuesta. La empresa Ventas Globales tiene ejecutivos que trabajan en movilidad. Uno de ellos, en plena reunión con un cliente, se conecta a la red wifi gratuita del café donde se encontraban. Minutos después, su dispositivo comienza a mostrar comportamientos extraños y se detecta tráfico no autorizado hacia un servidor externo.
¿Qué riesgo se materializó?
¿Qué riesgo se materializó?",3.0,Instalación de un certificado raíz en su móvil.,FALSO,Directos,Linea Segura Loockout,Seguridad,,TMK Movil,PYME
3,"Pregunta de única respuesta. En Retail Express, un empleado descarga una aplicación de entretenimiento “gratuita” desde una tienda no oficial. La app comienza a consumir batería y datos de manera anómala. Lookout detecta que se trata de un malware diseñado para robar información del correo corporativo.
¿Qué tipo de amenaza fue detectada?
¿Qué tipo de amenaza fue detectada?",1.0,Escalación de privilegios por jailbreak remoto.,FALSO,Directos,Linea Segura Loockout,Seguridad,,TMK Movil,PYME
3,"Pregunta de única respuesta. En Retail Express, un empleado descarga una aplicación de entretenimiento “gratuita” desde una tienda no oficial. La app comienza a consumir batería y datos de manera anómala. Lookout detecta que se trata de un malware diseñado para robar información del correo corporativo.
¿Qué tipo de amenaza fue detectada?
¿Qué tipo de amenaza fue detectada?",2.0,Páginas web con contenido inadecuado.,FALSO,Directos,Linea Segura Loockout,Seguridad,,TMK Movil,PYME
3,"Pregunta de única respuesta. En Retail Express, un empleado descarga una aplicación de entretenimiento “gratuita” desde una tienda no oficial. La app comienza a consumir batería y datos de manera anómala. Lookout detecta que se trata de un malware diseñado para robar información del correo corporativo.
¿Qué tipo de amenaza fue detectada?
¿Qué tipo de amenaza fue detectada?",3.0,Aplicaciones maliciosas como spyware o troyanos,VERDADERO,Directos,Linea Segura Loockout,Seguridad,,TMK Movil,PYME
4,Pregunta de única respuesta. Transportes Urbanos otorga smartphones corporativos a sus conductores. El área de TI descubre que varios de ellos realizaron manipulación de los sistemas operativos  para instalar aplicaciones no autorizadas que ponen en riesgo la seguridad de la información y del GPS corporativo. Lookout emite alertas y bloquea el acceso a recursos internos hasta que se corrija la manipulación. ¿Qué detectó la herramienta lookout?,1.0,Root o jailbreak en los dispositivos.,VERDADERO,Directos,Linea Segura Loockout,Seguridad,,TMK Movil,PYME
4,Pregunta de única respuesta. Transportes Urbanos otorga smartphones corporativos a sus conductores. El área de TI descubre que varios de ellos realizaron manipulación de los sistemas operativos  para instalar aplicaciones no autorizadas que ponen en riesgo la seguridad de la información y del GPS corporativo. Lookout emite alertas y bloquea el acceso a recursos internos hasta que se corrija la manipulación. ¿Qué detectó la herramienta lookout?,2.0,Malware tipo riskware.,FALSO,Directos,Linea Segura Loockout,Seguridad,,TMK Movil,PYME
4,Pregunta de única respuesta. Transportes Urbanos otorga smartphones corporativos a sus conductores. El área de TI descubre que varios de ellos realizaron manipulación de los sistemas operativos  para instalar aplicaciones no autorizadas que ponen en riesgo la seguridad de la información y del GPS corporativo. Lookout emite alertas y bloquea el acceso a recursos internos hasta que se corrija la manipulación. ¿Qué detectó la herramienta lookout?,3.0,Vulnerabilidades de protocolos de red.,FALSO,Directos,Linea Segura Loockout,Seguridad,,TMK Movil,PYME
5,"Pregunta de única respuesta. En Comunicaciones Alfa, un administrador de TI observa que algunos empleados, a pesar de recibir alertas, ignoran las notificaciones de apps maliciosas y siguen conectándose a redes inseguras. Para reforzar la seguridad, el administrador decide bloquear el acceso a sistemas internos a los dispositivos que no cumplan con los estándares de seguridad. ¿Qué se debe configurar en Lookout?",1.0,Restricción de conexiones a puertos USB.,FALSO,Directos,Linea Segura Loockout,Seguridad,,TMK Movil,PYME
5,"Pregunta de única respuesta. En Comunicaciones Alfa, un administrador de TI observa que algunos empleados, a pesar de recibir alertas, ignoran las notificaciones de apps maliciosas y siguen conectándose a redes inseguras. Para reforzar la seguridad, el administrador decide bloquear el acceso a sistemas internos a los dispositivos que no cumplan con los estándares de seguridad. ¿Qué se debe configurar en Lookout?",2.0,Políticas de seguridad y acceso basado en riesgos.,VERDADERO,Directos,Linea Segura Loockout,Seguridad,,TMK Movil,PYME
5,"Pregunta de única respuesta. En Comunicaciones Alfa, un administrador de TI observa que algunos empleados, a pesar de recibir alertas, ignoran las notificaciones de apps maliciosas y siguen conectándose a redes inseguras. Para reforzar la seguridad, el administrador decide bloquear el acceso a sistemas internos a los dispositivos que no cumplan con los estándares de seguridad. ¿Qué se debe configurar en Lookout?",3.0,Eliminación automática de aplicaciones en la Play Store.,FALSO,Directos,Linea Segura Loockout,Seguridad,,TMK Movil,PYME
6,"Pregunta de única respuesta. En Grupo Educativo Alfa, el administrador de TI recibe un reporte en la consola de Lookout que muestra que cinco dispositivos tienen instaladas apps maliciosas. Decide bloquear su acceso hasta que se eliminen. ¿ Cual es la ventaja que tiene Lookout para identificar dichas amenazas?",1.0,"No genera reportes para el administrador, solo para usuarios finales.",FALSO,TMK Movil,Linea Segura Loockout,Seguridad,,TMK Movil,PYME
6,"Pregunta de única respuesta. En Grupo Educativo Alfa, el administrador de TI recibe un reporte en la consola de Lookout que muestra que cinco dispositivos tienen instaladas apps maliciosas. Decide bloquear su acceso hasta que se eliminen. ¿ Cual es la ventaja que tiene Lookout para identificar dichas amenazas?",2.0,Solo funciona para bloquear redes wifi inseguras.,FALSO,TMK Movil,Linea Segura Loockout,Seguridad,,TMK Movil,PYME
6,"Pregunta de única respuesta. En Grupo Educativo Alfa, el administrador de TI recibe un reporte en la consola de Lookout que muestra que cinco dispositivos tienen instaladas apps maliciosas. Decide bloquear su acceso hasta que se eliminen. ¿ Cual es la ventaja que tiene Lookout para identificar dichas amenazas?",3.0,Permite visibilidad centralizada de amenazas en todos los dispositivos,VERDADERO,TMK Movil,Linea Segura Loockout,Seguridad,,TMK Movil,PYME
7,"Pregunta de única respuesta.En Compañía de Seguros Delta, se configura que solo los dispositivos libres de amenazas puedan acceder al correo corporativo y aplicaciones internas. Si Lookout detecta malware, automáticamente se restringe el acceso. ¿Qué beneficio de la integración con MDM se observa?",1.0,Control de acceso basado en riesgos detectados por Lookout.,VERDADERO,TMK Movil,Linea Segura Loockout,Seguridad,,TMK Movil,PYME
7,"Pregunta de única respuesta.En Compañía de Seguros Delta, se configura que solo los dispositivos libres de amenazas puedan acceder al correo corporativo y aplicaciones internas. Si Lookout detecta malware, automáticamente se restringe el acceso. ¿Qué beneficio de la integración con MDM se observa?",2.0,Envío automático de contraseñas nuevas a los usuarios.,FALSO,TMK Movil,Linea Segura Loockout,Seguridad,,TMK Movil,PYME
7,"Pregunta de única respuesta.En Compañía de Seguros Delta, se configura que solo los dispositivos libres de amenazas puedan acceder al correo corporativo y aplicaciones internas. Si Lookout detecta malware, automáticamente se restringe el acceso. ¿Qué beneficio de la integración con MDM se observa?",3.0,Reemplazo total del antivirus de escritorio en la empresa.,FALSO,TMK Movil,Linea Segura Loockout,Seguridad,,TMK Movil,PYME
8,"Pregunta de única respuesta. Un cliente corporativo va a viajar a Europa por una feria internacional. Te pregunta cómo puede activar el servicio de Roaming Internacional desde su celular.
¿Cuál es la forma más sencilla de activar el servicio antes de viajar?
¿Cuál es la forma más sencilla de activar el servicio antes de viajar?",1.0,Ingresando a la App Mi Claro y activando Roaming Internacional,VERDADERO,TMK Movil,Roaming internacional,Movil,,TMK Movil,PYME
8,"Pregunta de única respuesta. Un cliente corporativo va a viajar a Europa por una feria internacional. Te pregunta cómo puede activar el servicio de Roaming Internacional desde su celular.
¿Cuál es la forma más sencilla de activar el servicio antes de viajar?
¿Cuál es la forma más sencilla de activar el servicio antes de viajar?",2.0,Llamando al *601 desde su línea móvil,FALSO,TMK Movil,Roaming internacional,Movil,,TMK Movil,PYME
8,"Pregunta de única respuesta. Un cliente corporativo va a viajar a Europa por una feria internacional. Te pregunta cómo puede activar el servicio de Roaming Internacional desde su celular.
¿Cuál es la forma más sencilla de activar el servicio antes de viajar?
¿Cuál es la forma más sencilla de activar el servicio antes de viajar?",3.0,Enviando un correo al área de soporte,FALSO,TMK Movil,Roaming internacional,Movil,,TMK Movil,PYME
9,"Pregunta de única respuesta. Una empresa de consultoría tiene personal que viaja constantemente a países de América y Europa. El gerente quiere saber si vale la pena contratar Roaming.
¿Cuál de los siguientes beneficios justifica la contratación de Roaming Internacional?
¿Cuál de los siguientes beneficios justifica la contratación de Roaming Internacional?",1.0,Garantiza conectividad continua y acceso a herramientas de trabajo en tiempo real,VERDADERO,TMK Movil,Roaming internacional,Movil,,TMK Movil,PYME
9,"Pregunta de única respuesta. Una empresa de consultoría tiene personal que viaja constantemente a países de América y Europa. El gerente quiere saber si vale la pena contratar Roaming.
¿Cuál de los siguientes beneficios justifica la contratación de Roaming Internacional?
¿Cuál de los siguientes beneficios justifica la contratación de Roaming Internacional?",2.0,Permite cambiar de operador sin costo,FALSO,TMK Movil,Roaming internacional,Movil,,TMK Movil,PYME
9,"Pregunta de única respuesta. Una empresa de consultoría tiene personal que viaja constantemente a países de América y Europa. El gerente quiere saber si vale la pena contratar Roaming.
¿Cuál de los siguientes beneficios justifica la contratación de Roaming Internacional?
¿Cuál de los siguientes beneficios justifica la contratación de Roaming Internacional?",3.0,Reduce el consumo de datos móviles,FALSO,TMK Movil,Roaming internacional,Movil,,TMK Movil,PYME
10,"Pregunta de única respuesta. Una empresa solicita información sobre las opciones de Roaming disponibles para sus empleados que viajarán a Asia y Medio Oriente.
¿Cuál de las siguientes opciones corresponde a los tipos de paquetes que Claro ofrece en Roaming Internacional?
¿Cuál de las siguientes opciones corresponde a los tipos de paquetes que Claro ofrece en Roaming Internacional?",1.0,"Paquetes de datos, paquetes bundle y navegación por demanda",VERDADERO,TMK Movil,Roaming internacional,Movil,,TMK Movil,PYME
10,"Pregunta de única respuesta. Una empresa solicita información sobre las opciones de Roaming disponibles para sus empleados que viajarán a Asia y Medio Oriente.
¿Cuál de las siguientes opciones corresponde a los tipos de paquetes que Claro ofrece en Roaming Internacional?
¿Cuál de las siguientes opciones corresponde a los tipos de paquetes que Claro ofrece en Roaming Internacional?",2.0,Solo paquetes de voz,FALSO,TMK Movil,Roaming internacional,Movil,,TMK Movil,PYME
10,"Pregunta de única respuesta. Una empresa solicita información sobre las opciones de Roaming disponibles para sus empleados que viajarán a Asia y Medio Oriente.
¿Cuál de las siguientes opciones corresponde a los tipos de paquetes que Claro ofrece en Roaming Internacional?
¿Cuál de las siguientes opciones corresponde a los tipos de paquetes que Claro ofrece en Roaming Internacional?",3.0,Solo navegación por demanda,FALSO,TMK Movil,Roaming internacional,Movil,,TMK Movil,PYME
11,"Pregunta de única respuesta. Una empresa con ejecutivos que viajan constantemente solicita una solución que les permita estar conectados sin preocuparse por activar servicios adicionales cada vez que se agota su plan de datos.
¿Cuál es la opción que Claro ofrece para este tipo de necesidad?
¿Cuál es la opción que Claro ofrece para este tipo de necesidad?",1.0,Navegación por demanda,VERDADERO,TMK Movil,Roaming internacional,Movil,,TMK Movil,PYME
11,"Pregunta de única respuesta. Una empresa con ejecutivos que viajan constantemente solicita una solución que les permita estar conectados sin preocuparse por activar servicios adicionales cada vez que se agota su plan de datos.
¿Cuál es la opción que Claro ofrece para este tipo de necesidad?
¿Cuál es la opción que Claro ofrece para este tipo de necesidad?",2.0,Paquete de voz ilimitado,FALSO,TMK Movil,Roaming internacional,Movil,,TMK Movil,PYME
11,"Pregunta de única respuesta. Una empresa con ejecutivos que viajan constantemente solicita una solución que les permita estar conectados sin preocuparse por activar servicios adicionales cada vez que se agota su plan de datos.
¿Cuál es la opción que Claro ofrece para este tipo de necesidad?
¿Cuál es la opción que Claro ofrece para este tipo de necesidad?",3.0,Roaming empresarial,FALSO,TMK Movil,Roaming internacional,Movil,,TMK Movil,PYME
12,"Pregunta de única respuesta. María, comercial de Claro, ofrece el plan “Super Protect Neg 90GB” a una empresa Pyme. El cliente pregunta si este plan incluye alguna protección adicional. ¿Qué debe responder María?",1.0,"Sí, incluye una licencia de seguridad móvil Lookout sin costo por 12 meses.",VERDADERO,TMK Movil,Nuevos planes negocios protect,Nuevos Ingresos ,,TMK Movil,PYME
12,"Pregunta de única respuesta. María, comercial de Claro, ofrece el plan “Super Protect Neg 90GB” a una empresa Pyme. El cliente pregunta si este plan incluye alguna protección adicional. ¿Qué debe responder María?",2.0,No incluye protección adicional.,FALSO,TMK Movil,Nuevos planes negocios protect,Nuevos Ingresos ,,TMK Movil,PYME
12,"Pregunta de única respuesta. María, comercial de Claro, ofrece el plan “Super Protect Neg 90GB” a una empresa Pyme. El cliente pregunta si este plan incluye alguna protección adicional. ¿Qué debe responder María?",3.0,Solo incluye protección si el cliente lo solicita por separado.,FALSO,TMK Movil,Nuevos planes negocios protect,Nuevos Ingresos ,,TMK Movil,PYME
13,Pregunta de única respuesta. Un cliente Pyme desea contratar 15 líneas con planes Protect. ¿Qué debe tener en cuenta el comercial?,1.0,Puede contratar las 15 líneas sin restricciones.,FALSO,TMK Movil,Nuevos planes negocios protect,Nuevos Ingresos ,,TMK Movil,PYME
13,Pregunta de única respuesta. Un cliente Pyme desea contratar 15 líneas con planes Protect. ¿Qué debe tener en cuenta el comercial?,2.0,Debe dividir la compra en dos contratos regulados.,FALSO,TMK Movil,Nuevos planes negocios protect,Nuevos Ingresos ,,TMK Movil,PYME
13,Pregunta de única respuesta. Un cliente Pyme desea contratar 15 líneas con planes Protect. ¿Qué debe tener en cuenta el comercial?,3.0,Solo puede contratar hasta 10 líneas; más de 10 requieren consola administrada y contrato convergente.,VERDADERO,TMK Movil,Nuevos planes negocios protect,Nuevos Ingresos ,,TMK Movil,PYME
14,Pregunta de única respuesta. Carlos realiza una venta de línea nueva con plan Protect Neg 120GB. ¿Qué debe hacer para que el cliente reciba la licencia de Lookout?,1.0,Enviar la factura al cliente.,FALSO,TMK Movil,Nuevos planes negocios protect,Nuevos Ingresos ,,TMK Movil,PYME
14,Pregunta de única respuesta. Carlos realiza una venta de línea nueva con plan Protect Neg 120GB. ¿Qué debe hacer para que el cliente reciba la licencia de Lookout?,2.0,Ingresar el correo electrónico válido del cliente en el módulo de venta digital.,VERDADERO,TMK Movil,Nuevos planes negocios protect,Nuevos Ingresos ,,TMK Movil,PYME
14,Pregunta de única respuesta. Carlos realiza una venta de línea nueva con plan Protect Neg 120GB. ¿Qué debe hacer para que el cliente reciba la licencia de Lookout?,3.0,Solicitar la activación manualmente por correo.,FALSO,TMK Movil,Nuevos planes negocios protect,Nuevos Ingresos ,,TMK Movil,PYME
15,Pregunta de única respuesta. Un cliente cancela su línea móvil con plan Protect después de 4 meses. ¿Qué sucede con la licencia de seguridad móvil Lookout?,1.0,Se mantiene activa por los 12 meses.,FALSO,TMK Movil,Nuevos planes negocios protect,Nuevos Ingresos ,,TMK Movil,PYME
15,Pregunta de única respuesta. Un cliente cancela su línea móvil con plan Protect después de 4 meses. ¿Qué sucede con la licencia de seguridad móvil Lookout?,2.0,Se transfiere a otra línea.,FALSO,TMK Movil,Nuevos planes negocios protect,Nuevos Ingresos ,,TMK Movil,PYME
15,Pregunta de única respuesta. Un cliente cancela su línea móvil con plan Protect después de 4 meses. ¿Qué sucede con la licencia de seguridad móvil Lookout?,3.0,Se cancela automáticamente.,VERDADERO,TMK Movil,Nuevos planes negocios protect,Nuevos Ingresos ,,TMK Movil,PYME
16,Pregunta de única respuesta. Un cliente pregunta qué tipo de amenazas bloquea la aplicación Lookout for Work. ¿Cuál es la respuesta correcta?,1.0,Solo bloquea virus en correos electrónicos.,FALSO,TMK Movil,Nuevos planes negocios protect,Nuevos Ingresos ,,TMK Movil,PYME
16,Pregunta de única respuesta. Un cliente pregunta qué tipo de amenazas bloquea la aplicación Lookout for Work. ¿Cuál es la respuesta correcta?,2.0,"Bloquea phishing, smishing, URLs maliciosas y amenazas emergentes.",VERDADERO,TMK Movil,Nuevos planes negocios protect,Nuevos Ingresos ,,TMK Movil,PYME
16,Pregunta de única respuesta. Un cliente pregunta qué tipo de amenazas bloquea la aplicación Lookout for Work. ¿Cuál es la respuesta correcta?,3.0,Bloquea llamadas no deseadas.,FALSO,TMK Movil,Nuevos planes negocios protect,Nuevos Ingresos ,,TMK Movil,PYME
17,Pregunta de única respuesta. Un cliente recibe el correo con el código de activación de Lookout pero no sabe qué hacer. ¿Qué debe indicarle el comercial?,1.0,"Ignorar el correo, la activación es automática.",FALSO,TMK Movil,Nuevos planes negocios protect,Nuevos Ingresos ,,TMK Movil,PYME
17,Pregunta de única respuesta. Un cliente recibe el correo con el código de activación de Lookout pero no sabe qué hacer. ¿Qué debe indicarle el comercial?,2.0,Esperar a que Claro active la licencia por él.,FALSO,TMK Movil,Nuevos planes negocios protect,Nuevos Ingresos ,,TMK Movil,PYME
17,Pregunta de única respuesta. Un cliente recibe el correo con el código de activación de Lookout pero no sabe qué hacer. ¿Qué debe indicarle el comercial?,3.0,"Ver el video explicativo, descargar la app y seguir los pasos para activar la licencia.",VERDADERO,TMK Movil,Nuevos planes negocios protect,Nuevos Ingresos ,,TMK Movil,PYME
18,Pregunta de única respuesta. Un cliente pregunta si los planes Protect tienen permanencia mínima de 12 meses. ¿Qué debe responder el comercial?,1.0,"Sí, todos los planes requieren permanencia mínima.",FALSO,TMK Movil,Nuevos planes negocios protect,Nuevos Ingresos ,,TMK Movil,PYME
18,Pregunta de única respuesta. Un cliente pregunta si los planes Protect tienen permanencia mínima de 12 meses. ¿Qué debe responder el comercial?,2.0,"No, los planes no requieren permanencia mínima.",VERDADERO,TMK Movil,Nuevos planes negocios protect,Nuevos Ingresos ,,TMK Movil,PYME
18,Pregunta de única respuesta. Un cliente pregunta si los planes Protect tienen permanencia mínima de 12 meses. ¿Qué debe responder el comercial?,3.0,Solo algunos planes tienen permanencia.,FALSO,TMK Movil,Nuevos planes negocios protect,Nuevos Ingresos ,,TMK Movil,PYME
1,"Pregunta de única respuesta. En Banco Andino, la analista de riesgos recibe un SMS con un enlace que aparenta ser de la Superintendencia Financiera. El mensaje le indica que debe actualizar sus credenciales de acceso. Al dar clic, Lookout bloquea el acceso porque identificó el sitio como fraudulento. ¿Que funcionalidad de Lookout actuó en dicha amenaza?",1.0,Detección de phishing en móviles.,VERDADERO,Directos,Linea Segura Loockout,Seguridad,,TMK fijo,PYME
1,"Pregunta de única respuesta. En Banco Andino, la analista de riesgos recibe un SMS con un enlace que aparenta ser de la Superintendencia Financiera. El mensaje le indica que debe actualizar sus credenciales de acceso. Al dar clic, Lookout bloquea el acceso porque identificó el sitio como fraudulento. ¿Que funcionalidad de Lookout actuó en dicha amenaza?",2.0,Consola de administrador para reasignación de licencias,FALSO,Directos,Linea Segura Loockout,Seguridad,,TMK fijo,PYME
1,"Pregunta de única respuesta. En Banco Andino, la analista de riesgos recibe un SMS con un enlace que aparenta ser de la Superintendencia Financiera. El mensaje le indica que debe actualizar sus credenciales de acceso. Al dar clic, Lookout bloquea el acceso porque identificó el sitio como fraudulento. ¿Que funcionalidad de Lookout actuó en dicha amenaza?",3.0,Detección de root o jailbreak.,FALSO,Directos,Linea Segura Loockout,Seguridad,,TMK fijo,PYME
2,"Pregunta de única respuesta.La empresa Ventas Globales tiene ejecutivos que trabajan en movilidad. Uno de ellos, en plena reunión con un cliente, se conecta a la red wifi gratuita del café donde se encontraban. Minutos después, su dispositivo comienza a mostrar comportamientos extraños y se detecta tráfico no autorizado hacia un servidor externo.
¿Qué riesgo se materializó?
¿Qué riesgo se materializó?",1.0,Uso de aplicaciones con SDK vulnerable.,FALSO,Directos,Linea Segura Loockout,Seguridad,,TMK fijo,PYME
2,"Pregunta de única respuesta.La empresa Ventas Globales tiene ejecutivos que trabajan en movilidad. Uno de ellos, en plena reunión con un cliente, se conecta a la red wifi gratuita del café donde se encontraban. Minutos después, su dispositivo comienza a mostrar comportamientos extraños y se detecta tráfico no autorizado hacia un servidor externo.
¿Qué riesgo se materializó?
¿Qué riesgo se materializó?",2.0,Conexión a redes WiFi inseguras o maliciosas.,VERDADERO,Directos,Linea Segura Loockout,Seguridad,,TMK fijo,PYME
2,"Pregunta de única respuesta.La empresa Ventas Globales tiene ejecutivos que trabajan en movilidad. Uno de ellos, en plena reunión con un cliente, se conecta a la red wifi gratuita del café donde se encontraban. Minutos después, su dispositivo comienza a mostrar comportamientos extraños y se detecta tráfico no autorizado hacia un servidor externo.
¿Qué riesgo se materializó?
¿Qué riesgo se materializó?",3.0,Instalación de un certificado raíz en su móvil.,FALSO,Directos,Linea Segura Loockout,Seguridad,,TMK fijo,PYME
3,"Pregunta de única respuesta.En Retail Express, un empleado descarga una aplicación de entretenimiento “gratuita” desde una tienda no oficial. La app comienza a consumir batería y datos de manera anómala. Lookout detecta que se trata de un malware diseñado para robar información del correo corporativo.
¿Qué tipo de amenaza fue detectada?
¿Qué tipo de amenaza fue detectada?",1.0,Escalación de privilegios por jailbreak remoto.,FALSO,Directos,Linea Segura Loockout,Seguridad,,TMK fijo,PYME
3,"Pregunta de única respuesta.En Retail Express, un empleado descarga una aplicación de entretenimiento “gratuita” desde una tienda no oficial. La app comienza a consumir batería y datos de manera anómala. Lookout detecta que se trata de un malware diseñado para robar información del correo corporativo.
¿Qué tipo de amenaza fue detectada?
¿Qué tipo de amenaza fue detectada?",2.0,Páginas web con contenido inadecuado.,FALSO,Directos,Linea Segura Loockout,Seguridad,,TMK fijo,PYME
3,"Pregunta de única respuesta.En Retail Express, un empleado descarga una aplicación de entretenimiento “gratuita” desde una tienda no oficial. La app comienza a consumir batería y datos de manera anómala. Lookout detecta que se trata de un malware diseñado para robar información del correo corporativo.
¿Qué tipo de amenaza fue detectada?
¿Qué tipo de amenaza fue detectada?",3.0,Aplicaciones maliciosas como spyware o troyanos,VERDADERO,Directos,Linea Segura Loockout,Seguridad,,TMK fijo,PYME
4,Pregunta de única respuesta. Transportes Urbanos otorga smartphones corporativos a sus conductores. El área de TI descubre que varios de ellos realizaron manipulación de los sistemas operativos  para instalar aplicaciones no autorizadas que ponen en riesgo la seguridad de la información y del GPS corporativo. Lookout emite alertas y bloquea el acceso a recursos internos hasta que se corrija la manipulación. ¿Qué detectó la herramienta lookout?,1.0,Root o jailbreak en los dispositivos.,VERDADERO,Directos,Linea Segura Loockout,Seguridad,,TMK fijo,PYME
4,Pregunta de única respuesta. Transportes Urbanos otorga smartphones corporativos a sus conductores. El área de TI descubre que varios de ellos realizaron manipulación de los sistemas operativos  para instalar aplicaciones no autorizadas que ponen en riesgo la seguridad de la información y del GPS corporativo. Lookout emite alertas y bloquea el acceso a recursos internos hasta que se corrija la manipulación. ¿Qué detectó la herramienta lookout?,2.0,Malware tipo riskware.,FALSO,Directos,Linea Segura Loockout,Seguridad,,TMK fijo,PYME
4,Pregunta de única respuesta. Transportes Urbanos otorga smartphones corporativos a sus conductores. El área de TI descubre que varios de ellos realizaron manipulación de los sistemas operativos  para instalar aplicaciones no autorizadas que ponen en riesgo la seguridad de la información y del GPS corporativo. Lookout emite alertas y bloquea el acceso a recursos internos hasta que se corrija la manipulación. ¿Qué detectó la herramienta lookout?,3.0,Vulnerabilidades de protocolos de red.,FALSO,Directos,Linea Segura Loockout,Seguridad,,TMK fijo,PYME
5,"Pregunta de única respuesta. En Comunicaciones Alfa, un administrador de TI observa que algunos empleados, a pesar de recibir alertas, ignoran las notificaciones de apps maliciosas y siguen conectándose a redes inseguras. Para reforzar la seguridad, el administrador decide bloquear el acceso a sistemas internos a los dispositivos que no cumplan con los estándares de seguridad. ¿Qué se debe configurar en Lookout?",1.0,Restricción de conexiones a puertos USB.,FALSO,Directos,Linea Segura Loockout,Seguridad,,TMK fijo,PYME
5,"Pregunta de única respuesta. En Comunicaciones Alfa, un administrador de TI observa que algunos empleados, a pesar de recibir alertas, ignoran las notificaciones de apps maliciosas y siguen conectándose a redes inseguras. Para reforzar la seguridad, el administrador decide bloquear el acceso a sistemas internos a los dispositivos que no cumplan con los estándares de seguridad. ¿Qué se debe configurar en Lookout?",2.0,Políticas de seguridad y acceso basado en riesgos.,VERDADERO,Directos,Linea Segura Loockout,Seguridad,,TMK fijo,PYME
5,"Pregunta de única respuesta. En Comunicaciones Alfa, un administrador de TI observa que algunos empleados, a pesar de recibir alertas, ignoran las notificaciones de apps maliciosas y siguen conectándose a redes inseguras. Para reforzar la seguridad, el administrador decide bloquear el acceso a sistemas internos a los dispositivos que no cumplan con los estándares de seguridad. ¿Qué se debe configurar en Lookout?",3.0,Eliminación automática de aplicaciones en la Play Store.,FALSO,Directos,Linea Segura Loockout,Seguridad,,TMK fijo,PYME
6,"Pregunta de única respuesta. Una empresa de contabilidad con 10 empleados trabaja con información sensible de sus clientes. El gerente comenta que recientemente recibieron correos sospechosos y que algunos colaboradores acceden a redes sociales desde los equipos de trabajo.
¿Cuál sería el argumento más acertado para recomendar Internet Seguro a esta empresa?
¿Cuál sería el argumento más acertado para recomendar Internet Seguro a esta empresa?",1.0,Para permitir el acceso a redes sociales y aumentar la productividad,FALSO,Directos,Internet seguro,Seguridad,,TMK fijo,PYME
6,"Pregunta de única respuesta. Una empresa de contabilidad con 10 empleados trabaja con información sensible de sus clientes. El gerente comenta que recientemente recibieron correos sospechosos y que algunos colaboradores acceden a redes sociales desde los equipos de trabajo.
¿Cuál sería el argumento más acertado para recomendar Internet Seguro a esta empresa?
¿Cuál sería el argumento más acertado para recomendar Internet Seguro a esta empresa?",2.0,Para proteger la red corporativa de accesos no autorizados y controlar la navegación,VERDADERO,Directos,Internet seguro,Seguridad,,TMK fijo,PYME
6,"Pregunta de única respuesta. Una empresa de contabilidad con 10 empleados trabaja con información sensible de sus clientes. El gerente comenta que recientemente recibieron correos sospechosos y que algunos colaboradores acceden a redes sociales desde los equipos de trabajo.
¿Cuál sería el argumento más acertado para recomendar Internet Seguro a esta empresa?
¿Cuál sería el argumento más acertado para recomendar Internet Seguro a esta empresa?",3.0,Para mejorar la velocidad de conexión a internet,FALSO,Directos,Internet seguro,Seguridad,,TMK fijo,PYME
7,"Pregunta de única respuesta. Un cliente con servicio de internet empresarial sobre FTTX solicita contratar Internet Seguro. El consultor verifica que el cliente no tiene IP fija aprovisionada.
¿Qué debe hacer el consultor antes de continuar con la digitación del servicio?
¿Qué debe hacer el consultor antes de continuar con la digitación del servicio?",1.0,Solicitar preventa para validar la factibilidad,FALSO,Directos,Internet seguro,Seguridad,,TMK fijo,PYME
7,"Pregunta de única respuesta. Un cliente con servicio de internet empresarial sobre FTTX solicita contratar Internet Seguro. El consultor verifica que el cliente no tiene IP fija aprovisionada.
¿Qué debe hacer el consultor antes de continuar con la digitación del servicio?
¿Qué debe hacer el consultor antes de continuar con la digitación del servicio?",2.0,Continuar con la venta y asignar la IP después,FALSO,Directos,Internet seguro,Seguridad,,TMK fijo,PYME
7,"Pregunta de única respuesta. Un cliente con servicio de internet empresarial sobre FTTX solicita contratar Internet Seguro. El consultor verifica que el cliente no tiene IP fija aprovisionada.
¿Qué debe hacer el consultor antes de continuar con la digitación del servicio?
¿Qué debe hacer el consultor antes de continuar con la digitación del servicio?",3.0,Asegurar que se aprovisione la IP fija en el servicio de internet antes de digitar,VERDADERO,Directos,Internet seguro,Seguridad,,TMK fijo,PYME
8,"Pregunta de única respuesta. Una agencia de publicidad tiene 25 empleados, trabaja con clientes internacionales y requiere conexiones remotas seguras. Además, han tenido incidentes de malware en el pasado.
¿Cuál plan de Internet Seguro se ajusta mejor a sus necesidades?
¿Cuál plan de Internet Seguro se ajusta mejor a sus necesidades?",1.0,"Básico, porque no tiene reglas de firewall y VPN",FALSO,Directos,Internet seguro,Seguridad,,TMK fijo,PYME
8,"Pregunta de única respuesta. Una agencia de publicidad tiene 25 empleados, trabaja con clientes internacionales y requiere conexiones remotas seguras. Además, han tenido incidentes de malware en el pasado.
¿Cuál plan de Internet Seguro se ajusta mejor a sus necesidades?
¿Cuál plan de Internet Seguro se ajusta mejor a sus necesidades?",2.0,"Intermedio, porque no incluye filtrado de navegación",FALSO,Directos,Internet seguro,Seguridad,,TMK fijo,PYME
8,"Pregunta de única respuesta. Una agencia de publicidad tiene 25 empleados, trabaja con clientes internacionales y requiere conexiones remotas seguras. Además, han tenido incidentes de malware en el pasado.
¿Cuál plan de Internet Seguro se ajusta mejor a sus necesidades?
¿Cuál plan de Internet Seguro se ajusta mejor a sus necesidades?",3.0,"Avanzado, porque ofrece protección contra malware y prevención de intrusos",VERDADERO,Directos,Internet seguro,Seguridad,,TMK fijo,PYME
9,"Pregunta de única respuesta. Una empresa de logística tiene sedes remotas en zonas rurales y necesita asegurar la conectividad de sus dispositivos IoT y puntos de venta.
¿Qué componente de la arquitectura de Internet Seguro permite escalar la solución para este tipo de necesidad?
¿Qué componente de la arquitectura de Internet Seguro permite escalar la solución para este tipo de necesidad?",1.0,Malware,FALSO,Directos,Internet seguro,Seguridad,,TMK fijo,PYME
9,"Pregunta de única respuesta. Una empresa de logística tiene sedes remotas en zonas rurales y necesita asegurar la conectividad de sus dispositivos IoT y puntos de venta.
¿Qué componente de la arquitectura de Internet Seguro permite escalar la solución para este tipo de necesidad?
¿Qué componente de la arquitectura de Internet Seguro permite escalar la solución para este tipo de necesidad?",2.0,FortiExtender,VERDADERO,Directos,Internet seguro,Seguridad,,TMK fijo,PYME
9,"Pregunta de única respuesta. Una empresa de logística tiene sedes remotas en zonas rurales y necesita asegurar la conectividad de sus dispositivos IoT y puntos de venta.
¿Qué componente de la arquitectura de Internet Seguro permite escalar la solución para este tipo de necesidad?
¿Qué componente de la arquitectura de Internet Seguro permite escalar la solución para este tipo de necesidad?",3.0,Fortiinternet,FALSO,Directos,Internet seguro,Seguridad,,TMK fijo,PYME
10,"Pregunta de única respuesta. Durante una visita comercial, el cliente afirma que no necesita soluciones de seguridad porque ya tiene un antivirus instalado en todos los equipos.
¿Cuál sería la mejor respuesta del consultor para generar conciencia sobre la necesidad de Internet Seguro?
¿Cuál sería la mejor respuesta del consultor para generar conciencia sobre la necesidad de Internet Seguro?",1.0,“El antivirus es suficiente si no navegan mucho,FALSO,Directos,Internet seguro,Seguridad,,TMK fijo,PYME
10,"Pregunta de única respuesta. Durante una visita comercial, el cliente afirma que no necesita soluciones de seguridad porque ya tiene un antivirus instalado en todos los equipos.
¿Cuál sería la mejor respuesta del consultor para generar conciencia sobre la necesidad de Internet Seguro?
¿Cuál sería la mejor respuesta del consultor para generar conciencia sobre la necesidad de Internet Seguro?",2.0,“Internet Seguro complementa el antivirus con protección de red y navegación,VERDADERO,Directos,Internet seguro,Seguridad,,TMK fijo,PYME
10,"Pregunta de única respuesta. Durante una visita comercial, el cliente afirma que no necesita soluciones de seguridad porque ya tiene un antivirus instalado en todos los equipos.
¿Cuál sería la mejor respuesta del consultor para generar conciencia sobre la necesidad de Internet Seguro?
¿Cuál sería la mejor respuesta del consultor para generar conciencia sobre la necesidad de Internet Seguro?",3.0,“Claro exige tener Internet Seguro para todos los clientes,FALSO,Directos,Internet seguro,Seguridad,,TMK fijo,PYME
11,Pregunta de única respuesta. “Logística Global Ltda.” utiliza smartphones y tablets para rastrear envíos y coordinar entregas. El director de operaciones está preocupado por el impacto que pueda tener un software de seguridad en la duración de la batería y el rendimiento de los dispositivos. ¿Qué ventaja específica de Norton PyMEs debería considerar?,1.0,No influye en la duración de la batería,VERDADERO,TMK fijo,Internet + Norton,Seguridad,,TMK fijo,PYME
11,Pregunta de única respuesta. “Logística Global Ltda.” utiliza smartphones y tablets para rastrear envíos y coordinar entregas. El director de operaciones está preocupado por el impacto que pueda tener un software de seguridad en la duración de la batería y el rendimiento de los dispositivos. ¿Qué ventaja específica de Norton PyMEs debería considerar?,2.0,Consola de administración de licencias,FALSO,TMK fijo,Internet + Norton,Seguridad,,TMK fijo,PYME
11,Pregunta de única respuesta. “Logística Global Ltda.” utiliza smartphones y tablets para rastrear envíos y coordinar entregas. El director de operaciones está preocupado por el impacto que pueda tener un software de seguridad en la duración de la batería y el rendimiento de los dispositivos. ¿Qué ventaja específica de Norton PyMEs debería considerar?,3.0,Plataforma de aprendizaje en línea,FALSO,TMK fijo,Internet + Norton,Seguridad,,TMK fijo,PYME
12,"Pregunta de única respuesta. La empresa “Finanzas Seguras S.A.”, dedicada a servicios financieros en línea, ha detectado intentos de fraude digital en sus plataformas. El gerente de seguridad busca una solución que proteja a sus empleados de ataques de suplantación de identidad y enlaces maliciosos. ¿Qué funcionalidad de Norton PyMEs responde mejor a esta necesidad?",1.0,Navegación anónima,FALSO,TMK fijo,Internet + Norton,Seguridad,,TMK fijo,PYME
12,"Pregunta de única respuesta. La empresa “Finanzas Seguras S.A.”, dedicada a servicios financieros en línea, ha detectado intentos de fraude digital en sus plataformas. El gerente de seguridad busca una solución que proteja a sus empleados de ataques de suplantación de identidad y enlaces maliciosos. ¿Qué funcionalidad de Norton PyMEs responde mejor a esta necesidad?",2.0,Anti-phishing y protección contra malware,VERDADERO,TMK fijo,Internet + Norton,Seguridad,,TMK fijo,PYME
12,"Pregunta de única respuesta. La empresa “Finanzas Seguras S.A.”, dedicada a servicios financieros en línea, ha detectado intentos de fraude digital en sus plataformas. El gerente de seguridad busca una solución que proteja a sus empleados de ataques de suplantación de identidad y enlaces maliciosos. ¿Qué funcionalidad de Norton PyMEs responde mejor a esta necesidad?",3.0,Optimización del sistema,FALSO,TMK fijo,Internet + Norton,Seguridad,,TMK fijo,PYME
13,Pregunta de única respuesta. “Comercializadora Andina” ha detectado que algunos empleados acceden a sitios web no seguros durante el horario laboral. El área de TI busca una solución que garantice una navegación protegida. ¿Qué funcionalidad de Norton PyMEs es más adecuada para este propósito?,1.0,Supervisión de apps,FALSO,TMK fijo,Internet + Norton,Seguridad,,TMK fijo,PYME
13,Pregunta de única respuesta. “Comercializadora Andina” ha detectado que algunos empleados acceden a sitios web no seguros durante el horario laboral. El área de TI busca una solución que garantice una navegación protegida. ¿Qué funcionalidad de Norton PyMEs es más adecuada para este propósito?,2.0,Navegación web segura,VERDADERO,TMK fijo,Internet + Norton,Seguridad,,TMK fijo,PYME
13,Pregunta de única respuesta. “Comercializadora Andina” ha detectado que algunos empleados acceden a sitios web no seguros durante el horario laboral. El área de TI busca una solución que garantice una navegación protegida. ¿Qué funcionalidad de Norton PyMEs es más adecuada para este propósito?,3.0,Túnel dividido,FALSO,TMK fijo,Internet + Norton,Seguridad,,TMK fijo,PYME
14,Pregunta de única respuesta. La institución educativa “Academia Digital” quiere controlar el tiempo que los estudiantes pasan en dispositivos durante el horario escolar. ¿Qué función de Norton PyMEs permite establecer límites y supervisar el uso de los equipos?,1.0,Supervisión de tiempo,VERDADERO,TMK fijo,Internet + Norton,Seguridad,,TMK fijo,PYME
14,Pregunta de única respuesta. La institución educativa “Academia Digital” quiere controlar el tiempo que los estudiantes pasan en dispositivos durante el horario escolar. ¿Qué función de Norton PyMEs permite establecer límites y supervisar el uso de los equipos?,2.0,Seguridad WiFi,FALSO,TMK fijo,Internet + Norton,Seguridad,,TMK fijo,PYME
14,Pregunta de única respuesta. La institución educativa “Academia Digital” quiere controlar el tiempo que los estudiantes pasan en dispositivos durante el horario escolar. ¿Qué función de Norton PyMEs permite establecer límites y supervisar el uso de los equipos?,3.0,Navegación web segura,FALSO,TMK fijo,Internet + Norton,Seguridad,,TMK fijo,PYME
15,"Pregunta de única respuesta. “Servicios Integrales SAS” opera con laptops, tablets y celulares en sus procesos administrativos y comerciales. ¿Qué ventaja de Norton PyMEs asegura que todos estos dispositivos estén protegidos bajo una misma solución?",1.0,Supervisión web,FALSO,TMK fijo,Internet + Norton,Seguridad,,TMK fijo,PYME
15,"Pregunta de única respuesta. “Servicios Integrales SAS” opera con laptops, tablets y celulares en sus procesos administrativos y comerciales. ¿Qué ventaja de Norton PyMEs asegura que todos estos dispositivos estén protegidos bajo una misma solución?",2.0,Compatible con todos los dispositivos,VERDADERO,TMK fijo,Internet + Norton,Seguridad,,TMK fijo,PYME
15,"Pregunta de única respuesta. “Servicios Integrales SAS” opera con laptops, tablets y celulares en sus procesos administrativos y comerciales. ¿Qué ventaja de Norton PyMEs asegura que todos estos dispositivos estén protegidos bajo una misma solución?",3.0,Configuración de niveles de restricción,FALSO,TMK fijo,Internet + Norton,Seguridad,,TMK fijo,PYME
1,"Pregunta de única respuesta. En Banco Andino, la analista de riesgos recibe un SMS con un enlace que aparenta ser de la Superintendencia Financiera. El mensaje le indica que debe actualizar sus credenciales de acceso. Al dar clic, Lookout bloquea el acceso porque identificó el sitio como fraudulento. ¿Que funcionalidad de Lookout actuó en dicha amenaza?",1.0,Detección de phishing en móviles.,VERDADERO,Directos,Linea Segura Loockout,Seguridad,,Agentes,PYME
1,"Pregunta de única respuesta. En Banco Andino, la analista de riesgos recibe un SMS con un enlace que aparenta ser de la Superintendencia Financiera. El mensaje le indica que debe actualizar sus credenciales de acceso. Al dar clic, Lookout bloquea el acceso porque identificó el sitio como fraudulento. ¿Que funcionalidad de Lookout actuó en dicha amenaza?",2.0,Consola de administrador para reasignación de licencias,FALSO,Directos,Linea Segura Loockout,Seguridad,,Agentes,PYME
1,"Pregunta de única respuesta. En Banco Andino, la analista de riesgos recibe un SMS con un enlace que aparenta ser de la Superintendencia Financiera. El mensaje le indica que debe actualizar sus credenciales de acceso. Al dar clic, Lookout bloquea el acceso porque identificó el sitio como fraudulento. ¿Que funcionalidad de Lookout actuó en dicha amenaza?",3.0,Detección de root o jailbreak.,FALSO,Directos,Linea Segura Loockout,Seguridad,,Agentes,PYME
2,"Pregunta de única respuesta.La empresa Ventas Globales tiene ejecutivos que trabajan en movilidad. Uno de ellos, en plena reunión con un cliente, se conecta a la red wifi gratuita del café donde se encontraban. Minutos después, su dispositivo comienza a mostrar comportamientos extraños y se detecta tráfico no autorizado hacia un servidor externo.
¿Qué riesgo se materializó?
¿Qué riesgo se materializó?",1.0,Uso de aplicaciones con SDK vulnerable.,FALSO,Directos,Linea Segura Loockout,Seguridad,,Agentes,PYME
2,"Pregunta de única respuesta.La empresa Ventas Globales tiene ejecutivos que trabajan en movilidad. Uno de ellos, en plena reunión con un cliente, se conecta a la red wifi gratuita del café donde se encontraban. Minutos después, su dispositivo comienza a mostrar comportamientos extraños y se detecta tráfico no autorizado hacia un servidor externo.
¿Qué riesgo se materializó?
¿Qué riesgo se materializó?",2.0,Conexión a redes WiFi inseguras o maliciosas.,VERDADERO,Directos,Linea Segura Loockout,Seguridad,,Agentes,PYME
2,"Pregunta de única respuesta.La empresa Ventas Globales tiene ejecutivos que trabajan en movilidad. Uno de ellos, en plena reunión con un cliente, se conecta a la red wifi gratuita del café donde se encontraban. Minutos después, su dispositivo comienza a mostrar comportamientos extraños y se detecta tráfico no autorizado hacia un servidor externo.
¿Qué riesgo se materializó?
¿Qué riesgo se materializó?",3.0,Instalación de un certificado raíz en su móvil.,FALSO,Directos,Linea Segura Loockout,Seguridad,,Agentes,PYME
3,"Pregunta de única respuesta.En Retail Express, un empleado descarga una aplicación de entretenimiento “gratuita” desde una tienda no oficial. La app comienza a consumir batería y datos de manera anómala. Lookout detecta que se trata de un malware diseñado para robar información del correo corporativo.
¿Qué tipo de amenaza fue detectada?
¿Qué tipo de amenaza fue detectada?",1.0,Escalación de privilegios por jailbreak remoto.,FALSO,Directos,Linea Segura Loockout,Seguridad,,Agentes,PYME
3,"Pregunta de única respuesta.En Retail Express, un empleado descarga una aplicación de entretenimiento “gratuita” desde una tienda no oficial. La app comienza a consumir batería y datos de manera anómala. Lookout detecta que se trata de un malware diseñado para robar información del correo corporativo.
¿Qué tipo de amenaza fue detectada?
¿Qué tipo de amenaza fue detectada?",2.0,Páginas web con contenido inadecuado.,FALSO,Directos,Linea Segura Loockout,Seguridad,,Agentes,PYME
3,"Pregunta de única respuesta.En Retail Express, un empleado descarga una aplicación de entretenimiento “gratuita” desde una tienda no oficial. La app comienza a consumir batería y datos de manera anómala. Lookout detecta que se trata de un malware diseñado para robar información del correo corporativo.
¿Qué tipo de amenaza fue detectada?
¿Qué tipo de amenaza fue detectada?",3.0,Aplicaciones maliciosas como spyware o troyanos,VERDADERO,Directos,Linea Segura Loockout,Seguridad,,Agentes,PYME
4,Pregunta de única respuesta. Transportes Urbanos otorga smartphones corporativos a sus conductores. El área de TI descubre que varios de ellos realizaron manipulación de los sistemas operativos  para instalar aplicaciones no autorizadas que ponen en riesgo la seguridad de la información y del GPS corporativo. Lookout emite alertas y bloquea el acceso a recursos internos hasta que se corrija la manipulación. ¿Qué detectó la herramienta lookout?,1.0,Root o jailbreak en los dispositivos.,VERDADERO,Directos,Linea Segura Loockout,Seguridad,,Agentes,PYME
4,Pregunta de única respuesta. Transportes Urbanos otorga smartphones corporativos a sus conductores. El área de TI descubre que varios de ellos realizaron manipulación de los sistemas operativos  para instalar aplicaciones no autorizadas que ponen en riesgo la seguridad de la información y del GPS corporativo. Lookout emite alertas y bloquea el acceso a recursos internos hasta que se corrija la manipulación. ¿Qué detectó la herramienta lookout?,2.0,Malware tipo riskware.,FALSO,Directos,Linea Segura Loockout,Seguridad,,Agentes,PYME
4,Pregunta de única respuesta. Transportes Urbanos otorga smartphones corporativos a sus conductores. El área de TI descubre que varios de ellos realizaron manipulación de los sistemas operativos  para instalar aplicaciones no autorizadas que ponen en riesgo la seguridad de la información y del GPS corporativo. Lookout emite alertas y bloquea el acceso a recursos internos hasta que se corrija la manipulación. ¿Qué detectó la herramienta lookout?,3.0,Vulnerabilidades de protocolos de red.,FALSO,Directos,Linea Segura Loockout,Seguridad,,Agentes,PYME
5,"Pregunta de única respuesta. En Comunicaciones Alfa, un administrador de TI observa que algunos empleados, a pesar de recibir alertas, ignoran las notificaciones de apps maliciosas y siguen conectándose a redes inseguras. Para reforzar la seguridad, el administrador decide bloquear el acceso a sistemas internos a los dispositivos que no cumplan con los estándares de seguridad. ¿Qué se debe configurar en Lookout?",1.0,Restricción de conexiones a puertos USB.,FALSO,Directos,Linea Segura Loockout,Seguridad,,Agentes,PYME
5,"Pregunta de única respuesta. En Comunicaciones Alfa, un administrador de TI observa que algunos empleados, a pesar de recibir alertas, ignoran las notificaciones de apps maliciosas y siguen conectándose a redes inseguras. Para reforzar la seguridad, el administrador decide bloquear el acceso a sistemas internos a los dispositivos que no cumplan con los estándares de seguridad. ¿Qué se debe configurar en Lookout?",2.0,Políticas de seguridad y acceso basado en riesgos.,VERDADERO,Directos,Linea Segura Loockout,Seguridad,,Agentes,PYME
5,"Pregunta de única respuesta. En Comunicaciones Alfa, un administrador de TI observa que algunos empleados, a pesar de recibir alertas, ignoran las notificaciones de apps maliciosas y siguen conectándose a redes inseguras. Para reforzar la seguridad, el administrador decide bloquear el acceso a sistemas internos a los dispositivos que no cumplan con los estándares de seguridad. ¿Qué se debe configurar en Lookout?",3.0,Eliminación automática de aplicaciones en la Play Store.,FALSO,Directos,Linea Segura Loockout,Seguridad,,Agentes,PYME
6,"Pregunta de única respuesta. Una empresa de contabilidad con 10 empleados trabaja con información sensible de sus clientes. El gerente comenta que recientemente recibieron correos sospechosos y que algunos colaboradores acceden a redes sociales desde los equipos de trabajo.
¿Cuál sería el argumento más acertado para recomendar Internet Seguro a esta empresa?
¿Cuál sería el argumento más acertado para recomendar Internet Seguro a esta empresa?",1.0,Para permitir el acceso a redes sociales y aumentar la productividad,FALSO,Directos,Internet seguro,Seguridad,,Agentes,PYME
6,"Pregunta de única respuesta. Una empresa de contabilidad con 10 empleados trabaja con información sensible de sus clientes. El gerente comenta que recientemente recibieron correos sospechosos y que algunos colaboradores acceden a redes sociales desde los equipos de trabajo.
¿Cuál sería el argumento más acertado para recomendar Internet Seguro a esta empresa?
¿Cuál sería el argumento más acertado para recomendar Internet Seguro a esta empresa?",2.0,Para proteger la red corporativa de accesos no autorizados y controlar la navegación,VERDADERO,Directos,Internet seguro,Seguridad,,Agentes,PYME
6,"Pregunta de única respuesta. Una empresa de contabilidad con 10 empleados trabaja con información sensible de sus clientes. El gerente comenta que recientemente recibieron correos sospechosos y que algunos colaboradores acceden a redes sociales desde los equipos de trabajo.
¿Cuál sería el argumento más acertado para recomendar Internet Seguro a esta empresa?
¿Cuál sería el argumento más acertado para recomendar Internet Seguro a esta empresa?",3.0,Para mejorar la velocidad de conexión a internet,FALSO,Directos,Internet seguro,Seguridad,,Agentes,PYME
7,"Pregunta de única respuesta. Un cliente con servicio de internet empresarial sobre FTTX solicita contratar Internet Seguro. El consultor verifica que el cliente no tiene IP fija aprovisionada.
¿Qué debe hacer el consultor antes de continuar con la digitación del servicio?
¿Qué debe hacer el consultor antes de continuar con la digitación del servicio?",1.0,Solicitar preventa para validar la factibilidad,FALSO,Directos,Internet seguro,Seguridad,,Agentes,PYME
7,"Pregunta de única respuesta. Un cliente con servicio de internet empresarial sobre FTTX solicita contratar Internet Seguro. El consultor verifica que el cliente no tiene IP fija aprovisionada.
¿Qué debe hacer el consultor antes de continuar con la digitación del servicio?
¿Qué debe hacer el consultor antes de continuar con la digitación del servicio?",2.0,Continuar con la venta y asignar la IP después,FALSO,Directos,Internet seguro,Seguridad,,Agentes,PYME
7,"Pregunta de única respuesta. Un cliente con servicio de internet empresarial sobre FTTX solicita contratar Internet Seguro. El consultor verifica que el cliente no tiene IP fija aprovisionada.
¿Qué debe hacer el consultor antes de continuar con la digitación del servicio?
¿Qué debe hacer el consultor antes de continuar con la digitación del servicio?",3.0,Asegurar que se aprovisione la IP fija en el servicio de internet antes de digitar,VERDADERO,Directos,Internet seguro,Seguridad,,Agentes,PYME
8,"Pregunta de única respuesta. Una agencia de publicidad tiene 25 empleados, trabaja con clientes internacionales y requiere conexiones remotas seguras. Además, han tenido incidentes de malware en el pasado.
¿Cuál plan de Internet Seguro se ajusta mejor a sus necesidades?
¿Cuál plan de Internet Seguro se ajusta mejor a sus necesidades?",1.0,"Básico, porque no tiene reglas de firewall y VPN",FALSO,Directos,Internet seguro,Seguridad,,Agentes,PYME
8,"Pregunta de única respuesta. Una agencia de publicidad tiene 25 empleados, trabaja con clientes internacionales y requiere conexiones remotas seguras. Además, han tenido incidentes de malware en el pasado.
¿Cuál plan de Internet Seguro se ajusta mejor a sus necesidades?
¿Cuál plan de Internet Seguro se ajusta mejor a sus necesidades?",2.0,"Intermedio, porque no incluye filtrado de navegación",FALSO,Directos,Internet seguro,Seguridad,,Agentes,PYME
8,"Pregunta de única respuesta. Una agencia de publicidad tiene 25 empleados, trabaja con clientes internacionales y requiere conexiones remotas seguras. Además, han tenido incidentes de malware en el pasado.
¿Cuál plan de Internet Seguro se ajusta mejor a sus necesidades?
¿Cuál plan de Internet Seguro se ajusta mejor a sus necesidades?",3.0,"Avanzado, porque ofrece protección contra malware y prevención de intrusos",VERDADERO,Directos,Internet seguro,Seguridad,,Agentes,PYME
9,"Pregunta de única respuesta. Una empresa de logística tiene sedes remotas en zonas rurales y necesita asegurar la conectividad de sus dispositivos IoT y puntos de venta.
¿Qué componente de la arquitectura de Internet Seguro permite escalar la solución para este tipo de necesidad?
¿Qué componente de la arquitectura de Internet Seguro permite escalar la solución para este tipo de necesidad?",1.0,Malware,FALSO,Directos,Internet seguro,Seguridad,,Agentes,PYME
9,"Pregunta de única respuesta. Una empresa de logística tiene sedes remotas en zonas rurales y necesita asegurar la conectividad de sus dispositivos IoT y puntos de venta.
¿Qué componente de la arquitectura de Internet Seguro permite escalar la solución para este tipo de necesidad?
¿Qué componente de la arquitectura de Internet Seguro permite escalar la solución para este tipo de necesidad?",2.0,FortiExtender,VERDADERO,Directos,Internet seguro,Seguridad,,Agentes,PYME
9,"Pregunta de única respuesta. Una empresa de logística tiene sedes remotas en zonas rurales y necesita asegurar la conectividad de sus dispositivos IoT y puntos de venta.
¿Qué componente de la arquitectura de Internet Seguro permite escalar la solución para este tipo de necesidad?
¿Qué componente de la arquitectura de Internet Seguro permite escalar la solución para este tipo de necesidad?",3.0,Fortiinternet,FALSO,Directos,Internet seguro,Seguridad,,Agentes,PYME
10,"Pregunta de única respuesta. Durante una visita comercial, el cliente afirma que no necesita soluciones de seguridad porque ya tiene un antivirus instalado en todos los equipos.
¿Cuál sería la mejor respuesta del consultor para generar conciencia sobre la necesidad de Internet Seguro?
¿Cuál sería la mejor respuesta del consultor para generar conciencia sobre la necesidad de Internet Seguro?",1.0,“El antivirus es suficiente si no navegan mucho,FALSO,Directos,Internet seguro,Seguridad,,Agentes,PYME
10,"Pregunta de única respuesta. Durante una visita comercial, el cliente afirma que no necesita soluciones de seguridad porque ya tiene un antivirus instalado en todos los equipos.
¿Cuál sería la mejor respuesta del consultor para generar conciencia sobre la necesidad de Internet Seguro?
¿Cuál sería la mejor respuesta del consultor para generar conciencia sobre la necesidad de Internet Seguro?",2.0,“Internet Seguro complementa el antivirus con protección de red y navegación,VERDADERO,Directos,Internet seguro,Seguridad,,Agentes,PYME
10,"Pregunta de única respuesta. Durante una visita comercial, el cliente afirma que no necesita soluciones de seguridad porque ya tiene un antivirus instalado en todos los equipos.
¿Cuál sería la mejor respuesta del consultor para generar conciencia sobre la necesidad de Internet Seguro?
¿Cuál sería la mejor respuesta del consultor para generar conciencia sobre la necesidad de Internet Seguro?",3.0,“Claro exige tener Internet Seguro para todos los clientes,FALSO,Directos,Internet seguro,Seguridad,,Agentes,PYME
11,Pregunta de única respuesta. “Logística Global Ltda.” utiliza smartphones y tablets para rastrear envíos y coordinar entregas. El director de operaciones está preocupado por el impacto que pueda tener un software de seguridad en la duración de la batería y el rendimiento de los dispositivos. ¿Qué ventaja específica de Norton PyMEs debería considerar?,1.0,No influye en la duración de la batería,VERDADERO,Agentes,Internet + Norton,Seguridad,,Agentes,PYME
11,Pregunta de única respuesta. “Logística Global Ltda.” utiliza smartphones y tablets para rastrear envíos y coordinar entregas. El director de operaciones está preocupado por el impacto que pueda tener un software de seguridad en la duración de la batería y el rendimiento de los dispositivos. ¿Qué ventaja específica de Norton PyMEs debería considerar?,2.0,Consola de administración de licencias,FALSO,Agentes,Internet + Norton,Seguridad,,Agentes,PYME
11,Pregunta de única respuesta. “Logística Global Ltda.” utiliza smartphones y tablets para rastrear envíos y coordinar entregas. El director de operaciones está preocupado por el impacto que pueda tener un software de seguridad en la duración de la batería y el rendimiento de los dispositivos. ¿Qué ventaja específica de Norton PyMEs debería considerar?,3.0,Plataforma de aprendizaje en línea,FALSO,Agentes,Internet + Norton,Seguridad,,Agentes,PYME
12,"Pregunta de única respuesta. La empresa “Finanzas Seguras S.A.”, dedicada a servicios financieros en línea, ha detectado intentos de fraude digital en sus plataformas. El gerente de seguridad busca una solución que proteja a sus empleados de ataques de suplantación de identidad y enlaces maliciosos. ¿Qué funcionalidad de Norton PyMEs responde mejor a esta necesidad?",1.0,Navegación anónima,FALSO,Agentes,Internet + Norton,Seguridad,,Agentes,PYME
12,"Pregunta de única respuesta. La empresa “Finanzas Seguras S.A.”, dedicada a servicios financieros en línea, ha detectado intentos de fraude digital en sus plataformas. El gerente de seguridad busca una solución que proteja a sus empleados de ataques de suplantación de identidad y enlaces maliciosos. ¿Qué funcionalidad de Norton PyMEs responde mejor a esta necesidad?",2.0,Anti-phishing y protección contra malware,VERDADERO,Agentes,Internet + Norton,Seguridad,,Agentes,PYME
12,"Pregunta de única respuesta. La empresa “Finanzas Seguras S.A.”, dedicada a servicios financieros en línea, ha detectado intentos de fraude digital en sus plataformas. El gerente de seguridad busca una solución que proteja a sus empleados de ataques de suplantación de identidad y enlaces maliciosos. ¿Qué funcionalidad de Norton PyMEs responde mejor a esta necesidad?",3.0,Optimización del sistema,FALSO,Agentes,Internet + Norton,Seguridad,,Agentes,PYME
13,Pregunta de única respuesta. “Comercializadora Andina” ha detectado que algunos empleados acceden a sitios web no seguros durante el horario laboral. El área de TI busca una solución que garantice una navegación protegida. ¿Qué funcionalidad de Norton PyMEs es más adecuada para este propósito?,1.0,Supervisión de apps,FALSO,Agentes,Internet + Norton,Seguridad,,Agentes,PYME
13,Pregunta de única respuesta. “Comercializadora Andina” ha detectado que algunos empleados acceden a sitios web no seguros durante el horario laboral. El área de TI busca una solución que garantice una navegación protegida. ¿Qué funcionalidad de Norton PyMEs es más adecuada para este propósito?,2.0,Navegación web segura,VERDADERO,Agentes,Internet + Norton,Seguridad,,Agentes,PYME
13,Pregunta de única respuesta. “Comercializadora Andina” ha detectado que algunos empleados acceden a sitios web no seguros durante el horario laboral. El área de TI busca una solución que garantice una navegación protegida. ¿Qué funcionalidad de Norton PyMEs es más adecuada para este propósito?,3.0,Túnel dividido,FALSO,Agentes,Internet + Norton,Seguridad,,Agentes,PYME
14,Pregunta de única respuesta. La institución educativa “Academia Digital” quiere controlar el tiempo que los estudiantes pasan en dispositivos durante el horario escolar. ¿Qué función de Norton PyMEs permite establecer límites y supervisar el uso de los equipos?,1.0,Supervisión de tiempo,VERDADERO,Agentes,Internet + Norton,Seguridad,,Agentes,PYME
14,Pregunta de única respuesta. La institución educativa “Academia Digital” quiere controlar el tiempo que los estudiantes pasan en dispositivos durante el horario escolar. ¿Qué función de Norton PyMEs permite establecer límites y supervisar el uso de los equipos?,2.0,Seguridad WiFi,FALSO,Agentes,Internet + Norton,Seguridad,,Agentes,PYME
14,Pregunta de única respuesta. La institución educativa “Academia Digital” quiere controlar el tiempo que los estudiantes pasan en dispositivos durante el horario escolar. ¿Qué función de Norton PyMEs permite establecer límites y supervisar el uso de los equipos?,3.0,Navegación web segura,FALSO,Agentes,Internet + Norton,Seguridad,,Agentes,PYME
15,"Pregunta de única respuesta. “Servicios Integrales SAS” opera con laptops, tablets y celulares en sus procesos administrativos y comerciales. ¿Qué ventaja de Norton PyMEs asegura que todos estos dispositivos estén protegidos bajo una misma solución?",1.0,Supervisión web,FALSO,Agentes,Internet + Norton,Seguridad,,Agentes,PYME
15,"Pregunta de única respuesta. “Servicios Integrales SAS” opera con laptops, tablets y celulares en sus procesos administrativos y comerciales. ¿Qué ventaja de Norton PyMEs asegura que todos estos dispositivos estén protegidos bajo una misma solución?",2.0,Compatible con todos los dispositivos,VERDADERO,Agentes,Internet + Norton,Seguridad,,Agentes,PYME
15,"Pregunta de única respuesta. “Servicios Integrales SAS” opera con laptops, tablets y celulares en sus procesos administrativos y comerciales. ¿Qué ventaja de Norton PyMEs asegura que todos estos dispositivos estén protegidos bajo una misma solución?",3.0,Configuración de niveles de restricción,FALSO,Agentes,Internet + Norton,Seguridad,,Agentes,PYME
16,"Pregunta de única respuesta. Laura, una comercial de Claro, atiende a una empresa Pyme que contrata Internet Claro Empresas el 5 de agosto. El cliente también está interesado en Google Workspace. ¿Qué debe hacer Laura para que el cliente reciba el mes 2 gratis del producto Cloud?",1.0,Enviar solo la OT del Internet adquirido y al jefe,FALSO,Directos,Internet + Cloud,Cloud,,Agentes,PYME
16,"Pregunta de única respuesta. Laura, una comercial de Claro, atiende a una empresa Pyme que contrata Internet Claro Empresas el 5 de agosto. El cliente también está interesado en Google Workspace. ¿Qué debe hacer Laura para que el cliente reciba el mes 2 gratis del producto Cloud?",2.0,"Enviar la OT del Internet, captura del CRM con razón social, ID, NIT y estado de facturación, y confirmar que la compra del Cloud se hizo en agosto.",VERDADERO,Directos,Internet + Cloud,Cloud,,Agentes,PYME
16,"Pregunta de única respuesta. Laura, una comercial de Claro, atiende a una empresa Pyme que contrata Internet Claro Empresas el 5 de agosto. El cliente también está interesado en Google Workspace. ¿Qué debe hacer Laura para que el cliente reciba el mes 2 gratis del producto Cloud?",3.0,Esperar a que el cliente solicite el beneficio por correo.,FALSO,Directos,Internet + Cloud,Cloud,,Agentes,PYME
17,Pregunta de única respuesta. Carlos ofrece productos Cloud a sus clientes Pymes. Uno de ellos pregunta si puede acceder al beneficio con Dropbox Business.¿Qué debe responder Carlos?,1.0,"Sí, Dropbox Business aplica.",FALSO,Directos,Internet + Cloud,Cloud,,Agentes,PYME
17,Pregunta de única respuesta. Carlos ofrece productos Cloud a sus clientes Pymes. Uno de ellos pregunta si puede acceder al beneficio con Dropbox Business.¿Qué debe responder Carlos?,2.0,"Sí, si el cliente lo combina con Internet Claro.",FALSO,Directos,Internet + Cloud,Cloud,,Agentes,PYME
17,Pregunta de única respuesta. Carlos ofrece productos Cloud a sus clientes Pymes. Uno de ellos pregunta si puede acceder al beneficio con Dropbox Business.¿Qué debe responder Carlos?,3.0,"No, solo aplica si el producto Cloud es Office o Google Workspace.",VERDADERO,Directos,Internet + Cloud,Cloud,,Agentes,PYME
18,Pregunta de única respuesta. Una empresa Pyme solicita Internet Claro y Office 365. El MRC total es de $950.000 COP. ¿Aplica para el beneficio de mes 2 gratis?,1.0,"Sí, porque el MRC es igual o menor a $1.000.000 COP.",VERDADERO,Directos,Internet + Cloud,Cloud,,Agentes,PYME
18,Pregunta de única respuesta. Una empresa Pyme solicita Internet Claro y Office 365. El MRC total es de $950.000 COP. ¿Aplica para el beneficio de mes 2 gratis?,2.0,"No aplica, el cliente lo solicita directamente a Claro.",FALSO,Directos,Internet + Cloud,Cloud,,Agentes,PYME
18,Pregunta de única respuesta. Una empresa Pyme solicita Internet Claro y Office 365. El MRC total es de $950.000 COP. ¿Aplica para el beneficio de mes 2 gratis?,3.0,"No, porque el MRC debe ser mayor a $1.000.000 COP.",FALSO,Directos,Internet + Cloud,Cloud,,Agentes,PYME
19,Pregunta de única respuesta. Pedro aplica correctamente la campaña Cloudwise con varios clientes Pymes. ¿Qué beneficios obtiene él como comercial?,1.0,Solo fidelización del cliente.,FALSO,Directos,Internet + Cloud,Cloud,,Agentes,PYME
19,Pregunta de única respuesta. Pedro aplica correctamente la campaña Cloudwise con varios clientes Pymes. ¿Qué beneficios obtiene él como comercial?,2.0,"Competitividad, fidelización y resultados comerciales.",VERDADERO,Directos,Internet + Cloud,Cloud,,Agentes,PYME
19,Pregunta de única respuesta. Pedro aplica correctamente la campaña Cloudwise con varios clientes Pymes. ¿Qué beneficios obtiene él como comercial?,3.0,Un bono económico inmediato.,FALSO,Directos,Internet + Cloud,Cloud,,Agentes,PYME
20,Pregunta de única respuesta. Un comercial envía al CCO una captura del CRM que solo muestra el nombre del cliente. ¿Es suficiente para aplicar el beneficio?,1.0,"Sí, si se incluye la OT.",FALSO,Directos,Internet + Cloud,Cloud,,Agentes,PYME
20,Pregunta de única respuesta. Un comercial envía al CCO una captura del CRM que solo muestra el nombre del cliente. ¿Es suficiente para aplicar el beneficio?,2.0,"Sí, si el cliente es Pyme.",FALSO,Directos,Internet + Cloud,Cloud,,Agentes,PYME
20,Pregunta de única respuesta. Un comercial envía al CCO una captura del CRM que solo muestra el nombre del cliente. ¿Es suficiente para aplicar el beneficio?,3.0,"No, debe incluir razón social, ID, NIT y estado de facturación.",VERDADERO,Directos,Internet + Cloud,Cloud,,Agentes,PYME
1,"Pregunta de única respuesta. En Banco Andino, la analista de riesgos recibe un SMS con un enlace que aparenta ser de la Superintendencia Financiera. El mensaje le indica que debe actualizar sus credenciales de acceso. Al dar clic, Lookout bloquea el acceso porque identificó el sitio como fraudulento. ¿Que funcionalidad de Lookout actuó en dicha amenaza?",1.0,Detección de phishing en móviles.,VERDADERO,Directos,Linea Segura Loockout,Seguridad,,Especialistas,PYME
1,"Pregunta de única respuesta. En Banco Andino, la analista de riesgos recibe un SMS con un enlace que aparenta ser de la Superintendencia Financiera. El mensaje le indica que debe actualizar sus credenciales de acceso. Al dar clic, Lookout bloquea el acceso porque identificó el sitio como fraudulento. ¿Que funcionalidad de Lookout actuó en dicha amenaza?",2.0,Consola de administrador para reasignación de licencias,FALSO,Directos,Linea Segura Loockout,Seguridad,,Especialistas,PYME
1,"Pregunta de única respuesta. En Banco Andino, la analista de riesgos recibe un SMS con un enlace que aparenta ser de la Superintendencia Financiera. El mensaje le indica que debe actualizar sus credenciales de acceso. Al dar clic, Lookout bloquea el acceso porque identificó el sitio como fraudulento. ¿Que funcionalidad de Lookout actuó en dicha amenaza?",3.0,Detección de root o jailbreak.,FALSO,Directos,Linea Segura Loockout,Seguridad,,Especialistas,PYME
2,"Pregunta de única respuesta. La empresa Ventas Globales tiene ejecutivos que trabajan en movilidad. Uno de ellos, en plena reunión con un cliente, se conecta a la red wifi gratuita del café donde se encontraban. Minutos después, su dispositivo comienza a mostrar comportamientos extraños y se detecta tráfico no autorizado hacia un servidor externo.
¿Qué riesgo se materializó?
¿Qué riesgo se materializó?",1.0,Uso de aplicaciones con SDK vulnerable.,FALSO,Directos,Linea Segura Loockout,Seguridad,,Especialistas,PYME
2,"Pregunta de única respuesta. La empresa Ventas Globales tiene ejecutivos que trabajan en movilidad. Uno de ellos, en plena reunión con un cliente, se conecta a la red wifi gratuita del café donde se encontraban. Minutos después, su dispositivo comienza a mostrar comportamientos extraños y se detecta tráfico no autorizado hacia un servidor externo.
¿Qué riesgo se materializó?
¿Qué riesgo se materializó?",2.0,Conexión a redes WiFi inseguras o maliciosas.,VERDADERO,Directos,Linea Segura Loockout,Seguridad,,Especialistas,PYME
2,"Pregunta de única respuesta. La empresa Ventas Globales tiene ejecutivos que trabajan en movilidad. Uno de ellos, en plena reunión con un cliente, se conecta a la red wifi gratuita del café donde se encontraban. Minutos después, su dispositivo comienza a mostrar comportamientos extraños y se detecta tráfico no autorizado hacia un servidor externo.
¿Qué riesgo se materializó?
¿Qué riesgo se materializó?",3.0,Instalación de un certificado raíz en su móvil.,FALSO,Directos,Linea Segura Loockout,Seguridad,,Especialistas,PYME
3,"Pregunta de única respuesta. En Retail Express, un empleado descarga una aplicación de entretenimiento “gratuita” desde una tienda no oficial. La app comienza a consumir batería y datos de manera anómala. Lookout detecta que se trata de un malware diseñado para robar información del correo corporativo.
¿Qué tipo de amenaza fue detectada?
¿Qué tipo de amenaza fue detectada?",1.0,Escalación de privilegios por jailbreak remoto.,FALSO,Directos,Linea Segura Loockout,Seguridad,,Especialistas,PYME
3,"Pregunta de única respuesta. En Retail Express, un empleado descarga una aplicación de entretenimiento “gratuita” desde una tienda no oficial. La app comienza a consumir batería y datos de manera anómala. Lookout detecta que se trata de un malware diseñado para robar información del correo corporativo.
¿Qué tipo de amenaza fue detectada?
¿Qué tipo de amenaza fue detectada?",2.0,Páginas web con contenido inadecuado.,FALSO,Directos,Linea Segura Loockout,Seguridad,,Especialistas,PYME
3,"Pregunta de única respuesta. En Retail Express, un empleado descarga una aplicación de entretenimiento “gratuita” desde una tienda no oficial. La app comienza a consumir batería y datos de manera anómala. Lookout detecta que se trata de un malware diseñado para robar información del correo corporativo.
¿Qué tipo de amenaza fue detectada?
¿Qué tipo de amenaza fue detectada?",3.0,Aplicaciones maliciosas como spyware o troyanos,VERDADERO,Directos,Linea Segura Loockout,Seguridad,,Especialistas,PYME
4,Pregunta de única respuesta. Transportes Urbanos otorga smartphones corporativos a sus conductores. El área de TI descubre que varios de ellos realizaron manipulación de los sistemas operativos  para instalar aplicaciones no autorizadas que ponen en riesgo la seguridad de la información y del GPS corporativo. Lookout emite alertas y bloquea el acceso a recursos internos hasta que se corrija la manipulación. ¿Qué detectó la herramienta lookout?,1.0,Root o jailbreak en los dispositivos.,VERDADERO,Directos,Linea Segura Loockout,Seguridad,,Especialistas,PYME
4,Pregunta de única respuesta. Transportes Urbanos otorga smartphones corporativos a sus conductores. El área de TI descubre que varios de ellos realizaron manipulación de los sistemas operativos  para instalar aplicaciones no autorizadas que ponen en riesgo la seguridad de la información y del GPS corporativo. Lookout emite alertas y bloquea el acceso a recursos internos hasta que se corrija la manipulación. ¿Qué detectó la herramienta lookout?,2.0,Malware tipo riskware.,FALSO,Directos,Linea Segura Loockout,Seguridad,,Especialistas,PYME
4,Pregunta de única respuesta. Transportes Urbanos otorga smartphones corporativos a sus conductores. El área de TI descubre que varios de ellos realizaron manipulación de los sistemas operativos  para instalar aplicaciones no autorizadas que ponen en riesgo la seguridad de la información y del GPS corporativo. Lookout emite alertas y bloquea el acceso a recursos internos hasta que se corrija la manipulación. ¿Qué detectó la herramienta lookout?,3.0,Vulnerabilidades de protocolos de red.,FALSO,Directos,Linea Segura Loockout,Seguridad,,Especialistas,PYME
5,"Pregunta de única respuesta. Una empresa de contabilidad con 10 empleados trabaja con información sensible de sus clientes. El gerente comenta que recientemente recibieron correos sospechosos y que algunos colaboradores acceden a redes sociales desde los equipos de trabajo.
¿Cuál sería el argumento más acertado para recomendar Internet Seguro a esta empresa?
¿Cuál sería el argumento más acertado para recomendar Internet Seguro a esta empresa?",1.0,Para permitir el acceso a redes sociales y aumentar la productividad,FALSO,Directos,Internet seguro,Seguridad,,Especialistas,PYME
5,"Pregunta de única respuesta. Una empresa de contabilidad con 10 empleados trabaja con información sensible de sus clientes. El gerente comenta que recientemente recibieron correos sospechosos y que algunos colaboradores acceden a redes sociales desde los equipos de trabajo.
¿Cuál sería el argumento más acertado para recomendar Internet Seguro a esta empresa?
¿Cuál sería el argumento más acertado para recomendar Internet Seguro a esta empresa?",2.0,Para proteger la red corporativa de accesos no autorizados y controlar la navegación,VERDADERO,Directos,Internet seguro,Seguridad,,Especialistas,PYME
5,"Pregunta de única respuesta. Una empresa de contabilidad con 10 empleados trabaja con información sensible de sus clientes. El gerente comenta que recientemente recibieron correos sospechosos y que algunos colaboradores acceden a redes sociales desde los equipos de trabajo.
¿Cuál sería el argumento más acertado para recomendar Internet Seguro a esta empresa?
¿Cuál sería el argumento más acertado para recomendar Internet Seguro a esta empresa?",3.0,Para mejorar la velocidad de conexión a internet,FALSO,Directos,Internet seguro,Seguridad,,Especialistas,PYME
6,"Pregunta de única respuesta. Un cliente con servicio de internet empresarial sobre FTTX solicita contratar Internet Seguro. El consultor verifica que el cliente no tiene IP fija aprovisionada.
¿Qué debe hacer el consultor antes de continuar con la digitación del servicio?
¿Qué debe hacer el consultor antes de continuar con la digitación del servicio?",1.0,Solicitar preventa para validar la factibilidad,FALSO,Directos,Internet seguro,Seguridad,,Especialistas,PYME
6,"Pregunta de única respuesta. Un cliente con servicio de internet empresarial sobre FTTX solicita contratar Internet Seguro. El consultor verifica que el cliente no tiene IP fija aprovisionada.
¿Qué debe hacer el consultor antes de continuar con la digitación del servicio?
¿Qué debe hacer el consultor antes de continuar con la digitación del servicio?",2.0,Continuar con la venta y asignar la IP después,FALSO,Directos,Internet seguro,Seguridad,,Especialistas,PYME
6,"Pregunta de única respuesta. Un cliente con servicio de internet empresarial sobre FTTX solicita contratar Internet Seguro. El consultor verifica que el cliente no tiene IP fija aprovisionada.
¿Qué debe hacer el consultor antes de continuar con la digitación del servicio?
¿Qué debe hacer el consultor antes de continuar con la digitación del servicio?",3.0,Asegurar que se aprovisione la IP fija en el servicio de internet antes de digitar,VERDADERO,Directos,Internet seguro,Seguridad,,Especialistas,PYME
7,"Pregunta de única respuesta. Una agencia de publicidad tiene 25 empleados, trabaja con clientes internacionales y requiere conexiones remotas seguras. Además, han tenido incidentes de malware en el pasado.
¿Cuál plan de Internet Seguro se ajusta mejor a sus necesidades?
¿Cuál plan de Internet Seguro se ajusta mejor a sus necesidades?",1.0,"Básico, porque no tiene reglas de firewall y VPN",FALSO,Directos,Internet seguro,Seguridad,,Especialistas,PYME
7,"Pregunta de única respuesta. Una agencia de publicidad tiene 25 empleados, trabaja con clientes internacionales y requiere conexiones remotas seguras. Además, han tenido incidentes de malware en el pasado.
¿Cuál plan de Internet Seguro se ajusta mejor a sus necesidades?
¿Cuál plan de Internet Seguro se ajusta mejor a sus necesidades?",2.0,"Intermedio, porque no incluye filtrado de navegación",FALSO,Directos,Internet seguro,Seguridad,,Especialistas,PYME
7,"Pregunta de única respuesta. Una agencia de publicidad tiene 25 empleados, trabaja con clientes internacionales y requiere conexiones remotas seguras. Además, han tenido incidentes de malware en el pasado.
¿Cuál plan de Internet Seguro se ajusta mejor a sus necesidades?
¿Cuál plan de Internet Seguro se ajusta mejor a sus necesidades?",3.0,"Avanzado, porque ofrece protección contra malware y prevención de intrusos",VERDADERO,Directos,Internet seguro,Seguridad,,Especialistas,PYME
8,"Pregunta de única respuesta. Una empresa de logística tiene sedes remotas en zonas rurales y necesita asegurar la conectividad de sus dispositivos IoT y puntos de venta.
¿Qué componente de la arquitectura de Internet Seguro permite escalar la solución para este tipo de necesidad?
¿Qué componente de la arquitectura de Internet Seguro permite escalar la solución para este tipo de necesidad?",1.0,Malware,FALSO,Directos,Internet seguro,Seguridad,,Especialistas,PYME
8,"Pregunta de única respuesta. Una empresa de logística tiene sedes remotas en zonas rurales y necesita asegurar la conectividad de sus dispositivos IoT y puntos de venta.
¿Qué componente de la arquitectura de Internet Seguro permite escalar la solución para este tipo de necesidad?
¿Qué componente de la arquitectura de Internet Seguro permite escalar la solución para este tipo de necesidad?",2.0,FortiExtender,VERDADERO,Directos,Internet seguro,Seguridad,,Especialistas,PYME
8,"Pregunta de única respuesta. Una empresa de logística tiene sedes remotas en zonas rurales y necesita asegurar la conectividad de sus dispositivos IoT y puntos de venta.
¿Qué componente de la arquitectura de Internet Seguro permite escalar la solución para este tipo de necesidad?
¿Qué componente de la arquitectura de Internet Seguro permite escalar la solución para este tipo de necesidad?",3.0,Fortiinternet,FALSO,Directos,Internet seguro,Seguridad,,Especialistas,PYME
9,"Pregunta de única respuesta. Durante una visita comercial, el cliente afirma que no necesita soluciones de seguridad porque ya tiene un antivirus instalado en todos los equipos.
¿Cuál sería la mejor respuesta del consultor para generar conciencia sobre la necesidad de Internet Seguro?
¿Cuál sería la mejor respuesta del consultor para generar conciencia sobre la necesidad de Internet Seguro?",1.0,“El antivirus es suficiente si no navegan mucho,FALSO,Directos,Internet seguro,Seguridad,,Especialistas,PYME
9,"Pregunta de única respuesta. Durante una visita comercial, el cliente afirma que no necesita soluciones de seguridad porque ya tiene un antivirus instalado en todos los equipos.
¿Cuál sería la mejor respuesta del consultor para generar conciencia sobre la necesidad de Internet Seguro?
¿Cuál sería la mejor respuesta del consultor para generar conciencia sobre la necesidad de Internet Seguro?",2.0,“Internet Seguro complementa el antivirus con protección de red y navegación,VERDADERO,Directos,Internet seguro,Seguridad,,Especialistas,PYME
9,"Pregunta de única respuesta. Durante una visita comercial, el cliente afirma que no necesita soluciones de seguridad porque ya tiene un antivirus instalado en todos los equipos.
¿Cuál sería la mejor respuesta del consultor para generar conciencia sobre la necesidad de Internet Seguro?
¿Cuál sería la mejor respuesta del consultor para generar conciencia sobre la necesidad de Internet Seguro?",3.0,“Claro exige tener Internet Seguro para todos los clientes,FALSO,Directos,Internet seguro,Seguridad,,Especialistas,PYME
10,Pregunta de única respuesta. “Logística Global Ltda.” utiliza smartphones y tablets para rastrear envíos y coordinar entregas. El director de operaciones está preocupado por el impacto que pueda tener un software de seguridad en la duración de la batería y el rendimiento de los dispositivos. ¿Qué ventaja específica de Norton PyMEs debería considerar?,1.0,No influye en la duración de la batería,VERDADERO,Especialistas,Internet + Norton,Seguridad,,Especialistas,PYME
10,Pregunta de única respuesta. “Logística Global Ltda.” utiliza smartphones y tablets para rastrear envíos y coordinar entregas. El director de operaciones está preocupado por el impacto que pueda tener un software de seguridad en la duración de la batería y el rendimiento de los dispositivos. ¿Qué ventaja específica de Norton PyMEs debería considerar?,2.0,Consola de administración de licencias,FALSO,Especialistas,Internet + Norton,Seguridad,,Especialistas,PYME
10,Pregunta de única respuesta. “Logística Global Ltda.” utiliza smartphones y tablets para rastrear envíos y coordinar entregas. El director de operaciones está preocupado por el impacto que pueda tener un software de seguridad en la duración de la batería y el rendimiento de los dispositivos. ¿Qué ventaja específica de Norton PyMEs debería considerar?,3.0,Plataforma de aprendizaje en línea,FALSO,Especialistas,Internet + Norton,Seguridad,,Especialistas,PYME
11,"Pregunta de única respuesta. La empresa “Finanzas Seguras S.A.”, dedicada a servicios financieros en línea, ha detectado intentos de fraude digital en sus plataformas. El gerente de seguridad busca una solución que proteja a sus empleados de ataques de suplantación de identidad y enlaces maliciosos. ¿Qué funcionalidad de Norton PyMEs responde mejor a esta necesidad?",1.0,Navegación anónima,FALSO,Especialistas,Internet + Norton,Seguridad,,Especialistas,PYME
11,"Pregunta de única respuesta. La empresa “Finanzas Seguras S.A.”, dedicada a servicios financieros en línea, ha detectado intentos de fraude digital en sus plataformas. El gerente de seguridad busca una solución que proteja a sus empleados de ataques de suplantación de identidad y enlaces maliciosos. ¿Qué funcionalidad de Norton PyMEs responde mejor a esta necesidad?",2.0,Anti-phishing y protección contra malware,VERDADERO,Especialistas,Internet + Norton,Seguridad,,Especialistas,PYME
11,"Pregunta de única respuesta. La empresa “Finanzas Seguras S.A.”, dedicada a servicios financieros en línea, ha detectado intentos de fraude digital en sus plataformas. El gerente de seguridad busca una solución que proteja a sus empleados de ataques de suplantación de identidad y enlaces maliciosos. ¿Qué funcionalidad de Norton PyMEs responde mejor a esta necesidad?",3.0,Optimización del sistema,FALSO,Especialistas,Internet + Norton,Seguridad,,Especialistas,PYME
12,Pregunta de única respuesta. “Comercializadora Andina” ha detectado que algunos empleados acceden a sitios web no seguros durante el horario laboral. El área de TI busca una solución que garantice una navegación protegida. ¿Qué funcionalidad de Norton PyMEs es más adecuada para este propósito?,1.0,Supervisión de apps,FALSO,Especialistas,Internet + Norton,Seguridad,,Especialistas,PYME
12,Pregunta de única respuesta. “Comercializadora Andina” ha detectado que algunos empleados acceden a sitios web no seguros durante el horario laboral. El área de TI busca una solución que garantice una navegación protegida. ¿Qué funcionalidad de Norton PyMEs es más adecuada para este propósito?,2.0,Navegación web segura,VERDADERO,Especialistas,Internet + Norton,Seguridad,,Especialistas,PYME
12,Pregunta de única respuesta. “Comercializadora Andina” ha detectado que algunos empleados acceden a sitios web no seguros durante el horario laboral. El área de TI busca una solución que garantice una navegación protegida. ¿Qué funcionalidad de Norton PyMEs es más adecuada para este propósito?,3.0,Túnel dividido,FALSO,Especialistas,Internet + Norton,Seguridad,,Especialistas,PYME
13,Pregunta de única respuesta. La institución educativa “Academia Digital” quiere controlar el tiempo que los estudiantes pasan en dispositivos durante el horario escolar. ¿Qué función de Norton PyMEs permite establecer límites y supervisar el uso de los equipos?,1.0,Supervisión de tiempo,VERDADERO,Especialistas,Internet + Norton,Seguridad,,Especialistas,PYME
13,Pregunta de única respuesta. La institución educativa “Academia Digital” quiere controlar el tiempo que los estudiantes pasan en dispositivos durante el horario escolar. ¿Qué función de Norton PyMEs permite establecer límites y supervisar el uso de los equipos?,2.0,Seguridad WiFi,FALSO,Especialistas,Internet + Norton,Seguridad,,Especialistas,PYME
13,Pregunta de única respuesta. La institución educativa “Academia Digital” quiere controlar el tiempo que los estudiantes pasan en dispositivos durante el horario escolar. ¿Qué función de Norton PyMEs permite establecer límites y supervisar el uso de los equipos?,3.0,Navegación web segura,FALSO,Especialistas,Internet + Norton,Seguridad,,Especialistas,PYME
14,Pregunta de única respuesta. La empresa “Soluciones Comerciales S.A.S.” ha notado que sus líderes dedican tiempo a tareas que no generan valor. El área de desarrollo organizacional propone usar la matriz de Eisenhower. ¿Cuál es el objetivo principal de esta herramienta?,1.0,Medir el rendimiento individual por hora,FALSO,Especialistas,"Lidera, comunica e impacta",Otros Ingresos,,Especialistas,PYME
14,Pregunta de única respuesta. La empresa “Soluciones Comerciales S.A.S.” ha notado que sus líderes dedican tiempo a tareas que no generan valor. El área de desarrollo organizacional propone usar la matriz de Eisenhower. ¿Cuál es el objetivo principal de esta herramienta?,2.0,Clasificar tareas según urgencia e importancia,VERDADERO,Especialistas,"Lidera, comunica e impacta",Otros Ingresos,,Especialistas,PYME
14,Pregunta de única respuesta. La empresa “Soluciones Comerciales S.A.S.” ha notado que sus líderes dedican tiempo a tareas que no generan valor. El área de desarrollo organizacional propone usar la matriz de Eisenhower. ¿Cuál es el objetivo principal de esta herramienta?,3.0,Evaluar el clima laboral,FALSO,Especialistas,"Lidera, comunica e impacta",Otros Ingresos,,Especialistas,PYME
15,"Pregunta de única respuesta. En “Grupo Logístico Andino”, los supervisores enfrentan dificultades para organizar sus jornadas laborales. Se les propone aplicar la técnica Pomodoro. ¿Cuál es el beneficio principal de esta técnica?",1.0,Aumentar la cantidad de tareas realizadas simultáneamente,FALSO,Especialistas,"Lidera, comunica e impacta",Otros Ingresos,,Especialistas,PYME
15,"Pregunta de única respuesta. En “Grupo Logístico Andino”, los supervisores enfrentan dificultades para organizar sus jornadas laborales. Se les propone aplicar la técnica Pomodoro. ¿Cuál es el beneficio principal de esta técnica?",2.0,Mejorar la concentración y calidad del trabajo en bloques de tiempo,VERDADERO,Especialistas,"Lidera, comunica e impacta",Otros Ingresos,,Especialistas,PYME
15,"Pregunta de única respuesta. En “Grupo Logístico Andino”, los supervisores enfrentan dificultades para organizar sus jornadas laborales. Se les propone aplicar la técnica Pomodoro. ¿Cuál es el beneficio principal de esta técnica?",3.0,Eliminar la necesidad de reuniones,FALSO,Especialistas,"Lidera, comunica e impacta",Otros Ingresos,,Especialistas,PYME
16,"Pregunta de única respuesta. “Innovación Digital SAS” quiere mejorar la efectividad de sus reuniones. En una sesión de diagnóstico, se identificó que los encuentros duran más de una hora sin conclusiones claras. ¿Qué recomendación para mejorar las reuniones deberían aplicarse?",1.0,Realizar la agenda 24 horas antes con temas y responsables,VERDADERO,Especialistas,"Lidera, comunica e impacta",Otros Ingresos,,Especialistas,PYME
16,"Pregunta de única respuesta. “Innovación Digital SAS” quiere mejorar la efectividad de sus reuniones. En una sesión de diagnóstico, se identificó que los encuentros duran más de una hora sin conclusiones claras. ¿Qué recomendación para mejorar las reuniones deberían aplicarse?",2.0,Evitar reuniones presenciales,FALSO,Especialistas,"Lidera, comunica e impacta",Otros Ingresos,,Especialistas,PYME
16,"Pregunta de única respuesta. “Innovación Digital SAS” quiere mejorar la efectividad de sus reuniones. En una sesión de diagnóstico, se identificó que los encuentros duran más de una hora sin conclusiones claras. ¿Qué recomendación para mejorar las reuniones deberían aplicarse?",3.0,Incluir actividades recreativas en cada reunión,FALSO,Especialistas,"Lidera, comunica e impacta",Otros Ingresos,,Especialistas,PYME
17,"Pregunta de única respuesta. En “Consultores Estratégicos Ltda.”, los líderes están aprendiendo a aplicar la ""técnica 3x1"" para gestionar proyectos. ¿Qué etapa de esta técnica implica definir objetivos, acciones y recursos necesarios?",1.0,Ejecución,FALSO,Especialistas,"Lidera, comunica e impacta",Otros Ingresos,,Especialistas,PYME
17,"Pregunta de única respuesta. En “Consultores Estratégicos Ltda.”, los líderes están aprendiendo a aplicar la ""técnica 3x1"" para gestionar proyectos. ¿Qué etapa de esta técnica implica definir objetivos, acciones y recursos necesarios?",2.0,Seguimiento,FALSO,Especialistas,"Lidera, comunica e impacta",Otros Ingresos,,Especialistas,PYME
17,"Pregunta de única respuesta. En “Consultores Estratégicos Ltda.”, los líderes están aprendiendo a aplicar la ""técnica 3x1"" para gestionar proyectos. ¿Qué etapa de esta técnica implica definir objetivos, acciones y recursos necesarios?",3.0,Planificación,VERDADERO,Especialistas,"Lidera, comunica e impacta",Otros Ingresos,,Especialistas,PYME
18,"Pregunta de única respuesta. En “Academia Empresarial”, los líderes están aprendiendo a usar Microsoft To Do. ¿Cuál de los siguientes beneficios permite mejorar la gestión de tareas personales y profesionales?",1.0,Visualización clara de pendientes y prioridades,VERDADERO,Especialistas,"Lidera, comunica e impacta",Otros Ingresos,,Especialistas,PYME
18,"Pregunta de única respuesta. En “Academia Empresarial”, los líderes están aprendiendo a usar Microsoft To Do. ¿Cuál de los siguientes beneficios permite mejorar la gestión de tareas personales y profesionales?",2.0,Sincronización con redes sociales,FALSO,Especialistas,"Lidera, comunica e impacta",Otros Ingresos,,Especialistas,PYME
18,"Pregunta de única respuesta. En “Academia Empresarial”, los líderes están aprendiendo a usar Microsoft To Do. ¿Cuál de los siguientes beneficios permite mejorar la gestión de tareas personales y profesionales?",3.0,Creación de presentaciones interactivas,FALSO,Especialistas,"Lidera, comunica e impacta",Otros Ingresos,,Especialistas,PYME
19,"Pregunta de única respuesta. Laura, una comercial de Claro, atiende a una empresa Pyme que contrata Internet Claro Empresas el 5 de agosto. El cliente también está interesado en Google Workspace. ¿Qué debe hacer Laura para que el cliente reciba el mes 2 gratis del producto Cloud?",1.0,Enviar solo la OT del Internet adquirido y al jefe,FALSO,Directos,Internet + Cloud,Cloud,,Especialistas,PYME
19,"Pregunta de única respuesta. Laura, una comercial de Claro, atiende a una empresa Pyme que contrata Internet Claro Empresas el 5 de agosto. El cliente también está interesado en Google Workspace. ¿Qué debe hacer Laura para que el cliente reciba el mes 2 gratis del producto Cloud?",2.0,"Enviar la OT del Internet, captura del CRM con razón social, ID, NIT y estado de facturación, y confirmar que la compra del Cloud se hizo en agosto.",VERDADERO,Directos,Internet + Cloud,Cloud,,Especialistas,PYME
19,"Pregunta de única respuesta. Laura, una comercial de Claro, atiende a una empresa Pyme que contrata Internet Claro Empresas el 5 de agosto. El cliente también está interesado en Google Workspace. ¿Qué debe hacer Laura para que el cliente reciba el mes 2 gratis del producto Cloud?",3.0,Esperar a que el cliente solicite el beneficio por correo.,FALSO,Directos,Internet + Cloud,Cloud,,Especialistas,PYME
20,Pregunta de única respuesta. Carlos ofrece productos Cloud a sus clientes Pymes. Uno de ellos pregunta si puede acceder al beneficio con Dropbox Business.¿Qué debe responder Carlos?,1.0,"Sí, Dropbox Business aplica.",FALSO,Directos,Internet + Cloud,Cloud,,Especialistas,PYME
20,Pregunta de única respuesta. Carlos ofrece productos Cloud a sus clientes Pymes. Uno de ellos pregunta si puede acceder al beneficio con Dropbox Business.¿Qué debe responder Carlos?,2.0,"Sí, si el cliente lo combina con Internet Claro.",FALSO,Directos,Internet + Cloud,Cloud,,Especialistas,PYME
20,Pregunta de única respuesta. Carlos ofrece productos Cloud a sus clientes Pymes. Uno de ellos pregunta si puede acceder al beneficio con Dropbox Business.¿Qué debe responder Carlos?,3.0,"No, solo aplica si el producto Cloud es Office o Google Workspace.",VERDADERO,Directos,Internet + Cloud,Cloud,,Especialistas,PYME
21,Pregunta de única respuesta. Una empresa Pyme solicita Internet Claro y Office 365. El MRC total es de $950.000 COP. ¿Aplica para el beneficio de mes 2 gratis?,1.0,"Sí, porque el MRC es igual o menor a $1.000.000 COP.",VERDADERO,Directos,Internet + Cloud,Cloud,,Especialistas,PYME
21,Pregunta de única respuesta. Una empresa Pyme solicita Internet Claro y Office 365. El MRC total es de $950.000 COP. ¿Aplica para el beneficio de mes 2 gratis?,2.0,"No aplica, el cliente lo solicita directamente a Claro.",FALSO,Directos,Internet + Cloud,Cloud,,Especialistas,PYME
21,Pregunta de única respuesta. Una empresa Pyme solicita Internet Claro y Office 365. El MRC total es de $950.000 COP. ¿Aplica para el beneficio de mes 2 gratis?,3.0,"No, porque el MRC debe ser mayor a $1.000.000 COP.",FALSO,Directos,Internet + Cloud,Cloud,,Especialistas,PYME
22,Pregunta de única respuesta. Pedro aplica correctamente la campaña Cloudwise con varios clientes Pymes. ¿Qué beneficios obtiene él como comercial?,1.0,Solo fidelización del cliente.,FALSO,Directos,Internet + Cloud,Cloud,,Especialistas,PYME
22,Pregunta de única respuesta. Pedro aplica correctamente la campaña Cloudwise con varios clientes Pymes. ¿Qué beneficios obtiene él como comercial?,2.0,"Competitividad, fidelización y resultados comerciales.",VERDADERO,Directos,Internet + Cloud,Cloud,,Especialistas,PYME
22,Pregunta de única respuesta. Pedro aplica correctamente la campaña Cloudwise con varios clientes Pymes. ¿Qué beneficios obtiene él como comercial?,3.0,Un bono económico inmediato.,FALSO,Directos,Internet + Cloud,Cloud,,Especialistas,PYME
23,Pregunta de única respuesta. Un comercial envía al CCO una captura del CRM que solo muestra el nombre del cliente. ¿Es suficiente para aplicar el beneficio?,1.0,"Sí, si se incluye la OT.",FALSO,Directos,Internet + Cloud,Cloud,,Especialistas,PYME
23,Pregunta de única respuesta. Un comercial envía al CCO una captura del CRM que solo muestra el nombre del cliente. ¿Es suficiente para aplicar el beneficio?,2.0,"Sí, si el cliente es Pyme.",FALSO,Directos,Internet + Cloud,Cloud,,Especialistas,PYME
23,Pregunta de única respuesta. Un comercial envía al CCO una captura del CRM que solo muestra el nombre del cliente. ¿Es suficiente para aplicar el beneficio?,3.0,"No, debe incluir razón social, ID, NIT y estado de facturación.",VERDADERO,Directos,Internet + Cloud,Cloud,,Especialistas,PYME
1,"Pregunta de única respuesta. En Banco Andino, la analista de riesgos recibe un SMS con un enlace que aparenta ser de la Superintendencia Financiera. El mensaje le indica que debe actualizar sus credenciales de acceso. Al dar clic, Lookout bloquea el acceso porque identificó el sitio como fraudulento. ¿Que funcionalidad de Lookout actuó en dicha amenaza?",1.0,Detección de phishing en móviles.,VERDADERO,Directos,Linea Segura Loockout,Seguridad,,Directos,PYME
1,"Pregunta de única respuesta. En Banco Andino, la analista de riesgos recibe un SMS con un enlace que aparenta ser de la Superintendencia Financiera. El mensaje le indica que debe actualizar sus credenciales de acceso. Al dar clic, Lookout bloquea el acceso porque identificó el sitio como fraudulento. ¿Que funcionalidad de Lookout actuó en dicha amenaza?",2.0,Consola de administrador para reasignación de licencias,FALSO,Directos,Linea Segura Loockout,Seguridad,,Directos,PYME
1,"Pregunta de única respuesta. En Banco Andino, la analista de riesgos recibe un SMS con un enlace que aparenta ser de la Superintendencia Financiera. El mensaje le indica que debe actualizar sus credenciales de acceso. Al dar clic, Lookout bloquea el acceso porque identificó el sitio como fraudulento. ¿Que funcionalidad de Lookout actuó en dicha amenaza?",3.0,Detección de root o jailbreak.,FALSO,Directos,Linea Segura Loockout,Seguridad,,Directos,PYME
2,"Pregunta de única respuesta.La empresa Ventas Globales tiene ejecutivos que trabajan en movilidad. Uno de ellos, en plena reunión con un cliente, se conecta a la red wifi gratuita del café donde se encontraban. Minutos después, su dispositivo comienza a mostrar comportamientos extraños y se detecta tráfico no autorizado hacia un servidor externo.
¿Qué riesgo se materializó?
¿Qué riesgo se materializó?",1.0,Uso de aplicaciones con SDK vulnerable.,FALSO,Directos,Linea Segura Loockout,Seguridad,,Directos,PYME
2,"Pregunta de única respuesta.La empresa Ventas Globales tiene ejecutivos que trabajan en movilidad. Uno de ellos, en plena reunión con un cliente, se conecta a la red wifi gratuita del café donde se encontraban. Minutos después, su dispositivo comienza a mostrar comportamientos extraños y se detecta tráfico no autorizado hacia un servidor externo.
¿Qué riesgo se materializó?
¿Qué riesgo se materializó?",2.0,Conexión a redes WiFi inseguras o maliciosas.,VERDADERO,Directos,Linea Segura Loockout,Seguridad,,Directos,PYME
2,"Pregunta de única respuesta.La empresa Ventas Globales tiene ejecutivos que trabajan en movilidad. Uno de ellos, en plena reunión con un cliente, se conecta a la red wifi gratuita del café donde se encontraban. Minutos después, su dispositivo comienza a mostrar comportamientos extraños y se detecta tráfico no autorizado hacia un servidor externo.
¿Qué riesgo se materializó?
¿Qué riesgo se materializó?",3.0,Instalación de un certificado raíz en su móvil.,FALSO,Directos,Linea Segura Loockout,Seguridad,,Directos,PYME
3,"Pregunta de única respuesta.En Retail Express, un empleado descarga una aplicación de entretenimiento “gratuita” desde una tienda no oficial. La app comienza a consumir batería y datos de manera anómala. Lookout detecta que se trata de un malware diseñado para robar información del correo corporativo.
¿Qué tipo de amenaza fue detectada?
¿Qué tipo de amenaza fue detectada?",1.0,Escalación de privilegios por jailbreak remoto.,FALSO,Directos,Linea Segura Loockout,Seguridad,,Directos,PYME
3,"Pregunta de única respuesta.En Retail Express, un empleado descarga una aplicación de entretenimiento “gratuita” desde una tienda no oficial. La app comienza a consumir batería y datos de manera anómala. Lookout detecta que se trata de un malware diseñado para robar información del correo corporativo.
¿Qué tipo de amenaza fue detectada?
¿Qué tipo de amenaza fue detectada?",2.0,Páginas web con contenido inadecuado.,FALSO,Directos,Linea Segura Loockout,Seguridad,,Directos,PYME
3,"Pregunta de única respuesta.En Retail Express, un empleado descarga una aplicación de entretenimiento “gratuita” desde una tienda no oficial. La app comienza a consumir batería y datos de manera anómala. Lookout detecta que se trata de un malware diseñado para robar información del correo corporativo.
¿Qué tipo de amenaza fue detectada?
¿Qué tipo de amenaza fue detectada?",3.0,Aplicaciones maliciosas como spyware o troyanos,VERDADERO,Directos,Linea Segura Loockout,Seguridad,,Directos,PYME
4,Pregunta de única respuesta. Transportes Urbanos otorga smartphones corporativos a sus conductores. El área de TI descubre que varios de ellos realizaron manipulación de los sistemas operativos  para instalar aplicaciones no autorizadas que ponen en riesgo la seguridad de la información y del GPS corporativo. Lookout emite alertas y bloquea el acceso a recursos internos hasta que se corrija la manipulación. ¿Qué detectó la herramienta lookout?,1.0,Root o jailbreak en los dispositivos.,VERDADERO,Directos,Linea Segura Loockout,Seguridad,,Directos,PYME
4,Pregunta de única respuesta. Transportes Urbanos otorga smartphones corporativos a sus conductores. El área de TI descubre que varios de ellos realizaron manipulación de los sistemas operativos  para instalar aplicaciones no autorizadas que ponen en riesgo la seguridad de la información y del GPS corporativo. Lookout emite alertas y bloquea el acceso a recursos internos hasta que se corrija la manipulación. ¿Qué detectó la herramienta lookout?,2.0,Malware tipo riskware.,FALSO,Directos,Linea Segura Loockout,Seguridad,,Directos,PYME
4,Pregunta de única respuesta. Transportes Urbanos otorga smartphones corporativos a sus conductores. El área de TI descubre que varios de ellos realizaron manipulación de los sistemas operativos  para instalar aplicaciones no autorizadas que ponen en riesgo la seguridad de la información y del GPS corporativo. Lookout emite alertas y bloquea el acceso a recursos internos hasta que se corrija la manipulación. ¿Qué detectó la herramienta lookout?,3.0,Vulnerabilidades de protocolos de red.,FALSO,Directos,Linea Segura Loockout,Seguridad,,Directos,PYME
5,"Pregunta de única respuesta. En Comunicaciones Alfa, un administrador de TI observa que algunos empleados, a pesar de recibir alertas, ignoran las notificaciones de apps maliciosas y siguen conectándose a redes inseguras. Para reforzar la seguridad, el administrador decide bloquear el acceso a sistemas internos a los dispositivos que no cumplan con los estándares de seguridad. ¿Qué se debe configurar en Lookout?",1.0,Restricción de conexiones a puertos USB.,FALSO,Directos,Linea Segura Loockout,Seguridad,,Directos,PYME
5,"Pregunta de única respuesta. En Comunicaciones Alfa, un administrador de TI observa que algunos empleados, a pesar de recibir alertas, ignoran las notificaciones de apps maliciosas y siguen conectándose a redes inseguras. Para reforzar la seguridad, el administrador decide bloquear el acceso a sistemas internos a los dispositivos que no cumplan con los estándares de seguridad. ¿Qué se debe configurar en Lookout?",2.0,Políticas de seguridad y acceso basado en riesgos.,VERDADERO,Directos,Linea Segura Loockout,Seguridad,,Directos,PYME
5,"Pregunta de única respuesta. En Comunicaciones Alfa, un administrador de TI observa que algunos empleados, a pesar de recibir alertas, ignoran las notificaciones de apps maliciosas y siguen conectándose a redes inseguras. Para reforzar la seguridad, el administrador decide bloquear el acceso a sistemas internos a los dispositivos que no cumplan con los estándares de seguridad. ¿Qué se debe configurar en Lookout?",3.0,Eliminación automática de aplicaciones en la Play Store.,FALSO,Directos,Linea Segura Loockout,Seguridad,,Directos,PYME
6,"Pregunta de única respuesta. Una empresa de contabilidad con 10 empleados trabaja con información sensible de sus clientes. El gerente comenta que recientemente recibieron correos sospechosos y que algunos colaboradores acceden a redes sociales desde los equipos de trabajo.
¿Cuál sería el argumento más acertado para recomendar Internet Seguro a esta empresa?
¿Cuál sería el argumento más acertado para recomendar Internet Seguro a esta empresa?",1.0,Para permitir el acceso a redes sociales y aumentar la productividad,FALSO,Directos,Internet seguro,Seguridad,,Directos,PYME
6,"Pregunta de única respuesta. Una empresa de contabilidad con 10 empleados trabaja con información sensible de sus clientes. El gerente comenta que recientemente recibieron correos sospechosos y que algunos colaboradores acceden a redes sociales desde los equipos de trabajo.
¿Cuál sería el argumento más acertado para recomendar Internet Seguro a esta empresa?
¿Cuál sería el argumento más acertado para recomendar Internet Seguro a esta empresa?",2.0,Para proteger la red corporativa de accesos no autorizados y controlar la navegación,VERDADERO,Directos,Internet seguro,Seguridad,,Directos,PYME
6,"Pregunta de única respuesta. Una empresa de contabilidad con 10 empleados trabaja con información sensible de sus clientes. El gerente comenta que recientemente recibieron correos sospechosos y que algunos colaboradores acceden a redes sociales desde los equipos de trabajo.
¿Cuál sería el argumento más acertado para recomendar Internet Seguro a esta empresa?
¿Cuál sería el argumento más acertado para recomendar Internet Seguro a esta empresa?",3.0,Para mejorar la velocidad de conexión a internet,FALSO,Directos,Internet seguro,Seguridad,,Directos,PYME
7,"Pregunta de única respuesta. Un cliente con servicio de internet empresarial sobre FTTX solicita contratar Internet Seguro. El consultor verifica que el cliente no tiene IP fija aprovisionada.
¿Qué debe hacer el consultor antes de continuar con la digitación del servicio?
¿Qué debe hacer el consultor antes de continuar con la digitación del servicio?",1.0,Solicitar preventa para validar la factibilidad,FALSO,Directos,Internet seguro,Seguridad,,Directos,PYME
7,"Pregunta de única respuesta. Un cliente con servicio de internet empresarial sobre FTTX solicita contratar Internet Seguro. El consultor verifica que el cliente no tiene IP fija aprovisionada.
¿Qué debe hacer el consultor antes de continuar con la digitación del servicio?
¿Qué debe hacer el consultor antes de continuar con la digitación del servicio?",2.0,Continuar con la venta y asignar la IP después,FALSO,Directos,Internet seguro,Seguridad,,Directos,PYME
7,"Pregunta de única respuesta. Un cliente con servicio de internet empresarial sobre FTTX solicita contratar Internet Seguro. El consultor verifica que el cliente no tiene IP fija aprovisionada.
¿Qué debe hacer el consultor antes de continuar con la digitación del servicio?
¿Qué debe hacer el consultor antes de continuar con la digitación del servicio?",3.0,Asegurar que se aprovisione la IP fija en el servicio de internet antes de digitar,VERDADERO,Directos,Internet seguro,Seguridad,,Directos,PYME
8,"Pregunta de única respuesta. Una agencia de publicidad tiene 25 empleados, trabaja con clientes internacionales y requiere conexiones remotas seguras. Además, han tenido incidentes de malware en el pasado.
¿Cuál plan de Internet Seguro se ajusta mejor a sus necesidades?
¿Cuál plan de Internet Seguro se ajusta mejor a sus necesidades?",1.0,"Básico, porque no tiene reglas de firewall y VPN",FALSO,Directos,Internet seguro,Seguridad,,Directos,PYME
8,"Pregunta de única respuesta. Una agencia de publicidad tiene 25 empleados, trabaja con clientes internacionales y requiere conexiones remotas seguras. Además, han tenido incidentes de malware en el pasado.
¿Cuál plan de Internet Seguro se ajusta mejor a sus necesidades?
¿Cuál plan de Internet Seguro se ajusta mejor a sus necesidades?",2.0,"Intermedio, porque no incluye filtrado de navegación",FALSO,Directos,Internet seguro,Seguridad,,Directos,PYME
8,"Pregunta de única respuesta. Una agencia de publicidad tiene 25 empleados, trabaja con clientes internacionales y requiere conexiones remotas seguras. Además, han tenido incidentes de malware en el pasado.
¿Cuál plan de Internet Seguro se ajusta mejor a sus necesidades?
¿Cuál plan de Internet Seguro se ajusta mejor a sus necesidades?",3.0,"Avanzado, porque ofrece protección contra malware y prevención de intrusos",VERDADERO,Directos,Internet seguro,Seguridad,,Directos,PYME
9,"Pregunta de única respuesta. Una empresa de logística tiene sedes remotas en zonas rurales y necesita asegurar la conectividad de sus dispositivos IoT y puntos de venta.
¿Qué componente de la arquitectura de Internet Seguro permite escalar la solución para este tipo de necesidad?
¿Qué componente de la arquitectura de Internet Seguro permite escalar la solución para este tipo de necesidad?",1.0,Malware,FALSO,Directos,Internet seguro,Seguridad,,Directos,PYME
9,"Pregunta de única respuesta. Una empresa de logística tiene sedes remotas en zonas rurales y necesita asegurar la conectividad de sus dispositivos IoT y puntos de venta.
¿Qué componente de la arquitectura de Internet Seguro permite escalar la solución para este tipo de necesidad?
¿Qué componente de la arquitectura de Internet Seguro permite escalar la solución para este tipo de necesidad?",2.0,FortiExtender,VERDADERO,Directos,Internet seguro,Seguridad,,Directos,PYME
9,"Pregunta de única respuesta. Una empresa de logística tiene sedes remotas en zonas rurales y necesita asegurar la conectividad de sus dispositivos IoT y puntos de venta.
¿Qué componente de la arquitectura de Internet Seguro permite escalar la solución para este tipo de necesidad?
¿Qué componente de la arquitectura de Internet Seguro permite escalar la solución para este tipo de necesidad?",3.0,Fortiinternet,FALSO,Directos,Internet seguro,Seguridad,,Directos,PYME
10,"Pregunta de única respuesta. Durante una visita comercial, el cliente afirma que no necesita soluciones de seguridad porque ya tiene un antivirus instalado en todos los equipos.
¿Cuál sería la mejor respuesta del consultor para generar conciencia sobre la necesidad de Internet Seguro?
¿Cuál sería la mejor respuesta del consultor para generar conciencia sobre la necesidad de Internet Seguro?",1.0,“El antivirus es suficiente si no navegan mucho,FALSO,Directos,Internet seguro,Seguridad,,Directos,PYME
10,"Pregunta de única respuesta. Durante una visita comercial, el cliente afirma que no necesita soluciones de seguridad porque ya tiene un antivirus instalado en todos los equipos.
¿Cuál sería la mejor respuesta del consultor para generar conciencia sobre la necesidad de Internet Seguro?
¿Cuál sería la mejor respuesta del consultor para generar conciencia sobre la necesidad de Internet Seguro?",2.0,“Internet Seguro complementa el antivirus con protección de red y navegación,VERDADERO,Directos,Internet seguro,Seguridad,,Directos,PYME
10,"Pregunta de única respuesta. Durante una visita comercial, el cliente afirma que no necesita soluciones de seguridad porque ya tiene un antivirus instalado en todos los equipos.
¿Cuál sería la mejor respuesta del consultor para generar conciencia sobre la necesidad de Internet Seguro?
¿Cuál sería la mejor respuesta del consultor para generar conciencia sobre la necesidad de Internet Seguro?",3.0,“Claro exige tener Internet Seguro para todos los clientes,FALSO,Directos,Internet seguro,Seguridad,,Directos,PYME
11,"Pregunta de única respuesta. Laura, una comercial de Claro, atiende a una empresa Pyme que contrata Internet Claro Empresas el 5 de agosto. El cliente también está interesado en Google Workspace. ¿Qué debe hacer Laura para que el cliente reciba el mes 2 gratis del producto Cloud?",1.0,Enviar solo la OT del Internet adquirido y al jefe,FALSO,Directos,Internet + Cloud,Cloud,,Directos,PYME
11,"Pregunta de única respuesta. Laura, una comercial de Claro, atiende a una empresa Pyme que contrata Internet Claro Empresas el 5 de agosto. El cliente también está interesado en Google Workspace. ¿Qué debe hacer Laura para que el cliente reciba el mes 2 gratis del producto Cloud?",2.0,"Enviar la OT del Internet, captura del CRM con razón social, ID, NIT y estado de facturación, y confirmar que la compra del Cloud se hizo en agosto.",VERDADERO,Directos,Internet + Cloud,Cloud,,Directos,PYME
11,"Pregunta de única respuesta. Laura, una comercial de Claro, atiende a una empresa Pyme que contrata Internet Claro Empresas el 5 de agosto. El cliente también está interesado en Google Workspace. ¿Qué debe hacer Laura para que el cliente reciba el mes 2 gratis del producto Cloud?",3.0,Esperar a que el cliente solicite el beneficio por correo.,FALSO,Directos,Internet + Cloud,Cloud,,Directos,PYME
12,Pregunta de única respuesta. Carlos ofrece productos Cloud a sus clientes Pymes. Uno de ellos pregunta si puede acceder al beneficio con Dropbox Business.¿Qué debe responder Carlos?,1.0,"Sí, Dropbox Business aplica.",FALSO,Directos,Internet + Cloud,Cloud,,Directos,PYME
12,Pregunta de única respuesta. Carlos ofrece productos Cloud a sus clientes Pymes. Uno de ellos pregunta si puede acceder al beneficio con Dropbox Business.¿Qué debe responder Carlos?,2.0,"Sí, si el cliente lo combina con Internet Claro.",FALSO,Directos,Internet + Cloud,Cloud,,Directos,PYME
12,Pregunta de única respuesta. Carlos ofrece productos Cloud a sus clientes Pymes. Uno de ellos pregunta si puede acceder al beneficio con Dropbox Business.¿Qué debe responder Carlos?,3.0,"No, solo aplica si el producto Cloud es Office o Google Workspace.",VERDADERO,Directos,Internet + Cloud,Cloud,,Directos,PYME
13,Pregunta de única respuesta. Una empresa Pyme solicita Internet Claro y Office 365. El MRC total es de $950.000 COP. ¿Aplica para el beneficio de mes 2 gratis?,1.0,"Sí, porque el MRC es igual o menor a $1.000.000 COP.",VERDADERO,Directos,Internet + Cloud,Cloud,,Directos,PYME
13,Pregunta de única respuesta. Una empresa Pyme solicita Internet Claro y Office 365. El MRC total es de $950.000 COP. ¿Aplica para el beneficio de mes 2 gratis?,2.0,"No aplica, el cliente lo solicita directamente a Claro.",FALSO,Directos,Internet + Cloud,Cloud,,Directos,PYME
13,Pregunta de única respuesta. Una empresa Pyme solicita Internet Claro y Office 365. El MRC total es de $950.000 COP. ¿Aplica para el beneficio de mes 2 gratis?,3.0,"No, porque el MRC debe ser mayor a $1.000.000 COP.",FALSO,Directos,Internet + Cloud,Cloud,,Directos,PYME
14,Pregunta de única respuesta. Pedro aplica correctamente la campaña Cloudwise con varios clientes Pymes. ¿Qué beneficios obtiene él como comercial?,1.0,Solo fidelización del cliente.,FALSO,Directos,Internet + Cloud,Cloud,,Directos,PYME
14,Pregunta de única respuesta. Pedro aplica correctamente la campaña Cloudwise con varios clientes Pymes. ¿Qué beneficios obtiene él como comercial?,2.0,"Competitividad, fidelización y resultados comerciales.",VERDADERO,Directos,Internet + Cloud,Cloud,,Directos,PYME
14,Pregunta de única respuesta. Pedro aplica correctamente la campaña Cloudwise con varios clientes Pymes. ¿Qué beneficios obtiene él como comercial?,3.0,Un bono económico inmediato.,FALSO,Directos,Internet + Cloud,Cloud,,Directos,PYME
15,Pregunta de única respuesta. Un comercial envía al CCO una captura del CRM que solo muestra el nombre del cliente. ¿Es suficiente para aplicar el beneficio?,1.0,"Sí, si se incluye la OT.",FALSO,Directos,Internet + Cloud,Cloud,,Directos,PYME
15,Pregunta de única respuesta. Un comercial envía al CCO una captura del CRM que solo muestra el nombre del cliente. ¿Es suficiente para aplicar el beneficio?,2.0,"Sí, si el cliente es Pyme.",FALSO,Directos,Internet + Cloud,Cloud,,Directos,PYME
15,Pregunta de única respuesta. Un comercial envía al CCO una captura del CRM que solo muestra el nombre del cliente. ¿Es suficiente para aplicar el beneficio?,3.0,"No, debe incluir razón social, ID, NIT y estado de facturación.",VERDADERO,Directos,Internet + Cloud,Cloud,,Directos,PYME
16,Pregunta de única respuesta. “Logística Global Ltda.” utiliza smartphones y tablets para rastrear envíos y coordinar entregas. El director de operaciones está preocupado por el impacto que pueda tener un software de seguridad en la duración de la batería y el rendimiento de los dispositivos. ¿Qué ventaja específica de Norton PyMEs debería considerar?,1.0,No influye en la duración de la batería,VERDADERO,Directos,Internet + Norton,Seguridad,,Directos,PYME
16,Pregunta de única respuesta. “Logística Global Ltda.” utiliza smartphones y tablets para rastrear envíos y coordinar entregas. El director de operaciones está preocupado por el impacto que pueda tener un software de seguridad en la duración de la batería y el rendimiento de los dispositivos. ¿Qué ventaja específica de Norton PyMEs debería considerar?,2.0,Consola de administración de licencias,FALSO,Directos,Internet + Norton,Seguridad,,Directos,PYME
16,Pregunta de única respuesta. “Logística Global Ltda.” utiliza smartphones y tablets para rastrear envíos y coordinar entregas. El director de operaciones está preocupado por el impacto que pueda tener un software de seguridad en la duración de la batería y el rendimiento de los dispositivos. ¿Qué ventaja específica de Norton PyMEs debería considerar?,3.0,Plataforma de aprendizaje en línea,FALSO,Directos,Internet + Norton,Seguridad,,Directos,PYME
17,"Pregunta de única respuesta. La empresa “Finanzas Seguras S.A.”, dedicada a servicios financieros en línea, ha detectado intentos de fraude digital en sus plataformas. El gerente de seguridad busca una solución que proteja a sus empleados de ataques de suplantación de identidad y enlaces maliciosos. ¿Qué funcionalidad de Norton PyMEs responde mejor a esta necesidad?",1.0,Navegación anónima,FALSO,Directos,Internet + Norton,Seguridad,,Directos,PYME
17,"Pregunta de única respuesta. La empresa “Finanzas Seguras S.A.”, dedicada a servicios financieros en línea, ha detectado intentos de fraude digital en sus plataformas. El gerente de seguridad busca una solución que proteja a sus empleados de ataques de suplantación de identidad y enlaces maliciosos. ¿Qué funcionalidad de Norton PyMEs responde mejor a esta necesidad?",2.0,Anti-phishing y protección contra malware,VERDADERO,Directos,Internet + Norton,Seguridad,,Directos,PYME
17,"Pregunta de única respuesta. La empresa “Finanzas Seguras S.A.”, dedicada a servicios financieros en línea, ha detectado intentos de fraude digital en sus plataformas. El gerente de seguridad busca una solución que proteja a sus empleados de ataques de suplantación de identidad y enlaces maliciosos. ¿Qué funcionalidad de Norton PyMEs responde mejor a esta necesidad?",3.0,Optimización del sistema,FALSO,Directos,Internet + Norton,Seguridad,,Directos,PYME
18,Pregunta de única respuesta. “Comercializadora Andina” ha detectado que algunos empleados acceden a sitios web no seguros durante el horario laboral. El área de TI busca una solución que garantice una navegación protegida. ¿Qué funcionalidad de Norton PyMEs es más adecuada para este propósito?,1.0,Supervisión de apps,FALSO,Directos,Internet + Norton,Seguridad,,Directos,PYME
18,Pregunta de única respuesta. “Comercializadora Andina” ha detectado que algunos empleados acceden a sitios web no seguros durante el horario laboral. El área de TI busca una solución que garantice una navegación protegida. ¿Qué funcionalidad de Norton PyMEs es más adecuada para este propósito?,2.0,Navegación web segura,VERDADERO,Directos,Internet + Norton,Seguridad,,Directos,PYME
18,Pregunta de única respuesta. “Comercializadora Andina” ha detectado que algunos empleados acceden a sitios web no seguros durante el horario laboral. El área de TI busca una solución que garantice una navegación protegida. ¿Qué funcionalidad de Norton PyMEs es más adecuada para este propósito?,3.0,Túnel dividido,FALSO,Directos,Internet + Norton,Seguridad,,Directos,PYME
19,Pregunta de única respuesta. La institución educativa “Academia Digital” quiere controlar el tiempo que los estudiantes pasan en dispositivos durante el horario escolar. ¿Qué función de Norton PyMEs permite establecer límites y supervisar el uso de los equipos?,1.0,Supervisión de tiempo,VERDADERO,Directos,Internet + Norton,Seguridad,,Directos,PYME
19,Pregunta de única respuesta. La institución educativa “Academia Digital” quiere controlar el tiempo que los estudiantes pasan en dispositivos durante el horario escolar. ¿Qué función de Norton PyMEs permite establecer límites y supervisar el uso de los equipos?,2.0,Seguridad WiFi,FALSO,Directos,Internet + Norton,Seguridad,,Directos,PYME
19,Pregunta de única respuesta. La institución educativa “Academia Digital” quiere controlar el tiempo que los estudiantes pasan en dispositivos durante el horario escolar. ¿Qué función de Norton PyMEs permite establecer límites y supervisar el uso de los equipos?,3.0,Navegación web segura,FALSO,Directos,Internet + Norton,Seguridad,,Directos,PYME
20,"Pregunta de única respuesta. “Servicios Integrales SAS” opera con laptops, tablets y celulares en sus procesos administrativos y comerciales. ¿Qué ventaja de Norton PyMEs asegura que todos estos dispositivos estén protegidos bajo una misma solución?",1.0,Supervisión en linea,FALSO,Directos,Internet + Norton,Seguridad,,Directos,PYME
20,"Pregunta de única respuesta. “Servicios Integrales SAS” opera con laptops, tablets y celulares en sus procesos administrativos y comerciales. ¿Qué ventaja de Norton PyMEs asegura que todos estos dispositivos estén protegidos bajo una misma solución?",2.0,Compatible con todos los dispositivos,VERDADERO,Directos,Internet + Norton,Seguridad,,Directos,PYME
20,"Pregunta de única respuesta. “Servicios Integrales SAS” opera con laptops, tablets y celulares en sus procesos administrativos y comerciales. ¿Qué ventaja de Norton PyMEs asegura que todos estos dispositivos estén protegidos bajo una misma solución?",3.0,Configuración de niveles de restricción,FALSO,Directos,Internet + Norton,Seguridad,,Directos,PYME
1,Pregunta única respuesta. Una empresa de transporte quiere mejorar la experiencia del pasajero y aumentar su base de datos de clientes. ¿Cuál de las siguientes estrategias es válida según la solución de entretenimiento a bordo?,1.0,Utilizar el portal cautivo para mejorar la velocidad de navegación,FALSO,TMK Móvil,Soluciones VAS,Soluciones Digitales,,TMK Movil,PYME
1,Pregunta única respuesta. Una empresa de transporte quiere mejorar la experiencia del pasajero y aumentar su base de datos de clientes. ¿Cuál de las siguientes estrategias es válida según la solución de entretenimiento a bordo?,2.0,Utilizar el portal cautivo para diseñar encuestas de satisfacción de los usuarios,VERDADERO,TMK Móvil,Soluciones VAS,Soluciones Digitales,,TMK Movil,PYME
1,Pregunta única respuesta. Una empresa de transporte quiere mejorar la experiencia del pasajero y aumentar su base de datos de clientes. ¿Cuál de las siguientes estrategias es válida según la solución de entretenimiento a bordo?,3.0,El portal cautivo impide cualquier interacción con los usuarios,FALSO,TMK Móvil,Soluciones VAS,Soluciones Digitales,,TMK Movil,PYME
2,Pregunta única respuesta. María es supervisora de seguridad en una empresa de logística. Necesita comunicarse de manera inmediata con sus guardas distribuidos en diferentes puntos de la ciudad y monitorear sus ubicaciones en tiempo real. ¿Cuál sería la mejor solución para su necesidad?,1.0,Usar grupos de WhatsApp para enviar mensajes de voz y ubicación.,FALSO,TMK Móvil,Soluciones VAS,Soluciones Digitales,,TMK Movil,PYME
2,Pregunta única respuesta. María es supervisora de seguridad en una empresa de logística. Necesita comunicarse de manera inmediata con sus guardas distribuidos en diferentes puntos de la ciudad y monitorear sus ubicaciones en tiempo real. ¿Cuál sería la mejor solución para su necesidad?,2.0,Utilizar Claro Directo con servicio de geolocalización y consola Dispatcher,VERDADERO,TMK Móvil,Soluciones VAS,Soluciones Digitales,,TMK Movil,PYME
2,Pregunta única respuesta. María es supervisora de seguridad en una empresa de logística. Necesita comunicarse de manera inmediata con sus guardas distribuidos en diferentes puntos de la ciudad y monitorear sus ubicaciones en tiempo real. ¿Cuál sería la mejor solución para su necesidad?,3.0,Enviar correos electrónicos cada vez que un guarda cambie de ubicación.,FALSO,TMK Móvil,Soluciones VAS,Soluciones Digitales,,TMK Movil,PYME
3,"Pregunta única respuesta. Una empresa financiera desea enviar automáticamente recordatorios de pago desde su sistema contable a los clientes, sin tener que hacerlo manualmente. ¿Usted como comercial, que alternativa le recomendaria?",1.0,"Portal web, porque permite enviar mensajes individuales de forma manual.",FALSO,TMK Móvil,Soluciones VAS,Soluciones Digitales,,TMK Movil,PYME
3,"Pregunta única respuesta. Una empresa financiera desea enviar automáticamente recordatorios de pago desde su sistema contable a los clientes, sin tener que hacerlo manualmente. ¿Usted como comercial, que alternativa le recomendaria?",2.0,"API, ya que permite integrar la plataforma de la empresa con MEC para envío automatizado.",VERDADERO,TMK Móvil,Soluciones VAS,Soluciones Digitales,,TMK Movil,PYME
3,"Pregunta única respuesta. Una empresa financiera desea enviar automáticamente recordatorios de pago desde su sistema contable a los clientes, sin tener que hacerlo manualmente. ¿Usted como comercial, que alternativa le recomendaria?",3.0,"Correo electrónico, porque los SMS requieren intervención manual.",FALSO,TMK Móvil,Soluciones VAS,Soluciones Digitales,,TMK Movil,PYME
4,"Pregunta única respuesta. La empresa de transporte PAEZ SAS ha tenido problemas para rastrear sus camiones porque su sistema actual depende de la red móvil, lo que genera pérdida de señal en zonas rurales. De acuerdo con esto, ¿Qué ventaja ofrece la solución de Geolocalización de Personas de Claro frente a su sistema actual?

0",1.0,Se basa en GPS satelital y permite monitoreo continuo incluso en zonas con baja señal móvil.,VERDADERO,TMK Móvil,Soluciones VAS,Soluciones Digitales,,TMK Movil,PYME
4,"Pregunta única respuesta. La empresa de transporte PAEZ SAS ha tenido problemas para rastrear sus camiones porque su sistema actual depende de la red móvil, lo que genera pérdida de señal en zonas rurales. De acuerdo con esto, ¿Qué ventaja ofrece la solución de Geolocalización de Personas de Claro frente a su sistema actual?

0",2.0,Solo funciona en zonas urbanas con cobertura 4G.,FALSO,TMK Móvil,Soluciones VAS,Soluciones Digitales,,TMK Movil,PYME
4,"Pregunta única respuesta. La empresa de transporte PAEZ SAS ha tenido problemas para rastrear sus camiones porque su sistema actual depende de la red móvil, lo que genera pérdida de señal en zonas rurales. De acuerdo con esto, ¿Qué ventaja ofrece la solución de Geolocalización de Personas de Claro frente a su sistema actual?

0",3.0,No incluye plan de datos ni soporte técnico para configuración.,FALSO,TMK Móvil,Soluciones VAS,Soluciones Digitales,,TMK Movil,PYME
5,Pregunta única respuesta. Una empresa quiere reducir los tiempos muertos de su equipo en campo y mejorar la toma de decisiones basadas en información actualizada. ¿Cómo puede ayudar la solución Gestión de Actividades a cumplir este objetivo?,1.0,Al bloquear automáticamente los dispositivos móviles durante el horario laboral.,FALSO,TMK Móvil,Soluciones VAS,Soluciones Digitales,,TMK Movil,PYME
5,Pregunta única respuesta. Una empresa quiere reducir los tiempos muertos de su equipo en campo y mejorar la toma de decisiones basadas en información actualizada. ¿Cómo puede ayudar la solución Gestión de Actividades a cumplir este objetivo?,2.0,"Al enviar reportes solo al finalizar cada mes, sin conexión a los sistemas de la empresa",FALSO,TMK Móvil,Soluciones VAS,Soluciones Digitales,,TMK Movil,PYME
5,Pregunta única respuesta. Una empresa quiere reducir los tiempos muertos de su equipo en campo y mejorar la toma de decisiones basadas en información actualizada. ¿Cómo puede ayudar la solución Gestión de Actividades a cumplir este objetivo?,3.0,Al permitir consultar información en línea y analizar los datos mediante herramientas como Power BI o Tableau.,VERDADERO,TMK Móvil,Soluciones VAS,Soluciones Digitales,,TMK Movil,PYME
6,"Pregunta única respuesta. La empresa TransLogistics S.A. tiene una flota de 50 vehículos que realiza entregas a nivel nacional. El gerente de operaciones desea monitorear el recorrido en tiempo real, recibir alertas si algún vehículo se desvía de su ruta y conocer el consumo de combustible. ¿Qué funcionalidad de la solución Gestión Vehicular Claro le permite cumplir con este objetivo?",1.0,"Monitoreo en tiempo real con geocercas, alertas configurables y reportes automáticos de ruta.",VERDADERO,TMK Móvil,Soluciones VAS,Soluciones Digitales,,TMK Movil,PYME
6,"Pregunta única respuesta. La empresa TransLogistics S.A. tiene una flota de 50 vehículos que realiza entregas a nivel nacional. El gerente de operaciones desea monitorear el recorrido en tiempo real, recibir alertas si algún vehículo se desvía de su ruta y conocer el consumo de combustible. ¿Qué funcionalidad de la solución Gestión Vehicular Claro le permite cumplir con este objetivo?",2.0,Sistema de mensajería interna entre conductores.,FALSO,TMK Móvil,Soluciones VAS,Soluciones Digitales,,TMK Movil,PYME
6,"Pregunta única respuesta. La empresa TransLogistics S.A. tiene una flota de 50 vehículos que realiza entregas a nivel nacional. El gerente de operaciones desea monitorear el recorrido en tiempo real, recibir alertas si algún vehículo se desvía de su ruta y conocer el consumo de combustible. ¿Qué funcionalidad de la solución Gestión Vehicular Claro le permite cumplir con este objetivo?",3.0,Seguimiento manual mediante llamadas telefónicas al conductor.,FALSO,TMK Móvil,Soluciones VAS,Soluciones Digitales,,TMK Movil,PYME
7,"Pregunta única respuesta. La empresa Finanzas Global S.A. entrega celulares corporativos a sus ejecutivos. Sin embargo, algunos empleados han instalado aplicaciones no autorizadas que ponen en riesgo la información financiera de los clientes. ¿Qué solución de Claro permite controlar este tipo de situaciones?",1.0,Un servicio de almacenamiento en la nube que guarda copias de seguridad.,FALSO,TMK Móvil,Soluciones VAS,Soluciones Digitales,,TMK Movil,PYME
7,"Pregunta única respuesta. La empresa Finanzas Global S.A. entrega celulares corporativos a sus ejecutivos. Sin embargo, algunos empleados han instalado aplicaciones no autorizadas que ponen en riesgo la información financiera de los clientes. ¿Qué solución de Claro permite controlar este tipo de situaciones?",2.0,"Administrador de Dispositivos Móviles (EMM/MDM), que permite gestionar, restringir aplicaciones y proteger los datos empresariales.",VERDADERO,TMK Móvil,Soluciones VAS,Soluciones Digitales,,TMK Movil,PYME
7,"Pregunta única respuesta. La empresa Finanzas Global S.A. entrega celulares corporativos a sus ejecutivos. Sin embargo, algunos empleados han instalado aplicaciones no autorizadas que ponen en riesgo la información financiera de los clientes. ¿Qué solución de Claro permite controlar este tipo de situaciones?",3.0,Un antivirus móvil gratuito instalado individualmente en cada dispositivo.,FALSO,TMK Móvil,Soluciones VAS,Soluciones Digitales,,TMK Movil,PYME
8,"Pregunta de única respuesta. ""TecnoSoluciones"", una PYME de 15 empleados que brinda servicios de TI, quiere proteger los celulares corporativos de su equipo de ventas que constantemente reciben enlaces sospechosos por WhatsApp y SMS. ¿Qué solución específica del producto aborda este problema?",1.0,Control parental para dispositivos,FALSO,TMK Móvil,Super Protect,Seguridad,,TMK Movil,PYME
8,"Pregunta de única respuesta. ""TecnoSoluciones"", una PYME de 15 empleados que brinda servicios de TI, quiere proteger los celulares corporativos de su equipo de ventas que constantemente reciben enlaces sospechosos por WhatsApp y SMS. ¿Qué solución específica del producto aborda este problema?",2.0,Protección anti-smishing en mensajes de texto,VERDADERO,TMK Móvil,Super Protect,Seguridad,,TMK Movil,PYME
8,"Pregunta de única respuesta. ""TecnoSoluciones"", una PYME de 15 empleados que brinda servicios de TI, quiere proteger los celulares corporativos de su equipo de ventas que constantemente reciben enlaces sospechosos por WhatsApp y SMS. ¿Qué solución específica del producto aborda este problema?",3.0,Bloqueo de llamadas internacionales,FALSO,TMK Móvil,Super Protect,Seguridad,,TMK Movil,PYME
9,"Pregunta de única respuesta. ""Consultoría Legal & Asociados"" es muy estricta con la privacidad de datos de sus abogados. Al considerar Lookout, ¿qué garantía de privacidad encuentran en el material?",1.0,Lookout retiene datos de ubicación para análisis,FALSO,TMK Móvil,Super Protect,Seguridad,,TMK Movil,PYME
9,"Pregunta de única respuesta. ""Consultoría Legal & Asociados"" es muy estricta con la privacidad de datos de sus abogados. Al considerar Lookout, ¿qué garantía de privacidad encuentran en el material?",2.0,Lookout no retiene ni pasa datos personales al administrador,VERDADERO,TMK Móvil,Super Protect,Seguridad,,TMK Movil,PYME
9,"Pregunta de única respuesta. ""Consultoría Legal & Asociados"" es muy estricta con la privacidad de datos de sus abogados. Al considerar Lookout, ¿qué garantía de privacidad encuentran en el material?",3.0,Lookout comparte datos con terceros para mejora del servicio,FALSO,TMK Móvil,Super Protect,Seguridad,,TMK Movil,PYME
10,"Pregunta de única respuesta. ""Clínica Santa María"" implementó Lookout y un médico reporta que su dispositivo muestra una alerta de ""jailbreak detectado"". ¿Qué acción toma Lookout en estos casos?",1.0,Bloquea permanentemente el acceso a datos corporativos,FALSO,TMK Móvil,Super Protect,Seguridad,,TMK Movil,PYME
10,"Pregunta de única respuesta. ""Clínica Santa María"" implementó Lookout y un médico reporta que su dispositivo muestra una alerta de ""jailbreak detectado"". ¿Qué acción toma Lookout en estos casos?",2.0,Elimina automáticamente todas las aplicaciones del dispositivo,FALSO,TMK Móvil,Super Protect,Seguridad,,TMK Movil,PYME
10,"Pregunta de única respuesta. ""Clínica Santa María"" implementó Lookout y un médico reporta que su dispositivo muestra una alerta de ""jailbreak detectado"". ¿Qué acción toma Lookout en estos casos?",3.0,Muestra una alerta al usuario con recomendaciones para reducir riesgos,VERDADERO,TMK Móvil,Super Protect,Seguridad,,TMK Movil,PYME
11,"Pregunta de única respuesta. ""Food Delivery Express"" tiene flotilla de 12 moteros. Tras implementar Lookout, un repartidor intenta acceder a un enlace de phishing para robo de credenciales. ¿Qué hace el sistema?",1.0,Detecta y bloquea la navegación al sitio de phishing automáticamente,VERDADERO,TMK Móvil,Super Protect,Seguridad,,TMK Movil,PYME
11,"Pregunta de única respuesta. ""Food Delivery Express"" tiene flotilla de 12 moteros. Tras implementar Lookout, un repartidor intenta acceder a un enlace de phishing para robo de credenciales. ¿Qué hace el sistema?",2.0,Permite el acceso pero registra el evento,FALSO,TMK Móvil,Super Protect,Seguridad,,TMK Movil,PYME
11,"Pregunta de única respuesta. ""Food Delivery Express"" tiene flotilla de 12 moteros. Tras implementar Lookout, un repartidor intenta acceder a un enlace de phishing para robo de credenciales. ¿Qué hace el sistema?",3.0,Envía una notificación al administrador después de 24 horas,FALSO,TMK Móvil,Super Protect,Seguridad,,TMK Movil,PYME
12,"Pregunta de única respuesta. ""Inversiones Financieras Globales"" está particularmente preocupada por el phishing dirigido a dispositivos móviles. ¿Qué dato del material respalda la necesidad urgente de implementar Lookout?",1.0,El 60% de los sitios de phishing están en la dark web,FALSO,TMK Móvil,Super Protect,Seguridad,,TMK Movil,PYME
12,"Pregunta de única respuesta. ""Inversiones Financieras Globales"" está particularmente preocupada por el phishing dirigido a dispositivos móviles. ¿Qué dato del material respalda la necesidad urgente de implementar Lookout?",2.0,El 80% de los sitios de phishing están diseñados para móvil y 85% de ataques ocurren fuera del correo,VERDADERO,TMK Móvil,Super Protect,Seguridad,,TMK Movil,PYME
12,"Pregunta de única respuesta. ""Inversiones Financieras Globales"" está particularmente preocupada por el phishing dirigido a dispositivos móviles. ¿Qué dato del material respalda la necesidad urgente de implementar Lookout?",3.0,El 70% de los empleados comparten contraseñas corporativas,FALSO,TMK Móvil,Super Protect,Seguridad,,TMK Movil,PYME
13,"Pregunta de única respuesta. ""Consultoría Empresarial HC"" tiene un empleado que viaja frecuentemente y necesita acceso seguro desde diferentes ubicaciones. ¿Qué característica de Lookout permite esta conectividad segura?",1.0,Protege sin importar donde se encuentre el usuario,VERDADERO,TMK Móvil,Super Protect,Seguridad,,TMK Movil,PYME
13,"Pregunta de única respuesta. ""Consultoría Empresarial HC"" tiene un empleado que viaja frecuentemente y necesita acceso seguro desde diferentes ubicaciones. ¿Qué característica de Lookout permite esta conectividad segura?",2.0,Requiere conexión WiFi permanente para funcionar,FALSO,TMK Móvil,Super Protect,Seguridad,,TMK Movil,PYME
13,"Pregunta de única respuesta. ""Consultoría Empresarial HC"" tiene un empleado que viaja frecuentemente y necesita acceso seguro desde diferentes ubicaciones. ¿Qué característica de Lookout permite esta conectividad segura?",3.0,Solo funciona en horario laboral,FALSO,TMK Móvil,Super Protect,Seguridad,,TMK Movil,PYME
14,"Pregunta de única respuesta. ""Servicios Integrales CA"" contrató 8 líneas con Lookout. A los 3 meses, un dispositivo es reportado como robado. ¿Qué canal de atención específico debe contactar el administrador para reportar el incidente?",1.0,Línea 123 de emergencias,FALSO,TMK Móvil,Super Protect,Seguridad,,TMK Movil,PYME
14,"Pregunta de única respuesta. ""Servicios Integrales CA"" contrató 8 líneas con Lookout. A los 3 meses, un dispositivo es reportado como robado. ¿Qué canal de atención específico debe contactar el administrador para reportar el incidente?",2.0,Soporte técnico del fabricante del dispositivo,FALSO,TMK Móvil,Super Protect,Seguridad,,TMK Movil,PYME
14,"Pregunta de única respuesta. ""Servicios Integrales CA"" contrató 8 líneas con Lookout. A los 3 meses, un dispositivo es reportado como robado. ¿Qué canal de atención específico debe contactar el administrador para reportar el incidente?",3.0,Mesa de soporte *722 de Claro Empresas,VERDADERO,TMK Móvil,Super Protect,Seguridad,,TMK Movil,PYME
15,"Pregunta de única respuesta. ""Logística Integral SA"" necesita conectar 1,800 dispositivos de rastreo vehicular. ¿Qué bolsa de gigas IoT deberían contratar según la tabla de capacidad?",1.0,10 GB,FALSO,TMK Móvil,Bolsa de Gigas,Movil,,TMK Movil,PYME
15,"Pregunta de única respuesta. ""Logística Integral SA"" necesita conectar 1,800 dispositivos de rastreo vehicular. ¿Qué bolsa de gigas IoT deberían contratar según la tabla de capacidad?",2.0,15 GB,FALSO,TMK Móvil,Bolsa de Gigas,Movil,,TMK Movil,PYME
15,"Pregunta de única respuesta. ""Logística Integral SA"" necesita conectar 1,800 dispositivos de rastreo vehicular. ¿Qué bolsa de gigas IoT deberían contratar según la tabla de capacidad?",3.0,20 GB,VERDADERO,TMK Móvil,Bolsa de Gigas,Movil,,TMK Movil,PYME
16,"Pregunta de única respuesta. Una empresa de telemetría con 4,500 sensores distribuidos quiere centralizar el consumo de datos bajo una sola bolsa. ¿Es posible con esta oferta?",1.0,"No, el máximo son 2,000 líneas",FALSO,TMK Móvil,Bolsa de Gigas,Movil,,TMK Movil,PYME
16,"Pregunta de única respuesta. Una empresa de telemetría con 4,500 sensores distribuidos quiere centralizar el consumo de datos bajo una sola bolsa. ¿Es posible con esta oferta?",2.0,"Sí, con la bolsa de 50 GB que soporta hasta 5,000 líneas",VERDADERO,TMK Móvil,Bolsa de Gigas,Movil,,TMK Movil,PYME
16,"Pregunta de única respuesta. Una empresa de telemetría con 4,500 sensores distribuidos quiere centralizar el consumo de datos bajo una sola bolsa. ¿Es posible con esta oferta?",3.0,No aplica para servicios M2M,FALSO,TMK Móvil,Bolsa de Gigas,Movil,,TMK Movil,PYME
17,Pregunta de única respuesta. Una retail chain con 8 sucursales quiere monitorear sus neveras inteligentes. Cada tienda consume entre 15-35 MB mensuales. ¿Para qué tipo de clientes está diseñada esta solución?,1.0,Solo para entidades gubernamentales,FALSO,TMK Móvil,Bolsa de Gigas,Movil,,TMK Movil,PYME
17,Pregunta de única respuesta. Una retail chain con 8 sucursales quiere monitorear sus neveras inteligentes. Cada tienda consume entre 15-35 MB mensuales. ¿Para qué tipo de clientes está diseñada esta solución?,2.0,Para personas naturales con múltiples dispositivos,FALSO,TMK Móvil,Bolsa de Gigas,Movil,,TMK Movil,PYME
17,Pregunta de única respuesta. Una retail chain con 8 sucursales quiere monitorear sus neveras inteligentes. Cada tienda consume entre 15-35 MB mensuales. ¿Para qué tipo de clientes está diseñada esta solución?,3.0,Clientes con consumos de datos variables en sus líneas,VERDADERO,TMK Móvil,Bolsa de Gigas,Movil,,TMK Movil,PYME
18,"Pregunta de única respuesta. ""Telemetría Avanzada"" actualmente tiene 600 líneas con otro operador y quiere migrar a Claro. ¿Qué ventaja destacaría según el material?",1.0,Las líneas incluyen roaming internacional ilimitado,FALSO,TMK Móvil,Bolsa de Gigas,Movil,,TMK Movil,PYME
18,"Pregunta de única respuesta. ""Telemetría Avanzada"" actualmente tiene 600 líneas con otro operador y quiere migrar a Claro. ¿Qué ventaja destacaría según el material?",2.0,No requiere firma de contrato,FALSO,TMK Móvil,Bolsa de Gigas,Movil,,TMK Movil,PYME
18,"Pregunta de única respuesta. ""Telemetría Avanzada"" actualmente tiene 600 líneas con otro operador y quiere migrar a Claro. ¿Qué ventaja destacaría según el material?",3.0,Podrá tener todas sus líneas con Claro en un solo CFM,VERDADERO,TMK Móvil,Bolsa de Gigas,Movil,,TMK Movil,PYME
19,"Pregunta de única respuesta. Según las condiciones y restricciones, ¿qué tipo de cliente puede acceder a la bolsa de gigas IoT?",1.0,Personas naturales tipo cédula,FALSO,TMK Móvil,Bolsa de Gigas,Movil,,TMK Movil,PYME
19,"Pregunta de única respuesta. Según las condiciones y restricciones, ¿qué tipo de cliente puede acceder a la bolsa de gigas IoT?",2.0,Persona jurídica tipo NIT catalogados como cliente B2B,VERDADERO,Agentes,Bolsa de Gigas,Movil,,TMK Movil,PYME
19,"Pregunta de única respuesta. Según las condiciones y restricciones, ¿qué tipo de cliente puede acceder a la bolsa de gigas IoT?",3.0,Solo entidades educativas,FALSO,Agentes,Bolsa de Gigas,Movil,,TMK Movil,PYME
20,Pregunta de única respuesta. Una empresa de seguridad vehicular necesita que sus dispositivos se conecten a APNs privados. ¿La bolsa de gigas IoT permite este uso?,1.0,"No, solo funciona con APN público de Claro",FALSO,Agentes,Bolsa de Gigas,Movil,,TMK Movil,PYME
20,Pregunta de única respuesta. Una empresa de seguridad vehicular necesita que sus dispositivos se conecten a APNs privados. ¿La bolsa de gigas IoT permite este uso?,2.0,"Sí, aplica para ser utilizado con APNs privados",VERDADERO,Agentes,Bolsa de Gigas,Movil,,TMK Movil,PYME
20,Pregunta de única respuesta. Una empresa de seguridad vehicular necesita que sus dispositivos se conecten a APNs privados. ¿La bolsa de gigas IoT permite este uso?,3.0,Solo para aplicaciones de mensajería,FALSO,Agentes,Bolsa de Gigas,Movil,,TMK Movil,PYME
19,"Pregunta de única respuesta. Según las condiciones y restricciones, ¿qué tipo de cliente puede acceder a la bolsa de gigas IoT?",2.0,Persona jurídica tipo NIT catalogados como cliente B2B,VERDADERO,Agentes,Bolsa de Gigas,Movil,,TMK Movil,PYME
19,"Pregunta de única respuesta. Según las condiciones y restricciones, ¿qué tipo de cliente puede acceder a la bolsa de gigas IoT?",3.0,Solo entidades educativas,FALSO,Agentes,Bolsa de Gigas,Movil,,TMK Movil,PYME
20,Pregunta de única respuesta. Una empresa de seguridad vehicular necesita que sus dispositivos se conecten a APNs privados. ¿La bolsa de gigas IoT permite este uso?,1.0,"No, solo funciona con APN público de Claro",FALSO,Agentes,Bolsa de Gigas,Movil,,TMK Movil,PYME
20,Pregunta de única respuesta. Una empresa de seguridad vehicular necesita que sus dispositivos se conecten a APNs privados. ¿La bolsa de gigas IoT permite este uso?,2.0,"Sí, aplica para ser utilizado con APNs privados",VERDADERO,Agentes,Bolsa de Gigas,Movil,,TMK Movil,PYME
20,Pregunta de única respuesta. Una empresa de seguridad vehicular necesita que sus dispositivos se conecten a APNs privados. ¿La bolsa de gigas IoT permite este uso?,3.0,Solo para aplicaciones de mensajería,FALSO,Agentes,Bolsa de Gigas,Movil,,TMK Movil,PYME
1,"Pregunta de única respuesta. La empresa TecnoRed S.A.S. desea migrar su correo tradicional a la nube, con buzones de 50 GB y herramientas básicas de productividad. No tiene más de 200 empleados. ¿Qué plan sería el más adecuado para iniciar?",1.0,Exchange Plan 1,FALSO,TMK Fijo,Microsoft 365,Cloud Saas ,,TMK fijo,PYME
1,"Pregunta de única respuesta. La empresa TecnoRed S.A.S. desea migrar su correo tradicional a la nube, con buzones de 50 GB y herramientas básicas de productividad. No tiene más de 200 empleados. ¿Qué plan sería el más adecuado para iniciar?",2.0,Microsoft 365 Business Basic,VERDADERO,TMK Fijo,Microsoft 365,Cloud Saas ,,TMK fijo,PYME
1,"Pregunta de única respuesta. La empresa TecnoRed S.A.S. desea migrar su correo tradicional a la nube, con buzones de 50 GB y herramientas básicas de productividad. No tiene más de 200 empleados. ¿Qué plan sería el más adecuado para iniciar?",3.0,Microsoft 365 E1,FALSO,TMK Fijo,Microsoft 365,Cloud Saas ,,TMK fijo,PYME
2,"Pregunta de única respuesta. Soluciones Verdes S.A. tiene 280 empleados y necesita correo, Teams y aplicaciones de escritorio. No planea superar los 300 usuarios este año. ¿Qué licenciamiento debería adquirir?",1.0,Microsoft 365 Business Standard,VERDADERO,TMK Fijo,Microsoft 365,Cloud Saas ,,TMK fijo,PYME
2,"Pregunta de única respuesta. Soluciones Verdes S.A. tiene 280 empleados y necesita correo, Teams y aplicaciones de escritorio. No planea superar los 300 usuarios este año.
¿Qué licenciamiento debería adquirir?
¿Qué licenciamiento debería adquirir?",2.0,Microsoft 365 Enterprise E5,FALSO,TMK Fijo,Microsoft 365,Cloud Saas ,,TMK fijo,PYME
2,"Pregunta de única respuesta. Soluciones Verdes S.A. tiene 280 empleados y necesita correo, Teams y aplicaciones de escritorio. No planea superar los 300 usuarios este año.
¿Qué licenciamiento debería adquirir?
¿Qué licenciamiento debería adquirir?",3.0,Microsoft 365 Business Premium,FALSO,TMK Fijo,Microsoft 365,Cloud Saas ,,TMK fijo,PYME
3,"Pregunta de única respuesta. GlobalTech Corp. requiere un plan sin límite de usuarios, con seguridad avanzada y herramientas completas en la nube y escritorio.
¿Qué opción le conviene más?
¿Qué opción le conviene más?",1.0,Microsoft 365 Apps for Business,FALSO,TMK Fijo,Microsoft 365,Cloud Saas ,,TMK fijo,PYME
3,"Pregunta de única respuesta. GlobalTech Corp. requiere un plan sin límite de usuarios, con seguridad avanzada y herramientas completas en la nube y escritorio.
¿Qué opción le conviene más?
¿Qué opción le conviene más?",2.0,Microsoft 365 Business Premium,FALSO,TMK Fijo,Microsoft 365,Cloud Saas ,,TMK fijo,PYME
3,"Pregunta de única respuesta. GlobalTech Corp. requiere un plan sin límite de usuarios, con seguridad avanzada y herramientas completas en la nube y escritorio.
¿Qué opción le conviene más?
¿Qué opción le conviene más?",3.0,Microsoft 365 Enterprise E5,VERDADERO,TMK Fijo,Microsoft 365,Cloud Saas ,,TMK fijo,PYME
4,"Preunta de única respuesta. TechService Ltda. necesita un plan solo para correo electrónico seguro y profesional, sin aplicaciones de Office.
¿Cuál debería elegir?
¿Cuál debería elegir?",1.0,Exchange Plan 1,VERDADERO,TMK Fijo,Microsoft 365,Cloud Saas ,,TMK fijo,PYME
4,"Preunta de única respuesta. TechService Ltda. necesita un plan solo para correo electrónico seguro y profesional, sin aplicaciones de Office.
¿Cuál debería elegir?
¿Cuál debería elegir?",2.0,Microsoft 365 Business Premium,FALSO,TMK Fijo,Microsoft 365,Cloud Saas ,,TMK fijo,PYME
4,"Preunta de única respuesta. TechService Ltda. necesita un plan solo para correo electrónico seguro y profesional, sin aplicaciones de Office.
¿Cuál debería elegir?
¿Cuál debería elegir?",3.0,Office 365 E3,FALSO,TMK Fijo,Microsoft 365,Cloud Saas ,,TMK fijo,PYME
5,"Preunta de única respuesta. DataSecure S.A. busca licencias que incluyan inteligencia artificial, seguridad y administración de identidad.
¿Cuál plan se ajusta mejor?
¿Cuál plan se ajusta mejor?",1.0,Office 365 F3,FALSO,TMK Fijo,Microsoft 365,Cloud Saas ,,TMK fijo,PYME
5,"Preunta de única respuesta. DataSecure S.A. busca licencias que incluyan inteligencia artificial, seguridad y administración de identidad.
¿Cuál plan se ajusta mejor?
¿Cuál plan se ajusta mejor?",2.0,Microsoft 365 E5,VERDADERO,TMK Fijo,Microsoft 365,Cloud Saas ,,TMK fijo,PYME
5,"Preunta de única respuesta. DataSecure S.A. busca licencias que incluyan inteligencia artificial, seguridad y administración de identidad.
¿Cuál plan se ajusta mejor?
¿Cuál plan se ajusta mejor?",3.0,Microsoft 365 Business Standard,FALSO,TMK Fijo,Microsoft 365,Cloud Saas ,,TMK fijo,PYME
6,"Pregunta de única respuesta. La empresa Innovasoft Ltda. tiene 150 empleados y necesita correo, aplicaciones de escritorio, servicios en la nube y seguridad avanzada para proteger sus datos. ¿Qué plan de Microsoft 365 sería el más adecuado?",1.0,Microsoft 365 Business Premium,VERDADERO,TMK Fijo,Microsoft 365,Cloud Saas ,,TMK fijo,PYME
6,"Pregunta de única respuesta. La empresa Innovasoft Ltda. tiene 150 empleados y necesita correo, aplicaciones de escritorio, servicios en la nube y seguridad avanzada para proteger sus datos. ¿Qué plan de Microsoft 365 sería el más adecuado?",2.0,Microsoft 365 Business Basic,FALSO,TMK Fijo,Microsoft 365,Cloud Saas ,,TMK fijo,PYME
6,"Pregunta de única respuesta. La empresa Innovasoft Ltda. tiene 150 empleados y necesita correo, aplicaciones de escritorio, servicios en la nube y seguridad avanzada para proteger sus datos. ¿Qué plan de Microsoft 365 sería el más adecuado?",3.0,Office 365 E1,FALSO,TMK Fijo,Microsoft 365,Cloud Saas ,,TMK fijo,PYME
7,"Pregunta de única respuesta. El gerente de TI de RedCom Global evalúa adquirir licencias Office 365 E3 o E5, pero quiere saber cuál ofrece mayor nivel de seguridad.
¿Cuál es la diferencia principal entre E3 y E5?
¿Cuál es la diferencia principal entre E3 y E5?",1.0,El plan E3 no incluye correo electrónico ni OneDrive.,FALSO,TMK Fijo,Microsoft 365,Cloud Saas ,,TMK fijo,PYME
7,"Pregunta de única respuesta. El gerente de TI de RedCom Global evalúa adquirir licencias Office 365 E3 o E5, pero quiere saber cuál ofrece mayor nivel de seguridad.
¿Cuál es la diferencia principal entre E3 y E5?
¿Cuál es la diferencia principal entre E3 y E5?",2.0,El plan E5 ofrece características de seguridad avanzada y análisis de datos mejorados.,VERDADERO,TMK Fijo,Microsoft 365,Cloud Saas ,,TMK fijo,PYME
7,"Pregunta de única respuesta. El gerente de TI de RedCom Global evalúa adquirir licencias Office 365 E3 o E5, pero quiere saber cuál ofrece mayor nivel de seguridad.
¿Cuál es la diferencia principal entre E3 y E5?
¿Cuál es la diferencia principal entre E3 y E5?",3.0,El plan E3 permite más usuarios que el E5,FALSO,TMK Fijo,Microsoft 365,Cloud Saas ,,TMK fijo,PYME
8,Pregunta única respuesta. La empresa InnovaTextil S.A.S. quiere fortalecer su presencia en internet con una página web profesional y personalizada. No tiene personal técnico y busca una solución que le permita administrar su propio sitio sin pagar costos adicionales por soporte o mantenimiento. ¿Cuál valor agregado de Claro satisface esta necesidad?,1.0,"Dominio propio y Página Web Claro, que ofrece más de 1.000 diseños, dominio personalizado y administración desde un panel de control.",VERDADERO,TMK Fijo,Valores agregados de internet,Internet,,TMK fijo,PYME
8,Pregunta única respuesta. La empresa InnovaTextil S.A.S. quiere fortalecer su presencia en internet con una página web profesional y personalizada. No tiene personal técnico y busca una solución que le permita administrar su propio sitio sin pagar costos adicionales por soporte o mantenimiento. ¿Cuál valor agregado de Claro satisface esta necesidad?,2.0,Un servicio de mensajería empresarial que permite enviar SMS masivos a los clientes,FALSO,TMK Fijo,Valores agregados de internet,Internet,,TMK fijo,PYME
8,Pregunta única respuesta. La empresa InnovaTextil S.A.S. quiere fortalecer su presencia en internet con una página web profesional y personalizada. No tiene personal técnico y busca una solución que le permita administrar su propio sitio sin pagar costos adicionales por soporte o mantenimiento. ¿Cuál valor agregado de Claro satisface esta necesidad?,3.0,Un software contable para registrar las ventas de la compañía.,FALSO,TMK Fijo,Valores agregados de internet,Internet,,TMK fijo,PYME
9,Pregunta única respuesta. La empresa Consultores del Caribe Ltda. quiere tener correos electrónicos con dominio corporativo para mejorar su imagen y profesionalismo frente a los clientes. ¿Cuál de los siguientes valores agregados de Claro le permitiría lograrlo?,1.0,"Cuentas de correo con dominio propio, administradas desde el panel de control de Claro.",VERDADERO,TMK Fijo,Valores agregados de internet,Internet,,TMK fijo,PYME
9,Pregunta única respuesta. La empresa Consultores del Caribe Ltda. quiere tener correos electrónicos con dominio corporativo para mejorar su imagen y profesionalismo frente a los clientes. ¿Cuál de los siguientes valores agregados de Claro le permitiría lograrlo?,2.0,Cuentas de correo gratuitas de uso personal sin personalización.,FALSO,TMK Fijo,Valores agregados de internet,Internet,,TMK fijo,PYME
9,Pregunta única respuesta. La empresa Consultores del Caribe Ltda. quiere tener correos electrónicos con dominio corporativo para mejorar su imagen y profesionalismo frente a los clientes. ¿Cuál de los siguientes valores agregados de Claro le permitiría lograrlo?,3.0,Un chat interno para mensajería instantánea entre empleados.,FALSO,TMK Fijo,Valores agregados de internet,Internet,,TMK fijo,PYME
10,"Pregunta única respuesta. Una pyme del sector financiero tiene varios equipos de cómputo y dispositivos móviles. El gerente busca un servicio de soporte que le permita asistencia técnica remota, mantenimiento y buenas prácticas de ofimática para su equipo. ¿Qué valor agregado de Claro responde a esta necesidad?",1.0,Un antivirus gratuito que se instala en los equipos de la empresa.,FALSO,TMK Fijo,Valores agregados de internet,Internet,,TMK fijo,PYME
10,"Pregunta única respuesta. Una pyme del sector financiero tiene varios equipos de cómputo y dispositivos móviles. El gerente busca un servicio de soporte que le permita asistencia técnica remota, mantenimiento y buenas prácticas de ofimática para su equipo. ¿Qué valor agregado de Claro responde a esta necesidad?",2.0,"T-Soluciona, que ofrece soporte telefónico ilimitado, asistencia remota y cobertura hasta para 10 dispositivos.",VERDADERO,TMK Fijo,Valores agregados de internet,Internet,,TMK fijo,PYME
10,"Pregunta única respuesta. Una pyme del sector financiero tiene varios equipos de cómputo y dispositivos móviles. El gerente busca un servicio de soporte que le permita asistencia técnica remota, mantenimiento y buenas prácticas de ofimática para su equipo. ¿Qué valor agregado de Claro responde a esta necesidad?",3.0,Un servicio de almacenamiento en la nube para guardar documentos.,FALSO,TMK Fijo,Valores agregados de internet,Internet,,TMK fijo,PYME
11,"Pregunta única respuesta. Durante una jornada laboral, una empresa sufre una falla eléctrica que afecta sus computadores y la iluminación principal. El administrador necesita atención técnica urgente. ¿Cuál de las siguientes afirmaciones describe correctamente la cobertura de Claro Te Soluciona?",1.0,Solo brinda soporte remoto sin atención presencial.,FALSO,TMK Fijo,Valores agregados de internet,Internet,,TMK fijo,PYME
11,"Pregunta única respuesta. Durante una jornada laboral, una empresa sufre una falla eléctrica que afecta sus computadores y la iluminación principal. El administrador necesita atención técnica urgente. ¿Cuál de las siguientes afirmaciones describe correctamente la cobertura de Claro Te Soluciona?",2.0,"Cubre la reposición de bombillos, lámparas y electrodomésticos dañados",FALSO,TMK Fijo,Valores agregados de internet,Internet,,TMK fijo,PYME
11,"Pregunta única respuesta. Durante una jornada laboral, una empresa sufre una falla eléctrica que afecta sus computadores y la iluminación principal. El administrador necesita atención técnica urgente. ¿Cuál de las siguientes afirmaciones describe correctamente la cobertura de Claro Te Soluciona?",3.0,Incluye asistencia de electricista para restaurar el fluido eléctrico del negocio.,VERDADERO,TMK Fijo,Valores agregados de internet,Internet,,TMK fijo,PYME
12,"Pregunta única respuesta. La empresa DataCenter S.A.S. acaba de adquirir nuevos computadores y requiere ayuda para instalar sistemas operativos, antivirus y configurar cuentas de correo. ¿Qué incluye el servicio Claro Te Soluciona en este tipo de requerimientos?",1.0,Capacitación en diseño gráfico y desarrollo de páginas web.,FALSO,TMK Fijo,Valores agregados de internet,Internet,,TMK fijo,PYME
12,"Pregunta única respuesta. La empresa DataCenter S.A.S. acaba de adquirir nuevos computadores y requiere ayuda para instalar sistemas operativos, antivirus y configurar cuentas de correo. ¿Qué incluye el servicio Claro Te Soluciona en este tipo de requerimientos?",2.0,Asesoría en instalación o configuración de sistemas operativos y software empresarial.,VERDADERO,TMK Fijo,Valores agregados de internet,Internet,,TMK fijo,PYME
12,"Pregunta única respuesta. La empresa DataCenter S.A.S. acaba de adquirir nuevos computadores y requiere ayuda para instalar sistemas operativos, antivirus y configurar cuentas de correo. ¿Qué incluye el servicio Claro Te Soluciona en este tipo de requerimientos?",3.0,Solo soporte en hardware y reemplazo de piezas dañadas.,FALSO,TMK Fijo,Valores agregados de internet,Internet,,TMK fijo,PYME
13,Pregunta única respuesta. Capacitación en diseño gráfico y desarrollo de páginas web.¿Qué ofrece Claro Te Soluciona en este caso?,1.0,"Servicio de vidriería, que cubre desmonte, instalación y mano de obra (sin incluir materiales).",VERDADERO,TMK Fijo,Valores agregados de internet,Internet,,TMK fijo,PYME
13,Pregunta única respuesta. Capacitación en diseño gráfico y desarrollo de páginas web.¿Qué ofrece Claro Te Soluciona en este caso?,2.0,Reparación únicamente de espejos interiores del negocio,FALSO,TMK Fijo,Valores agregados de internet,Internet,,TMK fijo,PYME
13,Pregunta única respuesta. Capacitación en diseño gráfico y desarrollo de páginas web.¿Qué ofrece Claro Te Soluciona en este caso?,3.0,Sustitución total de los ventanales con materiales nuevos sin costo adiciona,FALSO,TMK Fijo,Valores agregados de internet,Internet,,TMK fijo,PYME
14,Pregunta única respuesta. La gerente de una tienda perdió las llaves de la puerta principal y no puede abrir el negocio. Necesita asistencia inmediata. ¿Cómo puede Claro Te Soluciona ayudar en este caso?,1.0,Ofrece únicamente asistencia remota vía telefónica.,FALSO,TMK Fijo,Valores agregados de internet,Internet,,TMK fijo,PYME
14,Pregunta única respuesta. La gerente de una tienda perdió las llaves de la puerta principal y no puede abrir el negocio. Necesita asistencia inmediata. ¿Cómo puede Claro Te Soluciona ayudar en este caso?,2.0,Cubre la reposición de las puertas internas y sus guardas,FALSO,TMK Fijo,Valores agregados de internet,Internet,,TMK fijo,PYME
14,Pregunta única respuesta. La gerente de una tienda perdió las llaves de la puerta principal y no puede abrir el negocio. Necesita asistencia inmediata. ¿Cómo puede Claro Te Soluciona ayudar en este caso?,3.0,Envía un cerrajero que realiza la apertura de la puerta principal del negocio.,VERDADERO,TMK Fijo,Valores agregados de internet,Internet,,TMK fijo,PYME
15,"Pregunta única respuesta. Estás en visita con “Tuercas y Tornillos”, una empresa que ha sido víctima de phishing en correos falsos. ¿Qué funcionalidad de Norton PYMEs deberías destacar?",1.0,Compra de antivirus gratuito en internet,FALSO,TMK Fijo,Norton,Seguridad,,TMK fijo,PYME
15,"Pregunta única respuesta. Estás en visita con “Tuercas y Tornillos”, una empresa que ha sido víctima de phishing en correos falsos. ¿Qué funcionalidad de Norton PYMEs deberías destacar?",2.0,Instalación de cámaras de seguridad,FALSO,TMK Fijo,Norton,Seguridad,,TMK fijo,PYME
15,"Pregunta única respuesta. Estás en visita con “Tuercas y Tornillos”, una empresa que ha sido víctima de phishing en correos falsos. ¿Qué funcionalidad de Norton PYMEs deberías destacar?",3.0,Anti-phishing para proteger contra fraudes web,VERDADERO,TMK Fijo,Norton,Seguridad,,TMK fijo,PYME
16,Pregunta única respuesta. “Soluciones Eléctricas del Norte” quiere proteger sus contraseñas y documentos confidenciales. ¿Qué funcionalidad de Norton PYMEs es más relevante?,1.0,Bloqueo de llamadas desconocidas,FALSO,TMK Fijo,Norton,Seguridad,,TMK fijo,PYME
16,Pregunta única respuesta. “Soluciones Eléctricas del Norte” quiere proteger sus contraseñas y documentos confidenciales. ¿Qué funcionalidad de Norton PYMEs es más relevante?,2.0,Password Manager y Baúl digital,VERDADERO,TMK Fijo,Norton,Seguridad,,TMK fijo,PYME
16,Pregunta única respuesta. “Soluciones Eléctricas del Norte” quiere proteger sus contraseñas y documentos confidenciales. ¿Qué funcionalidad de Norton PYMEs es más relevante?,3.0,Instalación de archivadores físicos,FALSO,TMK Fijo,Norton,Seguridad,,TMK fijo,PYME
17,Pregunta única respuesta. Un cliente te pregunta si Norton PYMEs solo protege computadores. ¿Cuál es la respuesta correcta?,1.0,Protege también celulares y tablets,VERDADERO,TMK Fijo,Norton,Seguridad,,TMK fijo,PYME
17,Pregunta única respuesta. Un cliente te pregunta si Norton PYMEs solo protege computadores. ¿Cuál es la respuesta correcta?,2.0,Solo funciona en impresoras,FALSO,TMK Fijo,Norton,Seguridad,,TMK fijo,PYME
17,Pregunta única respuesta. Un cliente te pregunta si Norton PYMEs solo protege computadores. ¿Cuál es la respuesta correcta?,3.0,Solo protege redes sociales,FALSO,TMK Fijo,Norton,Seguridad,,TMK fijo,PYME
18,Pregunta única respuesta. Un cliente te pregunta cómo recibe la licencia de Norton después de la compra. ¿Qué debes responder?,1.0,Se entrega en una USB física,FALSO,TMK Fijo,Norton,Seguridad,,TMK fijo,PYME
18,Pregunta única respuesta. Un cliente te pregunta cómo recibe la licencia de Norton después de la compra. ¿Qué debes responder?,2.0,Se imprime y se envía por mensajería,FALSO,TMK Fijo,Norton,Seguridad,,TMK fijo,PYME
18,Pregunta única respuesta. Un cliente te pregunta cómo recibe la licencia de Norton después de la compra. ¿Qué debes responder?,3.0,Se envía al correo electrónico registrado,VERDADERO,TMK Fijo,Norton,Seguridad,,TMK fijo,PYME
19,Pregunta única respuesta. ¿Qué se incluye en el correo que recibe el cliente junto con la licencia de Norton?,1.0,Manual y videos de instalación,VERDADERO,TMK Fijo,Norton,Seguridad,,TMK fijo,PYME
19,Pregunta única respuesta. ¿Qué se incluye en el correo que recibe el cliente junto con la licencia de Norton?,2.0,Factura de compra de escritorio,FALSO,TMK Fijo,Norton,Seguridad,,TMK fijo,PYME
19,Pregunta única respuesta. ¿Qué se incluye en el correo que recibe el cliente junto con la licencia de Norton?,3.0,Publicidad de otros productos,FALSO,TMK Fijo,Norton,Seguridad,,TMK fijo,PYME
20,Pregunta única respuesta. ¿Qué funicón de seguridad respecto a navegación ofrece Norton PYMEs para proteger a los usuarios?,1.0,Navegación en modo incógnito,FALSO,TMK Fijo,Norton,Seguridad,,TMK fijo,PYME
20,Pregunta única respuesta. ¿Qué funicón de seguridad respecto a navegación ofrece Norton PYMEs para proteger a los usuarios?,2.0,Navegación web segura,VERDADERO,TMK Fijo,Norton,Seguridad,,TMK fijo,PYME
20,Pregunta única respuesta. ¿Qué funicón de seguridad respecto a navegación ofrece Norton PYMEs para proteger a los usuarios?,3.0,Navegación por redes sociales,FALSO,TMK Fijo,Norton,Seguridad,,TMK fijo,PYME
21,Pregunta única respuesta. “Papelería Moderna” quiere evitar pérdidas financieras por fuga de información. ¿Qué beneficio de Norton PYMEs deberías mencionar?,1.0,Control de gastos en papelería,FALSO,TMK Fijo,Norton,Seguridad,,TMK fijo,PYME
21,Pregunta única respuesta. “Papelería Moderna” quiere evitar pérdidas financieras por fuga de información. ¿Qué beneficio de Norton PYMEs deberías mencionar?,2.0,Prevención de pérdidas por protección de datos,VERDADERO,TMK Fijo,Norton,Seguridad,,TMK fijo,PYME
21,Pregunta única respuesta. “Papelería Moderna” quiere evitar pérdidas financieras por fuga de información. ¿Qué beneficio de Norton PYMEs deberías mencionar?,3.0,Instalación de cámaras de vigilancia,FALSO,TMK Fijo,Norton,Seguridad,,TMK fijo,PYME
1,"Pregunta de única respuesta. La empresa TecnoRed S.A.S. desea migrar su correo tradicional a la nube, con buzones de 50 GB y herramientas básicas de productividad. No tiene más de 200 empleados. ¿Qué plan sería el más adecuado para iniciar?",1.0,Exchange Plan 1,FALSO,Agentes,Microsoft 365,Cloud Saas,,Agentes,PYME
1,"Pregunta de única respuesta. La empresa TecnoRed S.A.S. desea migrar su correo tradicional a la nube, con buzones de 50 GB y herramientas básicas de productividad. No tiene más de 200 empleados. ¿Qué plan sería el más adecuado para iniciar?",2.0,Microsoft 365 Business Basic,VERDADERO,Agentes,Microsoft 365,Cloud Saas,,Agentes,PYME
1,"Pregunta de única respuesta. La empresa TecnoRed S.A.S. desea migrar su correo tradicional a la nube, con buzones de 50 GB y herramientas básicas de productividad. No tiene más de 200 empleados. ¿Qué plan sería el más adecuado para iniciar?",3.0,Microsoft 365 E1,FALSO,Agentes,Microsoft 365,Cloud Saas,,Agentes,PYME
2,"Pregunta de única respuesta. Soluciones Verdes S.A. tiene 280 empleados y necesita correo, Teams y aplicaciones de escritorio. No planea superar los 300 usuarios este año. ¿Qué licenciamiento debería adquirir?",1.0,Microsoft 365 Business Standard,VERDADERO,Agentes,Microsoft 365,Cloud Saas,,Agentes,PYME
2,"Pregunta de única respuesta. Soluciones Verdes S.A. tiene 280 empleados y necesita correo, Teams y aplicaciones de escritorio. No planea superar los 300 usuarios este año.
¿Qué licenciamiento debería adquirir?
¿Qué licenciamiento debería adquirir?",2.0,Microsoft 365 Enterprise E5,FALSO,Agentes,Microsoft 365,Cloud Saas,,Agentes,PYME
2,"Pregunta de única respuesta. Soluciones Verdes S.A. tiene 280 empleados y necesita correo, Teams y aplicaciones de escritorio. No planea superar los 300 usuarios este año.
¿Qué licenciamiento debería adquirir?
¿Qué licenciamiento debería adquirir?",3.0,Microsoft 365 Business Premium,FALSO,Agentes,Microsoft 365,Cloud Saas,,Agentes,PYME
3,"Pregunta de única respuesta. GlobalTech Corp. requiere un plan sin límite de usuarios, con seguridad avanzada y herramientas completas en la nube y escritorio.
¿Qué opción le conviene más?
¿Qué opción le conviene más?",1.0,Microsoft 365 Apps for Business,FALSO,Agentes,Microsoft 365,Cloud Saas,,Agentes,PYME
3,"Pregunta de única respuesta. GlobalTech Corp. requiere un plan sin límite de usuarios, con seguridad avanzada y herramientas completas en la nube y escritorio.
¿Qué opción le conviene más?
¿Qué opción le conviene más?",2.0,Microsoft 365 Business Premium,FALSO,Agentes,Microsoft 365,Cloud Saas,,Agentes,PYME
3,"Pregunta de única respuesta. GlobalTech Corp. requiere un plan sin límite de usuarios, con seguridad avanzada y herramientas completas en la nube y escritorio.
¿Qué opción le conviene más?
¿Qué opción le conviene más?",3.0,Microsoft 365 Enterprise E5,VERDADERO,Agentes,Microsoft 365,Cloud Saas,,Agentes,PYME
4,"Preunta de única respuesta. TechService Ltda. necesita un plan solo para correo electrónico seguro y profesional, sin aplicaciones de Office.
¿Cuál debería elegir?
¿Cuál debería elegir?",1.0,Exchange Plan 1,VERDADERO,Agentes,Microsoft 365,Cloud Saas,,Agentes,PYME
4,"Preunta de única respuesta. TechService Ltda. necesita un plan solo para correo electrónico seguro y profesional, sin aplicaciones de Office.
¿Cuál debería elegir?
¿Cuál debería elegir?",2.0,Microsoft 365 Business Premium,FALSO,Agentes,Microsoft 365,Cloud Saas,,Agentes,PYME
4,"Preunta de única respuesta. TechService Ltda. necesita un plan solo para correo electrónico seguro y profesional, sin aplicaciones de Office.
¿Cuál debería elegir?
¿Cuál debería elegir?",3.0,Office 365 E3,FALSO,Agentes,Microsoft 365,Cloud Saas,,Agentes,PYME
5,"Preunta de única respuesta. DataSecure S.A. busca licencias que incluyan inteligencia artificial, seguridad y administración de identidad.
¿Cuál plan se ajusta mejor?
¿Cuál plan se ajusta mejor?",1.0,Office 365 F3,FALSO,Agentes,Microsoft 365,Cloud Saas,,Agentes,PYME
5,"Preunta de única respuesta. DataSecure S.A. busca licencias que incluyan inteligencia artificial, seguridad y administración de identidad.
¿Cuál plan se ajusta mejor?
¿Cuál plan se ajusta mejor?",2.0,Microsoft 365 E5,VERDADERO,Agentes,Microsoft 365,Cloud Saas,,Agentes,PYME
5,"Preunta de única respuesta. DataSecure S.A. busca licencias que incluyan inteligencia artificial, seguridad y administración de identidad.
¿Cuál plan se ajusta mejor?
¿Cuál plan se ajusta mejor?",3.0,Microsoft 365 Business Standard,FALSO,Agentes,Microsoft 365,Cloud Saas,,Agentes,PYME
6,"Pregunta de única respuesta. La empresa Innovasoft Ltda. tiene 150 empleados y necesita correo, aplicaciones de escritorio, servicios en la nube y seguridad avanzada para proteger sus datos. ¿Qué plan de Microsoft 365 sería el más adecuado?",1.0,Microsoft 365 Business Premium,VERDADERO,Agentes,Microsoft 365,Cloud Saas,,Agentes,PYME
6,"Pregunta de única respuesta. La empresa Innovasoft Ltda. tiene 150 empleados y necesita correo, aplicaciones de escritorio, servicios en la nube y seguridad avanzada para proteger sus datos. ¿Qué plan de Microsoft 365 sería el más adecuado?",2.0,Microsoft 365 Business Basic,FALSO,Agentes,Microsoft 365,Cloud Saas,,Agentes,PYME
6,"Pregunta de única respuesta. La empresa Innovasoft Ltda. tiene 150 empleados y necesita correo, aplicaciones de escritorio, servicios en la nube y seguridad avanzada para proteger sus datos. ¿Qué plan de Microsoft 365 sería el más adecuado?",3.0,Office 365 E1,FALSO,Agentes,Microsoft 365,Cloud Saas,,Agentes,PYME
7,"Pregunta de única respuesta. El gerente de TI de RedCom Global evalúa adquirir licencias Office 365 E3 o E5, pero quiere saber cuál ofrece mayor nivel de seguridad.
¿Cuál es la diferencia principal entre E3 y E5?
¿Cuál es la diferencia principal entre E3 y E5?",1.0,El plan E3 no incluye correo electrónico ni OneDrive.,FALSO,Agentes,Microsoft 365,Cloud Saas,,Agentes,PYME
7,"Pregunta de única respuesta. El gerente de TI de RedCom Global evalúa adquirir licencias Office 365 E3 o E5, pero quiere saber cuál ofrece mayor nivel de seguridad.
¿Cuál es la diferencia principal entre E3 y E5?
¿Cuál es la diferencia principal entre E3 y E5?",2.0,El plan E5 ofrece características de seguridad avanzada y análisis de datos mejorados.,VERDADERO,Agentes,Microsoft 365,Cloud Saas,,Agentes,PYME
7,"Pregunta de única respuesta. El gerente de TI de RedCom Global evalúa adquirir licencias Office 365 E3 o E5, pero quiere saber cuál ofrece mayor nivel de seguridad.
¿Cuál es la diferencia principal entre E3 y E5?
¿Cuál es la diferencia principal entre E3 y E5?",3.0,El plan E3 permite más usuarios que el E5,FALSO,Agentes,Microsoft 365,Cloud Saas,,Agentes,PYME
8,"Pregunta de única respuesta. ""TecnoSoluciones"", una PYME de 15 empleados que brinda servicios de TI, quiere proteger los celulares corporativos de su equipo de ventas que constantemente reciben enlaces sospechosos por WhatsApp y SMS. ¿Qué solución específica del producto aborda este problema?",1.0,Control parental para dispositivos,FALSO,Agentes,Super Protect,Seguridad,,Agentes,PYME
8,"Pregunta de única respuesta. ""TecnoSoluciones"", una PYME de 15 empleados que brinda servicios de TI, quiere proteger los celulares corporativos de su equipo de ventas que constantemente reciben enlaces sospechosos por WhatsApp y SMS. ¿Qué solución específica del producto aborda este problema?",2.0,Protección anti-smishing en mensajes de texto,VERDADERO,Agentes,Super Protect,Seguridad,,Agentes,PYME
8,"Pregunta de única respuesta. ""TecnoSoluciones"", una PYME de 15 empleados que brinda servicios de TI, quiere proteger los celulares corporativos de su equipo de ventas que constantemente reciben enlaces sospechosos por WhatsApp y SMS. ¿Qué solución específica del producto aborda este problema?",3.0,Bloqueo de llamadas internacionales,FALSO,Agentes,Super Protect,Seguridad,,Agentes,PYME
9,"Pregunta de única respuesta. ""Consultoría Legal & Asociados"" es muy estricta con la privacidad de datos de sus abogados. Al considerar Lookout, ¿qué garantía de privacidad encuentran en el material?",1.0,Lookout retiene datos de ubicación para análisis,FALSO,Agentes,Super Protect,Seguridad,,Agentes,PYME
9,"Pregunta de única respuesta. ""Consultoría Legal & Asociados"" es muy estricta con la privacidad de datos de sus abogados. Al considerar Lookout, ¿qué garantía de privacidad encuentran en el material?",2.0,Lookout no retiene ni pasa datos personales al administrador,VERDADERO,Agentes,Super Protect,Seguridad,,Agentes,PYME
9,"Pregunta de única respuesta. ""Consultoría Legal & Asociados"" es muy estricta con la privacidad de datos de sus abogados. Al considerar Lookout, ¿qué garantía de privacidad encuentran en el material?",3.0,Lookout comparte datos con terceros para mejora del servicio,FALSO,Agentes,Super Protect,Seguridad,,Agentes,PYME
10,"Pregunta de única respuesta. ""Clínica Santa María"" implementó Lookout y un médico reporta que su dispositivo muestra una alerta de ""jailbreak detectado"". ¿Qué acción toma Lookout en estos casos?",1.0,Bloquea permanentemente el acceso a datos corporativos,FALSO,Agentes,Super Protect,Seguridad,,Agentes,PYME
10,"Pregunta de única respuesta. ""Clínica Santa María"" implementó Lookout y un médico reporta que su dispositivo muestra una alerta de ""jailbreak detectado"". ¿Qué acción toma Lookout en estos casos?",2.0,Elimina automáticamente todas las aplicaciones del dispositivo,FALSO,Agentes,Super Protect,Seguridad,,Agentes,PYME
10,"Pregunta de única respuesta. ""Clínica Santa María"" implementó Lookout y un médico reporta que su dispositivo muestra una alerta de ""jailbreak detectado"". ¿Qué acción toma Lookout en estos casos?",3.0,Muestra una alerta al usuario con recomendaciones para reducir riesgos,VERDADERO,Agentes,Super Protect,Seguridad,,Agentes,PYME
11,"Pregunta de única respuesta. ""Food Delivery Express"" tiene flotilla de 12 moteros. Tras implementar Lookout, un repartidor intenta acceder a un enlace de phishing para robo de credenciales. ¿Qué hace el sistema?",1.0,Detecta y bloquea la navegación al sitio de phishing automáticamente,VERDADERO,Agentes,Super Protect,Seguridad,,Agentes,PYME
11,"Pregunta de única respuesta. ""Food Delivery Express"" tiene flotilla de 12 moteros. Tras implementar Lookout, un repartidor intenta acceder a un enlace de phishing para robo de credenciales. ¿Qué hace el sistema?",2.0,Permite el acceso pero registra el evento,FALSO,Agentes,Super Protect,Seguridad,,Agentes,PYME
11,"Pregunta de única respuesta. ""Food Delivery Express"" tiene flotilla de 12 moteros. Tras implementar Lookout, un repartidor intenta acceder a un enlace de phishing para robo de credenciales. ¿Qué hace el sistema?",3.0,Envía una notificación al administrador después de 24 horas,FALSO,Agentes,Super Protect,Seguridad,,Agentes,PYME
12,"Pregunta de única respuesta. ""Inversiones Financieras Globales"" está particularmente preocupada por el phishing dirigido a dispositivos móviles. ¿Qué dato del material respalda la necesidad urgente de implementar Lookout?",1.0,El 60% de los sitios de phishing están en la dark web,FALSO,Agentes,Super Protect,Seguridad,,Agentes,PYME
12,"Pregunta de única respuesta. ""Inversiones Financieras Globales"" está particularmente preocupada por el phishing dirigido a dispositivos móviles. ¿Qué dato del material respalda la necesidad urgente de implementar Lookout?",2.0,El 80% de los sitios de phishing están diseñados para móvil y 85% de ataques ocurren fuera del correo,VERDADERO,Agentes,Super Protect,Seguridad,,Agentes,PYME
12,"Pregunta de única respuesta. ""Inversiones Financieras Globales"" está particularmente preocupada por el phishing dirigido a dispositivos móviles. ¿Qué dato del material respalda la necesidad urgente de implementar Lookout?",3.0,El 70% de los empleados comparten contraseñas corporativas,FALSO,Agentes,Super Protect,Seguridad,,Agentes,PYME
13,"Pregunta de única respuesta. ""Consultoría Empresarial HC"" tiene un empleado que viaja frecuentemente y necesita acceso seguro desde diferentes ubicaciones. ¿Qué característica de Lookout permite esta conectividad segura?",1.0,Protege sin importar donde se encuentre el usuario,VERDADERO,Agentes,Super Protect,Seguridad,,Agentes,PYME
13,"Pregunta de única respuesta. ""Consultoría Empresarial HC"" tiene un empleado que viaja frecuentemente y necesita acceso seguro desde diferentes ubicaciones. ¿Qué característica de Lookout permite esta conectividad segura?",2.0,Requiere conexión WiFi permanente para funcionar,FALSO,Agentes,Super Protect,Seguridad,,Agentes,PYME
13,"Pregunta de única respuesta. ""Consultoría Empresarial HC"" tiene un empleado que viaja frecuentemente y necesita acceso seguro desde diferentes ubicaciones. ¿Qué característica de Lookout permite esta conectividad segura?",3.0,Solo funciona en horario laboral,FALSO,Agentes,Super Protect,Seguridad,,Agentes,PYME
14,"Pregunta de única respuesta. ""Servicios Integrales CA"" contrató 8 líneas con Lookout. A los 3 meses, un dispositivo es reportado como robado. ¿Qué canal de atención específico debe contactar el administrador para reportar el incidente?",1.0,Línea 123 de emergencias,FALSO,Agentes,Super Protect,Seguridad,,Agentes,PYME
14,"Pregunta de única respuesta. ""Servicios Integrales CA"" contrató 8 líneas con Lookout. A los 3 meses, un dispositivo es reportado como robado. ¿Qué canal de atención específico debe contactar el administrador para reportar el incidente?",2.0,Soporte técnico del fabricante del dispositivo,FALSO,Agentes,Super Protect,Seguridad,,Agentes,PYME
14,"Pregunta de única respuesta. ""Servicios Integrales CA"" contrató 8 líneas con Lookout. A los 3 meses, un dispositivo es reportado como robado. ¿Qué canal de atención específico debe contactar el administrador para reportar el incidente?",3.0,Mesa de soporte *722 de Claro Empresas,VERDADERO,Agentes,Super Protect,Seguridad,,Agentes,PYME
15,"Pregunta de única respuesta. ""Logística Integral SA"" necesita conectar 1,800 dispositivos de rastreo vehicular. ¿Qué bolsa de gigas IoT deberían contratar según la tabla de capacidad?",1.0,10 GB,FALSO,Agentes,Bolsa de Gigas,Movil,,Agentes,PYME
15,"Pregunta de única respuesta. ""Logística Integral SA"" necesita conectar 1,800 dispositivos de rastreo vehicular. ¿Qué bolsa de gigas IoT deberían contratar según la tabla de capacidad?",2.0,15 GB,FALSO,Agentes,Bolsa de Gigas,Movil,,Agentes,PYME
15,"Pregunta de única respuesta. ""Logística Integral SA"" necesita conectar 1,800 dispositivos de rastreo vehicular. ¿Qué bolsa de gigas IoT deberían contratar según la tabla de capacidad?",3.0,20 GB,VERDADERO,Agentes,Bolsa de Gigas,Movil,,Agentes,PYME
16,"Pregunta de única respuesta. Una empresa de telemetría con 4,500 sensores distribuidos quiere centralizar el consumo de datos bajo una sola bolsa. ¿Es posible con esta oferta?",1.0,"No, el máximo son 2,000 líneas",FALSO,Agentes,Bolsa de Gigas,Movil,,Agentes,PYME
16,"Pregunta de única respuesta. Una empresa de telemetría con 4,500 sensores distribuidos quiere centralizar el consumo de datos bajo una sola bolsa. ¿Es posible con esta oferta?",2.0,"Sí, con la bolsa de 50 GB que soporta hasta 5,000 líneas",VERDADERO,Agentes,Bolsa de Gigas,Movil,,Agentes,PYME
16,"Pregunta de única respuesta. Una empresa de telemetría con 4,500 sensores distribuidos quiere centralizar el consumo de datos bajo una sola bolsa. ¿Es posible con esta oferta?",3.0,No aplica para servicios M2M,FALSO,Agentes,Bolsa de Gigas,Movil,,Agentes,PYME
17,Pregunta de única respuesta. Una retail chain con 8 sucursales quiere monitorear sus neveras inteligentes. Cada tienda consume entre 15-35 MB mensuales. ¿Para qué tipo de clientes está diseñada esta solución?,1.0,Solo para entidades gubernamentales,FALSO,Agentes,Bolsa de Gigas,Movil,,Agentes,PYME
17,Pregunta de única respuesta. Una retail chain con 8 sucursales quiere monitorear sus neveras inteligentes. Cada tienda consume entre 15-35 MB mensuales. ¿Para qué tipo de clientes está diseñada esta solución?,2.0,Para personas naturales con múltiples dispositivos,FALSO,Agentes,Bolsa de Gigas,Movil,,Agentes,PYME
17,Pregunta de única respuesta. Una retail chain con 8 sucursales quiere monitorear sus neveras inteligentes. Cada tienda consume entre 15-35 MB mensuales. ¿Para qué tipo de clientes está diseñada esta solución?,3.0,Clientes con consumos de datos variables en sus líneas,VERDADERO,Agentes,Bolsa de Gigas,Movil,,Agentes,PYME
18,"Pregunta de única respuesta. ""Telemetría Avanzada"" actualmente tiene 600 líneas con otro operador y quiere migrar a Claro. ¿Qué ventaja destacaría según el material?",1.0,Las líneas incluyen roaming internacional ilimitado,FALSO,Agentes,Bolsa de Gigas,Movil,,Agentes,PYME
18,"Pregunta de única respuesta. ""Telemetría Avanzada"" actualmente tiene 600 líneas con otro operador y quiere migrar a Claro. ¿Qué ventaja destacaría según el material?",2.0,No requiere firma de contrato,FALSO,Agentes,Bolsa de Gigas,Movil,,Agentes,PYME
18,"Pregunta de única respuesta. ""Telemetría Avanzada"" actualmente tiene 600 líneas con otro operador y quiere migrar a Claro. ¿Qué ventaja destacaría según el material?",3.0,Podrá tener todas sus líneas con Claro en un solo CFM,VERDADERO,Agentes,Bolsa de Gigas,Movil,,Agentes,PYME
19,"Pregunta de única respuesta. Según las condiciones y restricciones, ¿qué tipo de cliente puede acceder a la bolsa de gigas IoT?",1.0,Personas naturales tipo cédula,FALSO,Agentes,Bolsa de Gigas,Movil,,Agentes,PYME
19,"Pregunta de única respuesta. Según las condiciones y restricciones, ¿qué tipo de cliente puede acceder a la bolsa de gigas IoT?",2.0,Persona jurídica tipo NIT catalogados como cliente B2B,VERDADERO,Agentes,Bolsa de Gigas,Movil,,Agentes,PYME
19,"Pregunta de única respuesta. Según las condiciones y restricciones, ¿qué tipo de cliente puede acceder a la bolsa de gigas IoT?",3.0,Solo entidades educativas,FALSO,Agentes,Bolsa de Gigas,Movil,,Agentes,PYME
20,Pregunta de única respuesta. Una empresa de seguridad vehicular necesita que sus dispositivos se conecten a APNs privados. ¿La bolsa de gigas IoT permite este uso?,1.0,"No, solo funciona con APN público de Claro",FALSO,Agentes,Bolsa de Gigas,Movil,,Agentes,PYME
20,Pregunta de única respuesta. Una empresa de seguridad vehicular necesita que sus dispositivos se conecten a APNs privados. ¿La bolsa de gigas IoT permite este uso?,2.0,"Sí, aplica para ser utilizado con APNs privados",VERDADERO,Agentes,Bolsa de Gigas,Movil,,Agentes,PYME
20,Pregunta de única respuesta. Una empresa de seguridad vehicular necesita que sus dispositivos se conecten a APNs privados. ¿La bolsa de gigas IoT permite este uso?,3.0,Solo para aplicaciones de mensajería,FALSO,Agentes,Bolsa de Gigas,Movil,,Agentes,PYME
1,"Pregunta de única respuesta. La empresa TecnoRed S.A.S. desea migrar su correo tradicional a la nube, con buzones de 50 GB y herramientas básicas de productividad. No tiene más de 200 empleados. ¿Qué plan sería el más adecuado para iniciar?",1.0,Exchange Plan 1,FALSO,Especialistas,Microsoft 365,Cloud Saas,,Especialistas,PYME
1,"Pregunta de única respuesta. La empresa TecnoRed S.A.S. desea migrar su correo tradicional a la nube, con buzones de 50 GB y herramientas básicas de productividad. No tiene más de 200 empleados. ¿Qué plan sería el más adecuado para iniciar?",2.0,Microsoft 365 Business Basic,VERDADERO,Especialistas,Microsoft 365,Cloud Saas,,Especialistas,PYME
1,"Pregunta de única respuesta. La empresa TecnoRed S.A.S. desea migrar su correo tradicional a la nube, con buzones de 50 GB y herramientas básicas de productividad. No tiene más de 200 empleados. ¿Qué plan sería el más adecuado para iniciar?",3.0,Microsoft 365 E1,FALSO,Especialistas,Microsoft 365,Cloud Saas,,Especialistas,PYME
2,"Pregunta de única respuesta. Soluciones Verdes S.A. tiene 280 empleados y necesita correo, Teams y aplicaciones de escritorio. No planea superar los 300 usuarios este año. ¿Qué licenciamiento debería adquirir?",1.0,Microsoft 365 Business Standard,VERDADERO,Especialistas,Microsoft 365,Cloud Saas,,Especialistas,PYME
2,"Pregunta de única respuesta. Soluciones Verdes S.A. tiene 280 empleados y necesita correo, Teams y aplicaciones de escritorio. No planea superar los 300 usuarios este año.
¿Qué licenciamiento debería adquirir?
¿Qué licenciamiento debería adquirir?",2.0,Microsoft 365 Enterprise E5,FALSO,Especialistas,Microsoft 365,Cloud Saas,,Especialistas,PYME
2,"Pregunta de única respuesta. Soluciones Verdes S.A. tiene 280 empleados y necesita correo, Teams y aplicaciones de escritorio. No planea superar los 300 usuarios este año.
¿Qué licenciamiento debería adquirir?
¿Qué licenciamiento debería adquirir?",3.0,Microsoft 365 Business Premium,FALSO,Especialistas,Microsoft 365,Cloud Saas,,Especialistas,PYME
3,"Pregunta de única respuesta. GlobalTech Corp. requiere un plan sin límite de usuarios, con seguridad avanzada y herramientas completas en la nube y escritorio.
¿Qué opción le conviene más?
¿Qué opción le conviene más?",1.0,Microsoft 365 Apps for Business,FALSO,Especialistas,Microsoft 365,Cloud Saas,,Especialistas,PYME
3,"Pregunta de única respuesta. GlobalTech Corp. requiere un plan sin límite de usuarios, con seguridad avanzada y herramientas completas en la nube y escritorio.
¿Qué opción le conviene más?
¿Qué opción le conviene más?",2.0,Microsoft 365 Business Premium,FALSO,Especialistas,Microsoft 365,Cloud Saas,,Especialistas,PYME
3,"Pregunta de única respuesta. GlobalTech Corp. requiere un plan sin límite de usuarios, con seguridad avanzada y herramientas completas en la nube y escritorio.
¿Qué opción le conviene más?
¿Qué opción le conviene más?",3.0,Microsoft 365 Enterprise E5,VERDADERO,Especialistas,Microsoft 365,Cloud Saas,,Especialistas,PYME
4,"Preunta de única respuesta. TechService Ltda. necesita un plan solo para correo electrónico seguro y profesional, sin aplicaciones de Office.
¿Cuál debería elegir?
¿Cuál debería elegir?",1.0,Exchange Plan 1,VERDADERO,Especialistas,Microsoft 365,Cloud Saas,,Especialistas,PYME
4,"Preunta de única respuesta. TechService Ltda. necesita un plan solo para correo electrónico seguro y profesional, sin aplicaciones de Office.
¿Cuál debería elegir?
¿Cuál debería elegir?",2.0,Microsoft 365 Business Premium,FALSO,Especialistas,Microsoft 365,Cloud Saas,,Especialistas,PYME
4,"Preunta de única respuesta. TechService Ltda. necesita un plan solo para correo electrónico seguro y profesional, sin aplicaciones de Office.
¿Cuál debería elegir?
¿Cuál debería elegir?",3.0,Office 365 E3,FALSO,Especialistas,Microsoft 365,Cloud Saas,,Especialistas,PYME
5,"Preunta de única respuesta. DataSecure S.A. busca licencias que incluyan inteligencia artificial, seguridad y administración de identidad.
¿Cuál plan se ajusta mejor?
¿Cuál plan se ajusta mejor?",1.0,Office 365 F3,FALSO,Especialistas,Microsoft 365,Cloud Saas,,Especialistas,PYME
5,"Preunta de única respuesta. DataSecure S.A. busca licencias que incluyan inteligencia artificial, seguridad y administración de identidad.
¿Cuál plan se ajusta mejor?
¿Cuál plan se ajusta mejor?",2.0,Microsoft 365 E5,VERDADERO,Especialistas,Microsoft 365,Cloud Saas,,Especialistas,PYME
5,"Preunta de única respuesta. DataSecure S.A. busca licencias que incluyan inteligencia artificial, seguridad y administración de identidad.
¿Cuál plan se ajusta mejor?
¿Cuál plan se ajusta mejor?",3.0,Microsoft 365 Business Standard,FALSO,Especialistas,Microsoft 365,Cloud Saas,,Especialistas,PYME
6,"Pregunta de única respuesta. La empresa Innovasoft Ltda. tiene 150 empleados y necesita correo, aplicaciones de escritorio, servicios en la nube y seguridad avanzada para proteger sus datos. ¿Qué plan de Microsoft 365 sería el más adecuado?",1.0,Microsoft 365 Business Premium,VERDADERO,Especialistas,Microsoft 365,Cloud Saas,,Especialistas,PYME
6,"Pregunta de única respuesta. La empresa Innovasoft Ltda. tiene 150 empleados y necesita correo, aplicaciones de escritorio, servicios en la nube y seguridad avanzada para proteger sus datos. ¿Qué plan de Microsoft 365 sería el más adecuado?",2.0,Microsoft 365 Business Basic,FALSO,Especialistas,Microsoft 365,Cloud Saas,,Especialistas,PYME
6,"Pregunta de única respuesta. La empresa Innovasoft Ltda. tiene 150 empleados y necesita correo, aplicaciones de escritorio, servicios en la nube y seguridad avanzada para proteger sus datos. ¿Qué plan de Microsoft 365 sería el más adecuado?",3.0,Office 365 E1,FALSO,Especialistas,Microsoft 365,Cloud Saas,,Especialistas,PYME
7,"Pregunta de única respuesta. El gerente de TI de RedCom Global evalúa adquirir licencias Office 365 E3 o E5, pero quiere saber cuál ofrece mayor nivel de seguridad.
¿Cuál es la diferencia principal entre E3 y E5?
¿Cuál es la diferencia principal entre E3 y E5?",1.0,El plan E3 no incluye correo electrónico ni OneDrive.,FALSO,Especialistas,Microsoft 365,Cloud Saas,,Especialistas,PYME
7,"Pregunta de única respuesta. El gerente de TI de RedCom Global evalúa adquirir licencias Office 365 E3 o E5, pero quiere saber cuál ofrece mayor nivel de seguridad.
¿Cuál es la diferencia principal entre E3 y E5?
¿Cuál es la diferencia principal entre E3 y E5?",2.0,El plan E5 ofrece características de seguridad avanzada y análisis de datos mejorados.,VERDADERO,Especialistas,Microsoft 365,Cloud Saas,,Especialistas,PYME
7,"Pregunta de única respuesta. El gerente de TI de RedCom Global evalúa adquirir licencias Office 365 E3 o E5, pero quiere saber cuál ofrece mayor nivel de seguridad.
¿Cuál es la diferencia principal entre E3 y E5?
¿Cuál es la diferencia principal entre E3 y E5?",3.0,El plan E3 permite más usuarios que el E5,FALSO,Especialistas,Microsoft 365,Cloud Saas,,Especialistas,PYME
8,"Pregunta de única respuesta. Creativa360 SAS, una agencia de marketing digital, busca alojar sus aplicaciones sin invertir en infraestructura física ni contratar personal técnico especializado. ¿Qué solución de Claro AWS es más adecuada?",1.0,Outsourcing,FALSO,Especialistas,AWS,Cloud Saas,,Especialistas,PYME
8,"Pregunta de única respuesta. Creativa360 SAS, una agencia de marketing digital, busca alojar sus aplicaciones sin invertir en infraestructura física ni contratar personal técnico especializado. ¿Qué solución de Claro AWS es más adecuada?",2.0,Capacity,FALSO,Especialistas,AWS,Cloud Saas,,Especialistas,PYME
8,"Pregunta de única respuesta. Creativa360 SAS, una agencia de marketing digital, busca alojar sus aplicaciones sin invertir en infraestructura física ni contratar personal técnico especializado. ¿Qué solución de Claro AWS es más adecuada?",3.0,Servidores Ligeros,VERDADERO,Especialistas,AWS,Cloud Saas,,Especialistas,PYME
9,Pregunta de única respuesta. Logística Express SAS tiene operaciones sensibles y quiere garantizar la continuidad de sus sistemas ante fallos técnicos o desastres naturales. ¿Qué solución deberías recomendar?,1.0,Transfer Billing,FALSO,Especialistas,AWS,Cloud Saas,,Especialistas,PYME
9,Pregunta de única respuesta. Logística Express SAS tiene operaciones sensibles y quiere garantizar la continuidad de sus sistemas ante fallos técnicos o desastres naturales. ¿Qué solución deberías recomendar?,2.0,Recuperación de Desastres,VERDADERO,Especialistas,AWS,Cloud Saas,,Especialistas,PYME
9,Pregunta de única respuesta. Logística Express SAS tiene operaciones sensibles y quiere garantizar la continuidad de sus sistemas ante fallos técnicos o desastres naturales. ¿Qué solución deberías recomendar?,3.0,Página Web,FALSO,Especialistas,AWS,Cloud Saas,,Especialistas,PYME
10,Pregunta de única respuesta. Gestión Vital SAS busca automatizar tareas internas para reducir errores humanos y mejorar la eficiencia operativa. ¿Qué solución de Claro AWS deberías ofrecer?,1.0,BPO como servicio,VERDADERO,Especialistas,AWS,Cloud Saas,,Especialistas,PYME
10,Pregunta de única respuesta. Gestión Vital SAS busca automatizar tareas internas para reducir errores humanos y mejorar la eficiencia operativa. ¿Qué solución de Claro AWS deberías ofrecer?,2.0,Oracle,FALSO,Especialistas,AWS,Cloud Saas,,Especialistas,PYME
10,Pregunta de única respuesta. Gestión Vital SAS busca automatizar tareas internas para reducir errores humanos y mejorar la eficiencia operativa. ¿Qué solución de Claro AWS deberías ofrecer?,3.0,Azure,FALSO,Especialistas,AWS,Cloud Saas,,Especialistas,PYME
11,Pregunta de única respuesta. Analytika Pro SAS maneja grandes volúmenes de datos no estructurados y necesita convertirlos en información útil para decisiones estratégicas. ¿Qué agente de Claro AWS es el más adecuado?,1.0,CEA (Customer Engagement Agent),FALSO,Especialistas,AWS,Cloud Saas,,Especialistas,PYME
11,Pregunta de única respuesta. Analytika Pro SAS maneja grandes volúmenes de datos no estructurados y necesita convertirlos en información útil para decisiones estratégicas. ¿Qué agente de Claro AWS es el más adecuado?,2.0,IPA (Intelligent Processing Agent),FALSO,Especialistas,AWS,Cloud Saas,,Especialistas,PYME
11,Pregunta de única respuesta. Analytika Pro SAS maneja grandes volúmenes de datos no estructurados y necesita convertirlos en información útil para decisiones estratégicas. ¿Qué agente de Claro AWS es el más adecuado?,3.0,DIA (Data Information Agent),VERDADERO,Especialistas,AWS,Cloud Saas,,Especialistas,PYME
12,"Pregunta de única respuesta. Consultoría Legal Integral SAS tiene servidores locales donde almacena expedientes digitales, pero recientemente sufrió una pérdida de datos por falla eléctrica. Quieren una solución que les permita tener copias de seguridad automatizadas en la nube. ¿Qué servicio de Claro AWS deberías recomendar?",1.0,Claro Directo,FALSO,Especialistas,AWS,Cloud Saas,,Especialistas,PYME
12,"Pregunta de única respuesta. Consultoría Legal Integral SAS tiene servidores locales donde almacena expedientes digitales, pero recientemente sufrió una pérdida de datos por falla eléctrica. Quieren una solución que les permita tener copias de seguridad automatizadas en la nube. ¿Qué servicio de Claro AWS deberías recomendar?",2.0,Servicios de almacenamiento y respaldo en la nube,VERDADERO,Especialistas,AWS,Cloud Saas,,Especialistas,PYME
12,"Pregunta de única respuesta. Consultoría Legal Integral SAS tiene servidores locales donde almacena expedientes digitales, pero recientemente sufrió una pérdida de datos por falla eléctrica. Quieren una solución que les permita tener copias de seguridad automatizadas en la nube. ¿Qué servicio de Claro AWS deberías recomendar?",3.0,Transfer Billing,FALSO,Especialistas,AWS,Cloud Saas,,Especialistas,PYME
13,Pregunta de única respuesta. Innovación Textil SAS lanza colecciones cada mes y necesita reducir el tiempo que tarda en implementar nuevas funcionalidades en su plataforma de ventas. ¿Cuál de los beneficios de AWS deberías destacar en tu conversación comercial?,1.0,Time to Market más rápido para nuevas funcionalidades,VERDADERO,Especialistas,AWS,Cloud Saas,,Especialistas,PYME
13,Pregunta de única respuesta. Innovación Textil SAS lanza colecciones cada mes y necesita reducir el tiempo que tarda en implementar nuevas funcionalidades en su plataforma de ventas. ¿Cuál de los beneficios de AWS deberías destacar en tu conversación comercial?,2.0,Menor variedad de zonas de disponibilidad,FALSO,Especialistas,AWS,Cloud Saas,,Especialistas,PYME
13,Pregunta de única respuesta. Innovación Textil SAS lanza colecciones cada mes y necesita reducir el tiempo que tarda en implementar nuevas funcionalidades en su plataforma de ventas. ¿Cuál de los beneficios de AWS deberías destacar en tu conversación comercial?,3.0,Aumento de caídas en sistemas IT,FALSO,Especialistas,AWS,Cloud Saas,,Especialistas,PYME
14,"Pregunta de única respuesta. En una reunión con “Papelería Moderna”, el gerente menciona que su equipo pierde tiempo en tareas repetitivas como responder correos y procesar pedidos. ¿Qué solución de Claro AWS puede ayudarle?",1.0,Contratación de más personal administrativo,FALSO,Especialistas,AWS,Cloud Saas,,Especialistas,PYME
14,"Pregunta de única respuesta. En una reunión con “Papelería Moderna”, el gerente menciona que su equipo pierde tiempo en tareas repetitivas como responder correos y procesar pedidos. ¿Qué solución de Claro AWS puede ayudarle?",2.0,Compra de archivadores metálicos para organizar mejor,FALSO,Especialistas,AWS,Cloud Saas,,Especialistas,PYME
14,"Pregunta de única respuesta. En una reunión con “Papelería Moderna”, el gerente menciona que su equipo pierde tiempo en tareas repetitivas como responder correos y procesar pedidos. ¿Qué solución de Claro AWS puede ayudarle?",3.0,Orquestación de Procesos de Negocio (BPO) con agentes inteligentes,VERDADERO,Especialistas,AWS,Cloud Saas,,Especialistas,PYME
15,"Pregunta de única respuesta. Como especialista comercial, revisas el tablero de ventas del mes anterior para entender el desempeño. ¿Qué tipo de analítica estás aplicando?",1.0,Descriptiva,VERDADERO,Especialistas,Analítica de datos ,Soluciones Digitales,,Especialistas,PYME
15,"Pregunta de única respuesta. Como especialista comercial, revisas el tablero de ventas del mes anterior para entender el desempeño. ¿Qué tipo de analítica estás aplicando?",2.0,Prescriptiva,FALSO,Especialistas,Analítica de datos ,Soluciones Digitales,,Especialistas,PYME
15,"Pregunta de única respuesta. Como especialista comercial, revisas el tablero de ventas del mes anterior para entender el desempeño. ¿Qué tipo de analítica estás aplicando?",3.0,Predictiva,FALSO,Especialistas,Analítica de datos ,Soluciones Digitales,,Especialistas,PYME
16,"Pregunta de única respuesta. Un especialista comercial usa Excel para analizar ventas, pero cada uno tiene su propia versión del archivo. ¿Qué práctica debería implementar?",1.0,Usar WhatsApp para compartir datos,FALSO,Especialistas,Analítica de datos ,Soluciones Digitales,,Especialistas,PYME
16,"Pregunta de única respuesta. Un especialista comercial usa Excel para analizar ventas, pero cada uno tiene su propia versión del archivo. ¿Qué práctica debería implementar?",2.0,Cambiar a hojas de cálculo en papel,FALSO,Especialistas,Analítica de datos ,Soluciones Digitales,,Especialistas,PYME
16,"Pregunta de única respuesta. Un especialista comercial usa Excel para analizar ventas, pero cada uno tiene su propia versión del archivo. ¿Qué práctica debería implementar?",3.0,Definir fuentes de datos comunes y versiones compartidas,VERDADERO,Especialistas,Analítica de datos ,Soluciones Digitales,,Especialistas,PYME
17,"Pregunta de única respuesta. En una sesión de análisis, se detecta que un agente tiene ejecución baja. ¿Cuál sería una posible acción prescriptiva adecuada?",1.0,Ignorar el dato y esperar el cierre del mes,FALSO,Especialistas,Analítica de datos ,Soluciones Digitales,,Especialistas,PYME
17,"Pregunta de única respuesta. En una sesión de análisis, se detecta que un agente tiene ejecución baja. ¿Cuál sería una posible acción prescriptiva adecuada?",2.0,Brindar entrenamiento,VERDADERO,Especialistas,Analítica de datos ,Soluciones Digitales,,Especialistas,PYME
17,"Pregunta de única respuesta. En una sesión de análisis, se detecta que un agente tiene ejecución baja. ¿Cuál sería una posible acción prescriptiva adecuada?",3.0,Cambiar el nombre del agente en el sistema,FALSO,Especialistas,Analítica de datos ,Soluciones Digitales,,Especialistas,PYME
18,Pregunta de única respuesta. ¿Cuál de los siguientes pilares destaca que el conocimiento del negocio es insustituible para interpretar los datos?,1.0,Su Experiencia,VERDADERO,Especialistas,Analítica de datos ,Soluciones Digitales,,Especialistas,PYME
18,Pregunta de única respuesta. ¿Cuál de los siguientes pilares destaca que el conocimiento del negocio es insustituible para interpretar los datos?,2.0,Su Herramienta,FALSO,Especialistas,Analítica de datos ,Soluciones Digitales,,Especialistas,PYME
18,Pregunta de única respuesta. ¿Cuál de los siguientes pilares destaca que el conocimiento del negocio es insustituible para interpretar los datos?,3.0,Su Improvisación,FALSO,Especialistas,Analítica de datos ,Soluciones Digitales,,Especialistas,PYME
19,Pregunta de única respuesta. ¿Cuál es el rol del especialista comercial según el enfoque de la analítica de datos?,1.0,Ser un técnico en fórmulas de Excel,FALSO,Especialistas,Analítica de datos ,Soluciones Digitales,,Especialistas,PYME
19,Pregunta de única respuesta. ¿Cuál es el rol del especialista comercial según el enfoque de la analítica de datos?,2.0,Ser un agente de cambio que lidera con datos,VERDADERO,Especialistas,Analítica de datos ,Soluciones Digitales,,Especialistas,PYME
19,Pregunta de única respuesta. ¿Cuál es el rol del especialista comercial según el enfoque de la analítica de datos?,3.0,Ser un operador de reportes,FALSO,Especialistas,Analítica de datos ,Soluciones Digitales,,Especialistas,PYME
20,Pregunta de única respuesta. ¿Qué fórmula permite calcular el GAP entre lo ejecutado y lo esperado al corte?,1.0,Proyectado / Presupuesto,FALSO,Especialistas,Analítica de datos ,Soluciones Digitales,,Especialistas,PYME
20,Pregunta de única respuesta. ¿Qué fórmula permite calcular el GAP entre lo ejecutado y lo esperado al corte?,2.0,Meta diaria × días hábiles,FALSO,Especialistas,Analítica de datos ,Soluciones Digitales,,Especialistas,PYME
20,Pregunta de única respuesta. ¿Qué fórmula permite calcular el GAP entre lo ejecutado y lo esperado al corte?,3.0,Ejecutado al día – lo que debe llevar ejecutado al corte,VERDADERO,Especialistas,Analítica de datos ,Soluciones Digitales,,Especialistas,PYME
21,"Pregunta de única respuesta. En un comité con gerencia, te piden presentar los resultados del mes. ¿Cuál estructura deberías usar para contar una historia con los datos?",1.0,"Título llamativo, colores fuertes, emojis",FALSO,Especialistas,Analítica de datos ,Soluciones Digitales,,Especialistas,PYME
21,"Pregunta de única respuesta. En un comité con gerencia, te piden presentar los resultados del mes. ¿Cuál estructura deberías usar para contar una historia con los datos?",2.0,"Inicio (contexto), medio (hallazgo), final (propuesta de acción)",VERDADERO,Especialistas,Analítica de datos ,Soluciones Digitales,,Especialistas,PYME
21,"Pregunta de única respuesta. En un comité con gerencia, te piden presentar los resultados del mes. ¿Cuál estructura deberías usar para contar una historia con los datos?",3.0,Solo mostrar el gráfico sin explicación,FALSO,Especialistas,Analítica de datos ,Soluciones Digitales,,Especialistas,PYME
1,"Pregunta de única respuesta. La empresa TecnoRed S.A.S. desea migrar su correo tradicional a la nube, con buzones de 50 GB y herramientas básicas de productividad. No tiene más de 200 empleados. ¿Qué plan sería el más adecuado para iniciar?",1.0,Exchange Plan 1,FALSO,Directos,Microsoft 365,Cloud Saas,,Directos,PYME
1,"Pregunta de única respuesta. La empresa TecnoRed S.A.S. desea migrar su correo tradicional a la nube, con buzones de 50 GB y herramientas básicas de productividad. No tiene más de 200 empleados. ¿Qué plan sería el más adecuado para iniciar?",2.0,Microsoft 365 Business Basic,VERDADERO,Directos,Microsoft 365,Cloud Saas,,Directos,PYME
1,"Pregunta de única respuesta. La empresa TecnoRed S.A.S. desea migrar su correo tradicional a la nube, con buzones de 50 GB y herramientas básicas de productividad. No tiene más de 200 empleados. ¿Qué plan sería el más adecuado para iniciar?",3.0,Microsoft 365 E1,FALSO,Directos,Microsoft 365,Cloud Saas,,Directos,PYME
2,"Pregunta de única respuesta. Soluciones Verdes S.A. tiene 280 empleados y necesita correo, Teams y aplicaciones de escritorio. No planea superar los 300 usuarios este año. ¿Qué licenciamiento debería adquirir?",1.0,Microsoft 365 Business Standard,VERDADERO,Directos,Microsoft 365,Cloud Saas,,Directos,PYME
2,"Pregunta de única respuesta. Soluciones Verdes S.A. tiene 280 empleados y necesita correo, Teams y aplicaciones de escritorio. No planea superar los 300 usuarios este año.
¿Qué licenciamiento debería adquirir?
¿Qué licenciamiento debería adquirir?",2.0,Microsoft 365 Enterprise E5,FALSO,Directos,Microsoft 365,Cloud Saas,,Directos,PYME
2,"Pregunta de única respuesta. Soluciones Verdes S.A. tiene 280 empleados y necesita correo, Teams y aplicaciones de escritorio. No planea superar los 300 usuarios este año.
¿Qué licenciamiento debería adquirir?
¿Qué licenciamiento debería adquirir?",3.0,Microsoft 365 Business Premium,FALSO,Directos,Microsoft 365,Cloud Saas,,Directos,PYME
3,"Pregunta de única respuesta. GlobalTech Corp. requiere un plan sin límite de usuarios, con seguridad avanzada y herramientas completas en la nube y escritorio.
¿Qué opción le conviene más?
¿Qué opción le conviene más?",1.0,Microsoft 365 Apps for Business,FALSO,Directos,Microsoft 365,Cloud Saas,,Directos,PYME
3,"Pregunta de única respuesta. GlobalTech Corp. requiere un plan sin límite de usuarios, con seguridad avanzada y herramientas completas en la nube y escritorio.
¿Qué opción le conviene más?
¿Qué opción le conviene más?",2.0,Microsoft 365 Business Premium,FALSO,Directos,Microsoft 365,Cloud Saas,,Directos,PYME
3,"Pregunta de única respuesta. GlobalTech Corp. requiere un plan sin límite de usuarios, con seguridad avanzada y herramientas completas en la nube y escritorio.
¿Qué opción le conviene más?
¿Qué opción le conviene más?",3.0,Microsoft 365 Enterprise E5,VERDADERO,Directos,Microsoft 365,Cloud Saas,,Directos,PYME
4,"Preunta de única respuesta. TechService Ltda. necesita un plan solo para correo electrónico seguro y profesional, sin aplicaciones de Office.
¿Cuál debería elegir?
¿Cuál debería elegir?",1.0,Exchange Plan 1,VERDADERO,Directos,Microsoft 365,Cloud Saas,,Directos,PYME
4,"Preunta de única respuesta. TechService Ltda. necesita un plan solo para correo electrónico seguro y profesional, sin aplicaciones de Office.
¿Cuál debería elegir?
¿Cuál debería elegir?",2.0,Microsoft 365 Business Premium,FALSO,Directos,Microsoft 365,Cloud Saas,,Directos,PYME
4,"Preunta de única respuesta. TechService Ltda. necesita un plan solo para correo electrónico seguro y profesional, sin aplicaciones de Office.
¿Cuál debería elegir?
¿Cuál debería elegir?",3.0,Office 365 E3,FALSO,Directos,Microsoft 365,Cloud Saas,,Directos,PYME
5,"Preunta de única respuesta. DataSecure S.A. busca licencias que incluyan inteligencia artificial, seguridad y administración de identidad.
¿Cuál plan se ajusta mejor?
¿Cuál plan se ajusta mejor?",1.0,Office 365 F3,FALSO,Directos,Microsoft 365,Cloud Saas,,Directos,PYME
5,"Preunta de única respuesta. DataSecure S.A. busca licencias que incluyan inteligencia artificial, seguridad y administración de identidad.
¿Cuál plan se ajusta mejor?
¿Cuál plan se ajusta mejor?",2.0,Microsoft 365 E5,VERDADERO,Directos,Microsoft 365,Cloud Saas,,Directos,PYME
5,"Preunta de única respuesta. DataSecure S.A. busca licencias que incluyan inteligencia artificial, seguridad y administración de identidad.
¿Cuál plan se ajusta mejor?
¿Cuál plan se ajusta mejor?",3.0,Microsoft 365 Business Standard,FALSO,Directos,Microsoft 365,Cloud Saas,,Directos,PYME
6,"Pregunta de única respuesta. La empresa Innovasoft Ltda. tiene 150 empleados y necesita correo, aplicaciones de escritorio, servicios en la nube y seguridad avanzada para proteger sus datos. ¿Qué plan de Microsoft 365 sería el más adecuado?",1.0,Microsoft 365 Business Premium,VERDADERO,Directos,Microsoft 365,Cloud Saas,,Directos,PYME
6,"Pregunta de única respuesta. La empresa Innovasoft Ltda. tiene 150 empleados y necesita correo, aplicaciones de escritorio, servicios en la nube y seguridad avanzada para proteger sus datos. ¿Qué plan de Microsoft 365 sería el más adecuado?",2.0,Microsoft 365 Business Basic,FALSO,Directos,Microsoft 365,Cloud Saas,,Directos,PYME
6,"Pregunta de única respuesta. La empresa Innovasoft Ltda. tiene 150 empleados y necesita correo, aplicaciones de escritorio, servicios en la nube y seguridad avanzada para proteger sus datos. ¿Qué plan de Microsoft 365 sería el más adecuado?",3.0,Office 365 E1,FALSO,Directos,Microsoft 365,Cloud Saas,,Directos,PYME
7,"Pregunta de única respuesta. El gerente de TI de RedCom Global evalúa adquirir licencias Office 365 E3 o E5, pero quiere saber cuál ofrece mayor nivel de seguridad.
¿Cuál es la diferencia principal entre E3 y E5?
¿Cuál es la diferencia principal entre E3 y E5?",1.0,El plan E3 no incluye correo electrónico ni OneDrive.,FALSO,Directos,Microsoft 365,Cloud Saas,,Directos,PYME
7,"Pregunta de única respuesta. El gerente de TI de RedCom Global evalúa adquirir licencias Office 365 E3 o E5, pero quiere saber cuál ofrece mayor nivel de seguridad.
¿Cuál es la diferencia principal entre E3 y E5?
¿Cuál es la diferencia principal entre E3 y E5?",2.0,El plan E5 ofrece características de seguridad avanzada y análisis de datos mejorados.,VERDADERO,Directos,Microsoft 365,Cloud Saas,,Directos,PYME
7,"Pregunta de única respuesta. El gerente de TI de RedCom Global evalúa adquirir licencias Office 365 E3 o E5, pero quiere saber cuál ofrece mayor nivel de seguridad.
¿Cuál es la diferencia principal entre E3 y E5?
¿Cuál es la diferencia principal entre E3 y E5?",3.0,El plan E3 permite más usuarios que el E5,FALSO,Directos,Microsoft 365,Cloud Saas,,Directos,PYME
8,"Pregunta de única respuesta. En un entorno empresarial, ¿cuál es el objetivo principal de construir una marca profesional consciente?",1.0,Mejorar la apariencia física del colaborador,FALSO,Directos,Marca Profesional,Otros Ingresos,,Directos,PYME
8,"Pregunta de única respuesta. En un entorno empresarial, ¿cuál es el objetivo principal de construir una marca profesional consciente?",2.0,Generar credibilidad y confianza utilizando principios neurocognitivos,VERDADERO,Directos,Marca Profesional,Otros Ingresos,,Directos,PYME
8,"Pregunta de única respuesta. En un entorno empresarial, ¿cuál es el objetivo principal de construir una marca profesional consciente?",3.0,Aumentar el número de seguidores en redes sociales,FALSO,Directos,Marca Profesional,Otros Ingresos,,Directos,PYME
9,Pregunta de única respuesta. Tienes una reunión con la empresa CeluStar  ¿qué elemento del efecto halo influye más en la primera impresión?,1.0,"El tono de voz, la postura y la expresión facial",VERDADERO,Directos,Marca Profesional,Otros Ingresos,,Directos,PYME
9,Pregunta de única respuesta. Tienes una reunión con la empresa CeluStar ¿qué elemento del efecto halo influye más en la primera impresión?,2.0,Los conocimientos técnicos del producto,FALSO,Directos,Marca Profesional,Otros Ingresos,,Directos,PYME
9,Pregunta de única respuesta. Tienes una reunión con la empresa CeluStar  ¿qué elemento del efecto halo influye más en la primera impresión?,3.0,Los antecedentes académicos del consultor,FALSO,Directos,Marca Profesional,Otros Ingresos,,Directos,PYME
10,"Pregunta de única respuesta. Si un líder presenta información de forma clara, breve y respaldada por evidencia, ¿qué sesgo está aplicando?",1.0,Sesgo de familiaridad,FALSO,Directos,Marca Profesional,Otros Ingresos,,Directos,PYME
10,"Pregunta de única respuesta. Si un líder presenta información de forma clara, breve y respaldada por evidencia, ¿qué sesgo está aplicando?",2.0,Sesgo de coherencia,FALSO,Directos,Marca Profesional,Otros Ingresos,,Directos,PYME
10,"Pregunta de única respuesta. Si un líder presenta información de forma clara, breve y respaldada por evidencia, ¿qué sesgo está aplicando?",3.0,Sesgo de autoridad,VERDADERO,Directos,Marca Profesional,Otros Ingresos,,Directos,PYME
11,Pregunta de única respuesta. ¿Qué aspecto demuestra coherencia visual en una presentación corporativa?,1.0,Vestir con colores muy llamativos y texturas diversas,FALSO,Directos,Marca Profesional,Otros Ingresos,,Directos,PYME
11,Pregunta de única respuesta. ¿Qué aspecto demuestra coherencia visual en una presentación corporativa?,2.0,Usar accesorios grandes y vistosos para destacar,FALSO,Directos,Marca Profesional,Otros Ingresos,,Directos,PYME
11,Pregunta de única respuesta. ¿Qué aspecto demuestra coherencia visual en una presentación corporativa?,3.0,"Utilizar colores neutros, vestimenta cuidada y postura profesional",VERDADERO,Directos,Marca Profesional,Otros Ingresos,,Directos,PYME
12,"Pregunta de única respuetsa. Durante un encuentro con un cliente nuevo, ¿cuál de estas prácticas activa el “Ritual Halo”?",1.0,Improvisar la conversación para parecer natural,FALSO,Directos,Marca Profesional,Otros Ingresos,,Directos,PYME
12,"Pregunta de única respuetsa. Durante un encuentro con un cliente nuevo, ¿cuál de estas prácticas activa el “Ritual Halo”?",2.0,"Cuidar la postura, la respiración y la intención antes de hablar",VERDADERO,Directos,Marca Profesional,Otros Ingresos,,Directos,PYME
12,"Pregunta de única respuetsa. Durante un encuentro con un cliente nuevo, ¿cuál de estas prácticas activa el “Ritual Halo”?",3.0,Usar tecnicismos para demostrar conocimiento,FALSO,Directos,Marca Profesional,Otros Ingresos,,Directos,PYME
13,"Pregunta de única respuesta. Según el sesgo de familiaridad, ¿cuál es la mejor forma de conectar con un cliente corporativo?",1.0,Mostrar valores o experiencias reales en común,VERDADERO,Directos,Marca Profesional,Otros Ingresos,,Directos,PYME
13,"Pregunta de única respuesta. Según el sesgo de familiaridad, ¿cuál es la mejor forma de conectar con un cliente corporativo?",2.0,Repetir constantemente el nombre del cliente,FALSO,Directos,Marca Profesional,Otros Ingresos,,Directos,PYME
13,"Pregunta de única respuesta. Según el sesgo de familiaridad, ¿cuál es la mejor forma de conectar con un cliente corporativo?",3.0,Evitar hablar de temas personales o de cultura empresarial,FALSO,Directos,Marca Profesional,Otros Ingresos,,Directos,PYME
14,Pregunta de única respuesta. Una consultora crea una presentación donde destaca tres ideas con tres datos reales que las respaldan. ¿Qué regla está aplicando?,1.0,Regla del 3x3,VERDADERO,Directos,Marca Profesional,Otros Ingresos,,Directos,PYME
14,Pregunta de única respuesta. Una consultora crea una presentación donde destaca tres ideas con tres datos reales que las respaldan. ¿Qué regla está aplicando?,2.0,Regla de los cinco pasos,FALSO,Directos,Marca Profesional,Otros Ingresos,,Directos,PYME
14,Pregunta de única respuesta. Una consultora crea una presentación donde destaca tres ideas con tres datos reales que las respaldan. ¿Qué regla está aplicando?,3.0,Regla 2x2,FALSO,Directos,Marca Profesional,Otros Ingresos,,Directos,PYME
15,"Pregunta de única respuesta. Creativa360 SAS, una agencia de marketing digital, busca alojar sus aplicaciones sin invertir en infraestructura física ni contratar personal técnico especializado. ¿Qué solución de Claro AWS es más adecuada?",1.0,Outsourcing,FALSO,Directos,AWS,Cloud Saas,,Directos,PYME
15,"Pregunta de única respuesta. Creativa360 SAS, una agencia de marketing digital, busca alojar sus aplicaciones sin invertir en infraestructura física ni contratar personal técnico especializado. ¿Qué solución de Claro AWS es más adecuada?",2.0,Capacity,FALSO,Directos,AWS,Cloud Saas,,Directos,PYME
15,"Pregunta de única respuesta. Creativa360 SAS, una agencia de marketing digital, busca alojar sus aplicaciones sin invertir en infraestructura física ni contratar personal técnico especializado. ¿Qué solución de Claro AWS es más adecuada?",3.0,Servidores Ligeros,VERDADERO,Directos,AWS,Cloud Saas,,Directos,PYME
16,Pregunta de única respuesta. Logística Express SAS tiene operaciones sensibles y quiere garantizar la continuidad de sus sistemas ante fallos técnicos o desastres naturales. ¿Qué solución deberías recomendar?,1.0,Transfer Billing,FALSO,Directos,AWS,Cloud Saas,,Directos,PYME
16,Pregunta de única respuesta. Logística Express SAS tiene operaciones sensibles y quiere garantizar la continuidad de sus sistemas ante fallos técnicos o desastres naturales. ¿Qué solución deberías recomendar?,2.0,Recuperación de Desastres,VERDADERO,Directos,AWS,Cloud Saas,,Directos,PYME
16,Pregunta de única respuesta. Logística Express SAS tiene operaciones sensibles y quiere garantizar la continuidad de sus sistemas ante fallos técnicos o desastres naturales. ¿Qué solución deberías recomendar?,3.0,Página Web,FALSO,Directos,AWS,Cloud Saas,,Directos,PYME
17,Pregunta de única respuesta. Gestión Vital SAS busca automatizar tareas internas para reducir errores humanos y mejorar la eficiencia operativa. ¿Qué solución de Claro AWS deberías ofrecer?,1.0,BPO como servicio,VERDADERO,Directos,AWS,Cloud Saas,,Directos,PYME
17,Pregunta de única respuesta. Gestión Vital SAS busca automatizar tareas internas para reducir errores humanos y mejorar la eficiencia operativa. ¿Qué solución de Claro AWS deberías ofrecer?,2.0,Oracle,FALSO,Directos,AWS,Cloud Saas,,Directos,PYME
17,Pregunta de única respuesta. Gestión Vital SAS busca automatizar tareas internas para reducir errores humanos y mejorar la eficiencia operativa. ¿Qué solución de Claro AWS deberías ofrecer?,3.0,Azure,FALSO,Directos,AWS,Cloud Saas,,Directos,PYME
18,Pregunta de única respuesta. Analytika Pro SAS maneja grandes volúmenes de datos no estructurados y necesita convertirlos en información útil para decisiones estratégicas. ¿Qué agente de Claro AWS es el más adecuado?,1.0,CEA (Customer Engagement Agent),FALSO,Directos,AWS,Cloud Saas,,Directos,PYME
18,Pregunta de única respuesta. Analytika Pro SAS maneja grandes volúmenes de datos no estructurados y necesita convertirlos en información útil para decisiones estratégicas. ¿Qué agente de Claro AWS es el más adecuado?,2.0,IPA (Intelligent Processing Agent),FALSO,Directos,AWS,Cloud Saas,,Directos,PYME
18,Pregunta de única respuesta. Analytika Pro SAS maneja grandes volúmenes de datos no estructurados y necesita convertirlos en información útil para decisiones estratégicas. ¿Qué agente de Claro AWS es el más adecuado?,3.0,DIA (Data Information Agent),VERDADERO,Directos,AWS,Cloud Saas,,Directos,PYME
19,"Pregunta de única respuesta. Consultoría Legal Integral SAS tiene servidores locales donde almacena expedientes digitales, pero recientemente sufrió una pérdida de datos por falla eléctrica. Quieren una solución que les permita tener copias de seguridad automatizadas en la nube. ¿Qué servicio de Claro AWS deberías recomendar?",1.0,Claro Directo,FALSO,Directos,AWS,Cloud Saas,,Directos,PYME
19,"Pregunta de única respuesta. Consultoría Legal Integral SAS tiene servidores locales donde almacena expedientes digitales, pero recientemente sufrió una pérdida de datos por falla eléctrica. Quieren una solución que les permita tener copias de seguridad automatizadas en la nube. ¿Qué servicio de Claro AWS deberías recomendar?",2.0,Servicios de almacenamiento y respaldo en la nube,VERDADERO,Directos,AWS,Cloud Saas,,Directos,PYME
19,"Pregunta de única respuesta. Consultoría Legal Integral SAS tiene servidores locales donde almacena expedientes digitales, pero recientemente sufrió una pérdida de datos por falla eléctrica. Quieren una solución que les permita tener copias de seguridad automatizadas en la nube. ¿Qué servicio de Claro AWS deberías recomendar?",3.0,Transfer Billing,FALSO,Directos,AWS,Cloud Saas,,Directos,PYME
20,Pregunta de única respuesta. Innovación Textil SAS lanza colecciones cada mes y necesita reducir el tiempo que tarda en implementar nuevas funcionalidades en su plataforma de ventas. ¿Cuál de los beneficios de AWS deberías destacar en tu conversación comercial?,1.0,Time to Market más rápido para nuevas funcionalidades,VERDADERO,Directos,AWS,Cloud Saas,,Directos,PYME
20,Pregunta de única respuesta. Innovación Textil SAS lanza colecciones cada mes y necesita reducir el tiempo que tarda en implementar nuevas funcionalidades en su plataforma de ventas. ¿Cuál de los beneficios de AWS deberías destacar en tu conversación comercial?,2.0,Menor variedad de zonas de disponibilidad,FALSO,Directos,AWS,Cloud Saas,,Directos,PYME
20,Pregunta de única respuesta. Innovación Textil SAS lanza colecciones cada mes y necesita reducir el tiempo que tarda en implementar nuevas funcionalidades en su plataforma de ventas. ¿Cuál de los beneficios de AWS deberías destacar en tu conversación comercial?,3.0,Aumento de caídas en sistemas IT,FALSO,Directos,AWS,Cloud Saas,,Directos,PYME
21,"Pregunta de única respuesta. En una reunión con “Papelería Moderna”, el gerente menciona que su equipo pierde tiempo en tareas repetitivas como responder correos y procesar pedidos. ¿Qué solución de Claro AWS puede ayudarle?",1.0,Contratación de más personal administrativo,FALSO,Directos,AWS,Cloud Saas,,Directos,PYME
21,"Pregunta de única respuesta. En una reunión con “Papelería Moderna”, el gerente menciona que su equipo pierde tiempo en tareas repetitivas como responder correos y procesar pedidos. ¿Qué solución de Claro AWS puede ayudarle?",2.0,Compra de archivadores metálicos para organizar mejor,FALSO,Directos,AWS,Cloud Saas,,Directos,PYME
21,"Pregunta de única respuesta. En una reunión con “Papelería Moderna”, el gerente menciona que su equipo pierde tiempo en tareas repetitivas como responder correos y procesar pedidos. ¿Qué solución de Claro AWS puede ayudarle?",3.0,Orquestación de Procesos de Negocio (BPO) con agentes inteligentes,VERDADERO,Directos,AWS,Cloud Saas,,Directos,PYME
1,"Pregunta única respuesta. Laura, consultora B2B, quiere aumentar su alcance en el sector tecnológico. Está dudando entre invertir tiempo en Facebook o LinkedIn.
¿Cuál sería la mejor opción y por qué?
¿Cuál sería la mejor opción y por qué?",1.0,"Facebook, porque tiene más usuarios activos.",FALSA,Directos,Social Selling,,,Directos,PYME
1,"Pregunta única respuesta. Laura, consultora B2B, quiere aumentar su alcance en el sector tecnológico. Está dudando entre invertir tiempo en Facebook o LinkedIn.
¿Cuál sería la mejor opción y por qué?
¿Cuál sería la mejor opción y por qué?",2.0,"LinkedIn, porque el engagement en tecnología triplica al de Facebook.",VERDADERA,Directos,Social Selling,,,Directos,PYME
1,"Pregunta única respuesta. Laura, consultora B2B, quiere aumentar su alcance en el sector tecnológico. Está dudando entre invertir tiempo en Facebook o LinkedIn.
¿Cuál sería la mejor opción y por qué?
¿Cuál sería la mejor opción y por qué?",3.0,"Facebook, porque permite publicar fotos más atractivas.",FALSA,Directos,Social Selling,,,Directos,PYME
2,"Pregunta única respuesta. Pedro actualizó su perfil en LinkedIn, pero no recibe solicitudes de conexión. Su foto es oscura y el banner está vacío.
¿Qué debería mejorar primero?
¿Qué debería mejorar primero?",1.0,"Foto con fondo neutro, buena iluminación y expresión cercana.",VERDADERA,Directos,Social Selling,,,Directos,PYME
2,"Pregunta única respuesta. Pedro actualizó su perfil en LinkedIn, pero no recibe solicitudes de conexión. Su foto es oscura y el banner está vacío.
¿Qué debería mejorar primero?
¿Qué debería mejorar primero?",2.0,Usar ropa informal para mostrar autenticidad.,FALSA,Directos,Social Selling,,,Directos,PYME
2,"Pregunta única respuesta. Pedro actualizó su perfil en LinkedIn, pero no recibe solicitudes de conexión. Su foto es oscura y el banner está vacío.
¿Qué debería mejorar primero?
¿Qué debería mejorar primero?",3.0,Dejar el banner vacío para no distraer.,FALSA,Directos,Social Selling,,,Directos,PYME
3,"Pregunta única respuesta. Ana redactó su titular en LinkedIn: “Consultora Comercial en Claro”. Sin embargo, no genera interés en prospectos.
¿Cómo debería redactarlo?
¿Cómo debería redactarlo?",1.0,Quién eres y tu cargo actual.,FALSA,Directos,Social Selling,,,Directos,PYME
3,"Pregunta única respuesta. Ana redactó su titular en LinkedIn: “Consultora Comercial en Claro”. Sin embargo, no genera interés en prospectos.
¿Cómo debería redactarlo?
¿Cómo debería redactarlo?",2.0,Solo tu experiencia académica.,FALSA,Directos,Social Selling,,,Directos,PYME
3,"Pregunta única respuesta. Ana redactó su titular en LinkedIn: “Consultora Comercial en Claro”. Sin embargo, no genera interés en prospectos.
¿Cómo debería redactarlo?
¿Cómo debería redactarlo?",3.0,Qué problema solucionas y para quién.,VERDADERA,Directos,Social Selling,,,Directos,PYME
4,"Pregunta única respuesta. Carlos quiere posicionarse como experto en LinkedIn. Publica contenido una vez al mes, pero no ve resultados.
¿Cuál es la frecuencia recomendada?
¿Cuál es la frecuencia recomendada?",1.0,Dos veces por semana (aprendizaje + evidencia).,VERDADERA,Directos,Social Selling,,,Directos,PYME
4,"Pregunta única respuesta. Carlos quiere posicionarse como experto en LinkedIn. Publica contenido una vez al mes, pero no ve resultados.
¿Cuál es la frecuencia recomendada?
¿Cuál es la frecuencia recomendada?",2.0,Todos los días para mayor visibilidad.,FALSA,Directos,Social Selling,,,Directos,PYME
4,"Pregunta única respuesta. Carlos quiere posicionarse como experto en LinkedIn. Publica contenido una vez al mes, pero no ve resultados.
¿Cuál es la frecuencia recomendada?
¿Cuál es la frecuencia recomendada?",3.0,Una vez al mes.,FALSA,Directos,Social Selling,,,Directos,PYME
5,"Pregunta única respuesta. En una negociación, el CEO pregunta por el impacto y la seguridad de la solución.
¿Qué rol representa?
¿Qué rol representa?",1.0,Usuario,FALSA,Directos,Social Selling,,,Directos,PYME
5,"Pregunta única respuesta. En una negociación, el CEO pregunta por el impacto y la seguridad de la solución.
¿Qué rol representa?
¿Qué rol representa?",2.0,Influenciador,FALSA,Directos,Social Selling,,,Directos,PYME
5,"Pregunta única respuesta. En una negociación, el CEO pregunta por el impacto y la seguridad de la solución.
¿Qué rol representa?
¿Qué rol representa?",3.0,Decisor,VERDADERA,Directos,Social Selling,,,Directos,PYME
6,"Pregunta única respuesta, María envió mensajes a varios contactos en LinkedIn, pero no obtiene respuesta. Descubre que escribió lo mismo para todos.  ¿Cuál es el error más común?",1.0,No incluir emojis en el mensaje.,FALSA,Directos,Social Selling,,,Directos,PYME
6,"Pregunta única respuesta, María envió mensajes a varios contactos en LinkedIn, pero no obtiene respuesta. Descubre que escribió lo mismo para todos.  ¿Cuál es el error más común?",2.0,Enviarlos al rol correcto con el mensaje equivocado.,VERDADERA,Directos,Social Selling,,,Directos,PYME
6,"Pregunta única respuesta, María envió mensajes a varios contactos en LinkedIn, pero no obtiene respuesta. Descubre que escribió lo mismo para todos.  ¿Cuál es el error más común?",3.0,Enviarlos al rol incorrecto con el mensaje correcto.,FALSA,Directos,Social Selling,,,Directos,PYME
7,"Pregunta única respuesta. Un consultor publica contenido una sola vez y espera que lo recuerden.
Pregunta: ¿Por qué necesita visibilidad constante?
Pregunta: ¿Por qué necesita visibilidad constante?",1.0,"Porque el cliente recuerda lo que ve con frecuencia, no lo que ve una sola vez.",VERDADERA,Directos,Social Selling,,,Directos,PYME
7,"Pregunta única respuesta. Un consultor publica contenido una sola vez y espera que lo recuerden.
Pregunta: ¿Por qué necesita visibilidad constante?
Pregunta: ¿Por qué necesita visibilidad constante?",2.0,Porque el algoritmo premia publicaciones diarias.,FALSA,Directos,Social Selling,,,Directos,PYME
7,"Pregunta única respuesta. Un consultor publica contenido una sola vez y espera que lo recuerden.
Pregunta: ¿Por qué necesita visibilidad constante?
Pregunta: ¿Por qué necesita visibilidad constante?",3.0,Porque aumenta el número de seguidores automáticamente.,FALSA,Directos,Social Selling,,,Directos,PYME
8,Pregunta de única respuesta. La empresa Siluetas te pregunta: ¿Cuál es el intervalo promedio que tienen los atacantes para explotar una vulnerabilidad antes de que el defensor la detecte?,1.0,30 días,FALSA,Directos,Analisis de Vulnerabilidades,,,Directos,PYME
8,Pregunta de única respuesta. La empresa Siluetas te pregunta: ¿Cuál es el intervalo promedio que tienen los atacantes para explotar una vulnerabilidad antes de que el defensor la detecte?,2.0,7 días,VERDADERA,Directos,Analisis de Vulnerabilidades,,,Directos,PYME
8,Pregunta de única respuesta. La empresa Siluetas te pregunta: ¿Cuál es el intervalo promedio que tienen los atacantes para explotar una vulnerabilidad antes de que el defensor la detecte?,3.0,15 días,FALSA,Directos,Analisis de Vulnerabilidades,,,Directos,PYME
9,Pregunta de única respuesta. ¿Qué porcentaje de vulnerabilidades explotadas tenían más de un año de haber sido publicadas?,1.0,50%,FALSA,Directos,Analisis de Vulnerabilidades,,,Directos,PYME
9,Pregunta de única respuesta. ¿Qué porcentaje de vulnerabilidades explotadas tenían más de un año de haber sido publicadas?,2.0,75%,FALSA,Directos,Analisis de Vulnerabilidades,,,Directos,PYME
9,Pregunta de única respuesta. ¿Qué porcentaje de vulnerabilidades explotadas tenían más de un año de haber sido publicadas?,3.0,99.9%,VERDADERA,Directos,Analisis de Vulnerabilidades,,,Directos,PYME
10,"Pregunta de única respuesta. la empresa Sellos Importados quiere saber ¿Cuál es el objetivo principal del servicio de Análisis de Vulnerabilidades (AVN), tu que le dirias? ",1.0,"Identificar, clasificar y priorizar debilidades técnicas ",VERDADERA,Directos,Analisis de Vulnerabilidades,,,Directos,PYME
10,"Pregunta de única respuesta. la empresa Sellos Importados quiere saber ¿Cuál es el objetivo principal del servicio de Análisis de Vulnerabilidades (AVN), tu que le dirias? ",2.0,Instalar antivirus en todos los equipos,FALSA,Directos,Analisis de Vulnerabilidades,,,Directos,PYME
10,"Pregunta de única respuesta. la empresa Sellos Importados quiere saber ¿Cuál es el objetivo principal del servicio de Análisis de Vulnerabilidades (AVN), tu que le dirias? ",3.0,Eliminar automáticamente todas las vulnerabilidades,FALSA,Directos,Analisis de Vulnerabilidades,,,Directos,PYME
11,Pregunta de única respuesta. La empresa GCR quiere saber ¿Qué incluye el paquete AVN “Uno y Uno”?,1.0,Dos escaneos y dos retests,FALSA,Directos,Analisis de Vulnerabilidades,,,Directos,PYME
11,Pregunta de única respuesta. La empresa GCR quiere saber ¿Qué incluye el paquete AVN “Uno y Uno”?,2.0,Un escaneo y un retest ,VERDADERA,Directos,Analisis de Vulnerabilidades,,,Directos,PYME
11,Pregunta de única respuesta. La empresa GCR quiere saber ¿Qué incluye el paquete AVN “Uno y Uno”?,3.0,Dos escaneos y un retest,FALSA,Directos,Analisis de Vulnerabilidades,,,Directos,PYME
12,Pregunta de única respuesta. La empresa Audiovisual Arte Pro te pregunta qué tipo de reportes entrega el servicio AVN?,1.0,Reporte técnico en inglés y reporte ejecutivo en español,VERDADERA,Directos,Analisis de Vulnerabilidades,,,Directos,PYME
12,Pregunta de única respuesta. La empresa Audiovisual Arte Pro te pregunta qué tipo de reportes entrega el servicio AVN?,2.0,Solo reportes técnicos en español,FALSA,Directos,Analisis de Vulnerabilidades,,,Directos,PYME
12,Pregunta de única respuesta. La empresa Audiovisual Arte Pro te pregunta qué tipo de reportes entrega el servicio AVN?,3.0,Reportes únicamente en formato gráfico sin texto,FALSA,Directos,Analisis de Vulnerabilidades,,,Directos,PYME
13,Pregunta de única respuesta. ¿Cuál es el requisito mínimo de activos/IPs para contratar el servicio AVN?,1.0,5 IPs,FALSA,Directos,Analisis de Vulnerabilidades,,,Directos,PYME
13,Pregunta de única respuesta. ¿Cuál es el requisito mínimo de activos/IPs para contratar el servicio AVN?,2.0,20 IPs,FALSA,Directos,Analisis de Vulnerabilidades,,,Directos,PYME
13,Pregunta de única respuesta. ¿Cuál es el requisito mínimo de activos/IPs para contratar el servicio AVN?,3.0,10 IPs,VERDADERA,Directos,Analisis de Vulnerabilidades,,,Directos,PYME
14,Pregunta de única respuesta. ¿Cuál es la duración del servicio para el paquete AVN “Dos y Dos”?,1.0,6 meses,FALSA,Directos,Analisis de Vulnerabilidades,,,Directos,PYME
14,Pregunta de única respuesta. ¿Cuál es la duración del servicio para el paquete AVN “Dos y Dos”?,2.0,24 meses,FALSA,Directos,Analisis de Vulnerabilidades,,,Directos,PYME
14,Pregunta de única respuesta. ¿Cuál es la duración del servicio para el paquete AVN “Dos y Dos”?,3.0,12 meses,VERDADERA,Directos,Analisis de Vulnerabilidades,,,Directos,PYME
15,"Pregunta de única respuesta. Un banco regional necesita implementar Correo Seguro para proteger sus comunicaciones financieras. Durante el proceso de venta, ¿qué opciones de licencia debe considerar el comercial?",1.0,Básico y Empresarial,FALSA,Directos,Correo Seguro,,,Directos,PYME
15,"Pregunta de única respuesta. Un banco regional necesita implementar Correo Seguro para proteger sus comunicaciones financieras. Durante el proceso de venta, ¿qué opciones de licencia debe considerar el comercial?",2.0,Estándar y Premium,FALSA,Directos,Correo Seguro,,,Directos,PYME
15,"Pregunta de única respuesta. Un banco regional necesita implementar Correo Seguro para proteger sus comunicaciones financieras. Durante el proceso de venta, ¿qué opciones de licencia debe considerar el comercial?",3.0,Básico y Avanzado,VERDADERA,Directos,Correo Seguro,,,Directos,PYME
16,"Pregunta de única respuesta. Una firma de abogados corporativos con oficinas en 3 ciudades adquiere el producto de Correo Seguro, el consultor requiere legalizar la venta. ¿A qué dirección debe enviar la documentación el comercial?",1.0,digitacion.co@claro.com.co,FALSA,Directos,Correo Seguro,,,Directos,PYME
16,"Pregunta de única respuesta. Una firma de abogados corporativos con oficinas en 3 ciudades adquiere el producto de Correo Seguro, el consultor requiere legalizar la venta. ¿A qué dirección debe enviar la documentación el comercial?",2.0,legalizacion.co@claro.com.co,VERDADERA,Directos,Correo Seguro,,,Directos,PYME
16,"Pregunta de única respuesta. Una firma de abogados corporativos con oficinas en 3 ciudades adquiere el producto de Correo Seguro, el consultor requiere legalizar la venta. ¿A qué dirección debe enviar la documentación el comercial?",3.0,soporte.co@claro.com.co,FALSA,Directos,Correo Seguro,,,Directos,PYME
17,Pregunta de única respuesta. Una cadena hospitalaria implementa Correo Seguro para proteger datos de pacientes. ¿Cuál de estas actividades NO es parte del proceso de implementación?,1.0,Validaciones administrativas de riesgo y cartera,FALSA,Directos,Correo Seguro,,,Directos,PYME
17,Pregunta de única respuesta. Una cadena hospitalaria implementa Correo Seguro para proteger datos de pacientes. ¿Cuál de estas actividades NO es parte del proceso de implementación?,2.0,Generación de incidente de venta y OT,FALSA,Directos,Correo Seguro,,,Directos,PYME
17,Pregunta de única respuesta. Una cadena hospitalaria implementa Correo Seguro para proteger datos de pacientes. ¿Cuál de estas actividades NO es parte del proceso de implementación?,3.0,Desarrollo del software médico personalizado,VERDADERA,Directos,Correo Seguro,,,Directos,PYME
18,Pregunta de única respuesta. Una empresa de energía con directivos expuestos a ciberataques necesita proteger buzones específicos. ¿Qué debe hacer?,1.0,Contratar el servicio Avanzado exclusivamente,FALSA,Directos,Correo Seguro,,,Directos,PYME
18,Pregunta de única respuesta. Una empresa de energía con directivos expuestos a ciberataques necesita proteger buzones específicos. ¿Qué debe hacer?,2.0,Informar los BEC (Buzones de Alta Exposición al Ciberriesgo),VERDADERA,Directos,Correo Seguro,,,Directos,PYME
18,Pregunta de única respuesta. Una empresa de energía con directivos expuestos a ciberataques necesita proteger buzones específicos. ¿Qué debe hacer?,3.0,Realizar una solicitud de cambio formal,FALSA,Directos,Correo Seguro,,,Directos,PYME
19,Pregunta de única respuesta. Una universidad privada firma el contrato de Correo Seguro mediante Docusign. ¿Qué acción sigue para el comercial?,1.0,Configurar personalmente el servicio en la nube,FALSA,Directos,Correo Seguro,,,Directos,PYME
19,Pregunta de única respuesta. Una universidad privada firma el contrato de Correo Seguro mediante Docusign. ¿Qué acción sigue para el comercial?,2.0,Realizar pruebas de seguridad académicas,FALSA,Directos,Correo Seguro,,,Directos,PYME
19,Pregunta de única respuesta. Una universidad privada firma el contrato de Correo Seguro mediante Docusign. ¿Qué acción sigue para el comercial?,3.0,Enviar documentación a digitacion.co@claro.com.co para digitación de OT,VERDADERA,Directos,Correo Seguro,,,Directos,PYME
20,Pregunta de única respuesta. Una empresa farmacéutica necesita capacidades de administración limitada en Correo Seguro. ¿Qué alcance tiene su usuario administrador?,1.0,Acceso total a la configuración del servidor,FALSA,Directos,Correo Seguro,,,Directos,PYME
20,Pregunta de única respuesta. Una empresa farmacéutica necesita capacidades de administración limitada en Correo Seguro. ¿Qué alcance tiene su usuario administrador?,2.0,Modificación de políticas de seguridad globales,FALSA,Directos,Correo Seguro,,,Directos,PYME
20,Pregunta de única respuesta. Una empresa farmacéutica necesita capacidades de administración limitada en Correo Seguro. ¿Qué alcance tiene su usuario administrador?,3.0,"Creación de Listas Blancas/Negras, liberación de correos y revisión de cuarentena",VERDADERA,Directos,Correo Seguro,,,Directos,PYME
21,Pregunta de única respuesta. Una consultora multinacional necesita reportar una falla crítica en su servicio de Correo Seguro. ¿Qué canal de atención debe utilizar?,1.0,Tel: (601) 7488888 - 7480456 y https://servicio.triara.co/ess.do,VERDADERA,Directos,Correo Seguro,,,Directos,PYME
21,Pregunta de única respuesta. Una consultora multinacional necesita reportar una falla crítica en su servicio de Correo Seguro. ¿Qué canal de atención debe utilizar?,2.0,Enviar un correo al Service Manager personal,FALSA,Directos,Correo Seguro,,,Directos,PYME
21,Pregunta de única respuesta. Una consultora multinacional necesita reportar una falla crítica en su servicio de Correo Seguro. ¿Qué canal de atención debe utilizar?,3.0,Contactar directamente al CEO de la empresa,FALSA,Directos,Correo Seguro,,,Directos,PYME
1,"Pregunta de única respuesta. Estás en una reunión con el gerente de una PYME que dice:
""Necesito cifras claras y comparativas antes de decidir si migro mis líneas a Claro."" ¿Qué respuesta es más efectiva para cerrar la venta?
""Necesito cifras claras y comparativas antes de decidir si migro mis líneas a Claro."" ¿Qué respuesta es más efectiva para cerrar la venta?",1.0,Le cuentas una historia motivacional sobre la importancia de comprar por internet.,FALSO,Especialistas,El Arte de Influir,,,Especialistas,PYME
1,"Pregunta de única respuesta. Estás en una reunión con el gerente de una PYME que dice:
""Necesito cifras claras y comparativas antes de decidir si migro mis líneas a Claro."" ¿Qué respuesta es más efectiva para cerrar la venta?
""Necesito cifras claras y comparativas antes de decidir si migro mis líneas a Claro."" ¿Qué respuesta es más efectiva para cerrar la venta?",2.0,Le presentas un cuadro comparativo con ahorros y beneficios tangibles.,VERDADERO,Especialistas,El Arte de Influir,,,Especialistas,PYME
1,"Pregunta de única respuesta. Estás en una reunión con el gerente de una PYME que dice:
""Necesito cifras claras y comparativas antes de decidir si migro mis líneas a Claro."" ¿Qué respuesta es más efectiva para cerrar la venta?
""Necesito cifras claras y comparativas antes de decidir si migro mis líneas a Claro."" ¿Qué respuesta es más efectiva para cerrar la venta?",3.0,Le envías un video institucional sin explicar detalles.,FALSO ,Especialistas,El Arte de Influir,,,Especialistas,PYME
2,"Pregunta de única respuesta. En una presentación con un cliente PYME, ¿qué factor influye más en su percepción de confianza?",,Tu lenguaje corporal (55%).,VERDADERO,Especialistas,El Arte de Influir,,,Especialistas,PYME
2,"Pregunta de única respuesta. En una presentación con un cliente PYME, ¿qué factor influye más en su percepción de confianza?",,Las palabras que usas (7%).,FALSO,Especialistas,El Arte de Influir,,,Especialistas,PYME
2,"Pregunta de única respuesta. En una presentación con un cliente PYME, ¿qué factor influye más en su percepción de confianza?",,Tu tono de voz (38%).,FALSO,Especialistas,El Arte de Influir,,,Especialistas,PYME
3,Pregunta de única respuesta. Un aliado comercial duda en activar un nueva solución para PYMES. ¿Qué estrategia aplicas para persuadirlo?,1.0,"Decirle que “si no lo hace, tendrá un llamado de atención”.",FALSO ,Especialistas,El Arte de Influir,,,Especialistas,PYME
3,Pregunta de única respuesta. Un aliado comercial duda en activar un nueva solución para PYMES. ¿Qué estrategia aplicas para persuadirlo?,2.0,Ofrecerle un descuento inmediato sin explicación.,FALSO ,Especialistas,El Arte de Influir,,,Especialistas,PYME
3,Pregunta de única respuesta. Un aliado comercial duda en activar un nueva solución para PYMES. ¿Qué estrategia aplicas para persuadirlo?,3.0,Presentar datos detallados y alinear con objetivos previos y posteriores.,VERDADERO,Especialistas,El Arte de Influir,,,Especialistas,PYME
4,"Pregunta de única respuesta. Debes motivar a un equipo de un agente zonificado para priorizar ventas de soluciones digitales, pero no tienes autoridad jerárquica. ¿Qué acción es más efectiva?",1.0,Dar órdenes por encima de cualquier cargo.,FALSO,Especialistas,El Arte de Influir,,,Especialistas,PYME
4,"Pregunta de única respuesta. Debes motivar a un equipo de un agente zonificado para priorizar ventas de soluciones digitales, pero no tienes autoridad jerárquica. ¿Qué acción es más efectiva?",2.0,Amenazar con quitar beneficios si no cumplen.,FALSO,Especialistas,El Arte de Influir,,,Especialistas,PYME
4,"Pregunta de única respuesta. Debes motivar a un equipo de un agente zonificado para priorizar ventas de soluciones digitales, pero no tienes autoridad jerárquica. ¿Qué acción es más efectiva?",3.0,Motivar al equipo y persuadir para lograr una visión compartida.,VERDADERO,Especialistas,El Arte de Influir,,,Especialistas,PYME
5,"Pregunta de única respuesta. Durante una visita, el dueño de la PYME comenta que le gusta el ciclismo, igual que tú. ¿Cómo aplicas el principio de simpatía?",1.0,Mostrar semejanza en opiniones o aficiones para generar cercanía.,VERDADERO,Especialistas,El Arte de Influir,,,Especialistas,PYME
5,"Pregunta de única respuesta. Durante una visita, el dueño de la PYME comenta que le gusta el ciclismo, igual que tú. ¿Cómo aplicas el principio de simpatía?",2.0,Ignorar el comentario y seguir con la propuesta.,FALSO ,Especialistas,El Arte de Influir,,,Especialistas,PYME
5,"Pregunta de única respuesta. Durante una visita, el dueño de la PYME comenta que le gusta el ciclismo, igual que tú. ¿Cómo aplicas el principio de simpatía?",3.0,Ofrecer un plan sin explicar beneficios.,FALSO ,Especialistas,El Arte de Influir,,,Especialistas,PYME
6,"Pregunta de única respuesta. Un gerente PYME dice:
""Necesito saber qué hay que hacer y en cuánto tiempo para instalar la fibra.""¿Cómo respondes según el estilo directo?
""Necesito saber qué hay que hacer y en cuánto tiempo para instalar la fibra.""¿Cómo respondes según el estilo directo?",1.0,Envía un documento extenso con antecedentes técnicos sin responder su solicitud puntual.,FALSO ,Especialistas,El Arte de Influir,,,Especialistas,PYME
6,"Pregunta de única respuesta. Un gerente PYME dice:
""Necesito saber qué hay que hacer y en cuánto tiempo para instalar la fibra.""¿Cómo respondes según el estilo directo?
""Necesito saber qué hay que hacer y en cuánto tiempo para instalar la fibra.""¿Cómo respondes según el estilo directo?",2.0,"Sé directo, ve al grano y utiliza cifras/números. ",VERDADERO,Especialistas,El Arte de Influir,,,Especialistas,PYME
6,"Pregunta de única respuesta. Un gerente PYME dice:
""Necesito saber qué hay que hacer y en cuánto tiempo para instalar la fibra.""¿Cómo respondes según el estilo directo?
""Necesito saber qué hay que hacer y en cuánto tiempo para instalar la fibra.""¿Cómo respondes según el estilo directo?",3.0,Le das vuelta al asunto y luego sí eres específico.,FALSO ,Especialistas,El Arte de Influir,,,Especialistas,PYME
7,Pregunta de única respuesta. Detectas que un aliado clave está “alejado” en tu mapa de proximidad y no prioriza tus soluciones. ¿Qué estrategia aplicas primero?,1.0,Enviar un correo con información técnica.,FALSO ,Especialistas,El Arte de Influir,,,Especialistas,PYME
7,Pregunta de única respuesta. Detectas que un aliado clave está “alejado” en tu mapa de proximidad y no prioriza tus soluciones. ¿Qué estrategia aplicas primero?,2.0,Ofrecer un descuento inmediato sin conversación previa.,FALSO ,Especialistas,El Arte de Influir,,,Especialistas,PYME
7,Pregunta de única respuesta. Detectas que un aliado clave está “alejado” en tu mapa de proximidad y no prioriza tus soluciones. ¿Qué estrategia aplicas primero?,3.0,Ubicarlo en el mapa y generar cercanía con interacción personal.,VERDADERO,Especialistas,El Arte de Influir,,,Especialistas,PYME
8,"Un empleado conecta su dispositivo móvil a una red WiFi pública sin protección.
¿Cuál es el principal riesgo asociado a esta acción?
¿Cuál es el principal riesgo asociado a esta acción?",1.0,Exposición a ataques de phishing y malware,VERDADERO,Especialistas,Línea Segura,,,Especialistas,PYME
8,"Un empleado conecta su dispositivo móvil a una red WiFi pública sin protección.
¿Cuál es el principal riesgo asociado a esta acción?
¿Cuál es el principal riesgo asociado a esta acción?",2.0,Pérdida de la garantía del dispositivo,FALSO ,Especialistas,Línea Segura,,,Especialistas,PYME
8,"Un empleado conecta su dispositivo móvil a una red WiFi pública sin protección.
¿Cuál es el principal riesgo asociado a esta acción?
¿Cuál es el principal riesgo asociado a esta acción?",3.0,Bloqueo de aplicaciones instaladas,FALSO ,Especialistas,Línea Segura,,,Especialistas,PYME
9,"Un dispositivo corporativo fue comprometido mediante un ataque de phishing exitoso.
¿Cuál es el siguiente paso más probable en la cadena de exterminio móvil?
¿Cuál es el siguiente paso más probable en la cadena de exterminio móvil?",1.0,Bloqueo del acceso a redes WiFi,FALSO ,Especialistas,Línea Segura,,,Especialistas,PYME
9,"Un dispositivo corporativo fue comprometido mediante un ataque de phishing exitoso.
¿Cuál es el siguiente paso más probable en la cadena de exterminio móvil?
¿Cuál es el siguiente paso más probable en la cadena de exterminio móvil?",2.0,Instalación de actualizaciones del sistema,FALSO ,Especialistas,Línea Segura,,,Especialistas,PYME
9,"Un dispositivo corporativo fue comprometido mediante un ataque de phishing exitoso.
¿Cuál es el siguiente paso más probable en la cadena de exterminio móvil?
¿Cuál es el siguiente paso más probable en la cadena de exterminio móvil?",3.0,Robo de credenciales del usuario,VERDADERO,Especialistas,Línea Segura,,,Especialistas,PYME
10,"Una empresa busca proteger sus dispositivos móviles contra aplicaciones maliciosas y conexiones inseguras.
¿Qué solución ofrece Lookout para este propósito?
¿Qué solución ofrece Lookout para este propósito?",1.0,Bloqueo de llamadas no deseadas,FALSO ,Especialistas,Línea Segura,,,Especialistas,PYME
10,"Una empresa busca proteger sus dispositivos móviles contra aplicaciones maliciosas y conexiones inseguras.
¿Qué solución ofrece Lookout para este propósito?
¿Qué solución ofrece Lookout para este propósito?",2.0,Protección continua contra amenazas móviles,VERDADERO,Especialistas,Línea Segura,,,Especialistas,PYME
10,"Una empresa busca proteger sus dispositivos móviles contra aplicaciones maliciosas y conexiones inseguras.
¿Qué solución ofrece Lookout para este propósito?
¿Qué solución ofrece Lookout para este propósito?",3.0,Eliminación de datos personales del dispositivo,FALSO ,Especialistas,Línea Segura,,,Especialistas,PYME
11,"Un cliente pyme solicita protección contra ataques de phishing en dispositivos móviles.
¿Cuál es la funcionalidad principal que ofrece la aplicación Lookout for Work?
¿Cuál es la funcionalidad principal que ofrece la aplicación Lookout for Work?",1.0,Eliminación de archivos duplicados,FALSO,Especialistas,Línea Segura,,,Especialistas,PYME
11,"Un cliente pyme solicita protección contra ataques de phishing en dispositivos móviles.
¿Cuál es la funcionalidad principal que ofrece la aplicación Lookout for Work?
¿Cuál es la funcionalidad principal que ofrece la aplicación Lookout for Work?",2.0,Bloqueo de enlaces maliciosos y phishing,VERDADERO,Especialistas,Línea Segura,,,Especialistas,PYME
11,"Un cliente pyme solicita protección contra ataques de phishing en dispositivos móviles.
¿Cuál es la funcionalidad principal que ofrece la aplicación Lookout for Work?
¿Cuál es la funcionalidad principal que ofrece la aplicación Lookout for Work?",3.0,Optimización del consumo de datos,FALSO,Especialistas,Línea Segura,,,Especialistas,PYME
12,"Durante la activación del servicio, el cliente pregunta por la privacidad de sus datos.
¿Qué garantiza Lookout respecto a la información personal?
¿Qué garantiza Lookout respecto a la información personal?",1.0,Publica los datos en la nube para análisis,FALSO,Especialistas,Línea Segura,,,Especialistas,PYME
12,"Durante la activación del servicio, el cliente pregunta por la privacidad de sus datos.
¿Qué garantiza Lookout respecto a la información personal?
¿Qué garantiza Lookout respecto a la información personal?",2.0,Comparte datos con terceros para mejorar la seguridad,FALSO,Especialistas,Línea Segura,,,Especialistas,PYME
12,"Durante la activación del servicio, el cliente pregunta por la privacidad de sus datos.
¿Qué garantiza Lookout respecto a la información personal?
¿Qué garantiza Lookout respecto a la información personal?",3.0,No retiene ni comparte datos personales con el administrador,VERDADERO,Especialistas,Línea Segura,,,Especialistas,PYME
13,"Un ejecutivo debe explicar el proceso de activación de la licencia Lookout.
¿Cuál es el primer paso que debe realizar el cliente?
¿Cuál es el primer paso que debe realizar el cliente?",1.0,Solicitar un cambio de plan,FALSO,Especialistas,Línea Segura,,,Especialistas,PYME
13,"Un ejecutivo debe explicar el proceso de activación de la licencia Lookout.
¿Cuál es el primer paso que debe realizar el cliente?
¿Cuál es el primer paso que debe realizar el cliente?",2.0,Descargar la aplicación Lookout for Work,VERDADERO,Especialistas,Línea Segura,,,Especialistas,PYME
13,"Un ejecutivo debe explicar el proceso de activación de la licencia Lookout.
¿Cuál es el primer paso que debe realizar el cliente?
¿Cuál es el primer paso que debe realizar el cliente?",3.0,Llamar a la mesa de soporte,FALSO,Especialistas,Línea Segura,,,Especialistas,PYME
14,"Pregunta de única respuesta. Un banco regional necesita implementar Correo Seguro para proteger sus comunicaciones financieras. Durante el proceso de venta, ¿qué opciones de licencia debe considerar el comercial?",1.0,Básico y Empresarial,FALSA,Especialistas,Correo Seguro,,,Especialistas,PYME
14,"Pregunta de única respuesta. Un banco regional necesita implementar Correo Seguro para proteger sus comunicaciones financieras. Durante el proceso de venta, ¿qué opciones de licencia debe considerar el comercial?",2.0,Estándar y Premium,FALSA,Especialistas,Correo Seguro,,,Especialistas,PYME
14,"Pregunta de única respuesta. Un banco regional necesita implementar Correo Seguro para proteger sus comunicaciones financieras. Durante el proceso de venta, ¿qué opciones de licencia debe considerar el comercial?",3.0,Básico y Avanzado,VERDADERA,Especialistas,Correo Seguro,,,Especialistas,PYME
15,"Pregunta de única respuesta. Una firma de abogados corporativos con oficinas en 3 ciudades adquiere el producto de Correo Seguro, el consultor requiere legalizar la venta. ¿A qué dirección debe enviar la documentación el comercial?",1.0,digitacion.co@claro.com.co,FALSA,Especialistas,Correo Seguro,,,Especialistas,PYME
15,"Pregunta de única respuesta. Una firma de abogados corporativos con oficinas en 3 ciudades adquiere el producto de Correo Seguro, el consultor requiere legalizar la venta. ¿A qué dirección debe enviar la documentación el comercial?",2.0,legalizacion.co@claro.com.co,VERDADERA,Especialistas,Correo Seguro,,,Especialistas,PYME
15,"Pregunta de única respuesta. Una firma de abogados corporativos con oficinas en 3 ciudades adquiere el producto de Correo Seguro, el consultor requiere legalizar la venta. ¿A qué dirección debe enviar la documentación el comercial?",3.0,soporte.co@claro.com.co,FALSA,Especialistas,Correo Seguro,,,Especialistas,PYME
16,Pregunta de única respuesta. Una cadena hospitalaria implementa Correo Seguro para proteger datos de pacientes. ¿Cuál de estas actividades NO es parte del proceso de implementación?,1.0,Validaciones administrativas de riesgo y cartera,FALSA,Especialistas,Correo Seguro,,,Especialistas,PYME
16,Pregunta de única respuesta. Una cadena hospitalaria implementa Correo Seguro para proteger datos de pacientes. ¿Cuál de estas actividades NO es parte del proceso de implementación?,2.0,Generación de incidente de venta y OT,FALSA,Especialistas,Correo Seguro,,,Especialistas,PYME
16,Pregunta de única respuesta. Una cadena hospitalaria implementa Correo Seguro para proteger datos de pacientes. ¿Cuál de estas actividades NO es parte del proceso de implementación?,3.0,Desarrollo del software médico personalizado,VERDADERA,Especialistas,Correo Seguro,,,Especialistas,PYME
17,Pregunta de única respuesta. Una empresa de energía con directivos expuestos a ciberataques necesita proteger buzones específicos. ¿Qué debe hacer?,1.0,Contratar el servicio Avanzado exclusivamente,FALSA,Especialistas,Correo Seguro,,,Especialistas,PYME
17,Pregunta de única respuesta. Una empresa de energía con directivos expuestos a ciberataques necesita proteger buzones específicos. ¿Qué debe hacer?,2.0,Informar los BEC (Buzones de Alta Exposición al Ciberriesgo),VERDADERA,Especialistas,Correo Seguro,,,Especialistas,PYME
17,Pregunta de única respuesta. Una empresa de energía con directivos expuestos a ciberataques necesita proteger buzones específicos. ¿Qué debe hacer?,3.0,Realizar una solicitud de cambio formal,FALSA,Especialistas,Correo Seguro,,,Especialistas,PYME
18,Pregunta de única respuesta. Una universidad privada firma el contrato de Correo Seguro mediante Docusign. ¿Qué acción sigue para el comercial?,1.0,Configurar personalmente el servicio en la nube,FALSA,Especialistas,Correo Seguro,,,Especialistas,PYME
18,Pregunta de única respuesta. Una universidad privada firma el contrato de Correo Seguro mediante Docusign. ¿Qué acción sigue para el comercial?,2.0,Realizar pruebas de seguridad académicas,FALSA,Especialistas,Correo Seguro,,,Especialistas,PYME
18,Pregunta de única respuesta. Una universidad privada firma el contrato de Correo Seguro mediante Docusign. ¿Qué acción sigue para el comercial?,3.0,Enviar documentación a digitacion.co@claro.com.co para digitación de OT,VERDADERA,Especialistas,Correo Seguro,,,Especialistas,PYME
19,Pregunta de única respuesta. Una empresa farmacéutica necesita capacidades de administración limitada en Correo Seguro. ¿Qué alcance tiene su usuario administrador?,1.0,Acceso total a la configuración del servidor,FALSA,Especialistas,Correo Seguro,,,Especialistas,PYME
19,Pregunta de única respuesta. Una empresa farmacéutica necesita capacidades de administración limitada en Correo Seguro. ¿Qué alcance tiene su usuario administrador?,2.0,Modificación de políticas de seguridad globales,FALSA,Especialistas,Correo Seguro,,,Especialistas,PYME
19,Pregunta de única respuesta. Una empresa farmacéutica necesita capacidades de administración limitada en Correo Seguro. ¿Qué alcance tiene su usuario administrador?,3.0,"Creación de Listas Blancas/Negras, liberación de correos y revisión de cuarentena",VERDADERA,Especialistas,Correo Seguro,,,Especialistas,PYME
20,Pregunta de única respuesta. Una consultora multinacional necesita reportar una falla crítica en su servicio de Correo Seguro. ¿Qué canal de atención debe utilizar?,1.0,Tel: (601) 7488888 - 7480456 y https://servicio.triara.co/ess.do,VERDADERA,Especialistas,Correo Seguro,,,Especialistas,PYME
20,Pregunta de única respuesta. Una consultora multinacional necesita reportar una falla crítica en su servicio de Correo Seguro. ¿Qué canal de atención debe utilizar?,2.0,Enviar un correo al Service Manager personal,FALSA,Especialistas,Correo Seguro,,,Especialistas,PYME
20,Pregunta de única respuesta. Una consultora multinacional necesita reportar una falla crítica en su servicio de Correo Seguro. ¿Qué canal de atención debe utilizar?,3.0,Contactar directamente al CEO de la empresa,FALSA,Especialistas,Correo Seguro,,,Especialistas,PYME
1,"Pregunta de única respuesta. La empresa TecnoRed S.A.S. desea migrar su correo tradicional a la nube, con buzones de 50 GB y herramientas básicas de productividad. No tiene más de 200 empleados. ¿Qué plan sería el más adecuado para iniciar?",1.0,Exchange Plan 1,FALSO,Agentes,Microsoft 365,,,Agentes,PYME
1,"Pregunta de única respuesta. La empresa TecnoRed S.A.S. desea migrar su correo tradicional a la nube, con buzones de 50 GB y herramientas básicas de productividad. No tiene más de 200 empleados. ¿Qué plan sería el más adecuado para iniciar?",2.0,Microsoft 365 Business Basic,VERDADERO,Agentes,Microsoft 365,,,Agentes,PYME
1,"Pregunta de única respuesta. La empresa TecnoRed S.A.S. desea migrar su correo tradicional a la nube, con buzones de 50 GB y herramientas básicas de productividad. No tiene más de 200 empleados. ¿Qué plan sería el más adecuado para iniciar?",3.0,Microsoft 365 E1,FALSO,Agentes,Microsoft 365,,,Agentes,PYME
2,"Pregunta de única respuesta. Soluciones Verdes S.A. tiene 280 empleados y necesita correo, Teams y aplicaciones de escritorio. No planea superar los 300 usuarios este año. ¿Qué licenciamiento debería adquirir?",1.0,Microsoft 365 Business Standard,VERDADERO,Agentes,Microsoft 365,,,Agentes,PYME
2,"Pregunta de única respuesta. Soluciones Verdes S.A. tiene 280 empleados y necesita correo, Teams y aplicaciones de escritorio. No planea superar los 300 usuarios este año.
¿Qué licenciamiento debería adquirir?
¿Qué licenciamiento debería adquirir?",2.0,Microsoft 365 Enterprise E5,FALSO,Agentes,Microsoft 365,,,Agentes,PYME
2,"Pregunta de única respuesta. Soluciones Verdes S.A. tiene 280 empleados y necesita correo, Teams y aplicaciones de escritorio. No planea superar los 300 usuarios este año.
¿Qué licenciamiento debería adquirir?
¿Qué licenciamiento debería adquirir?",3.0,Microsoft 365 Business Premium,FALSO,Agentes,Microsoft 365,,,Agentes,PYME
3,"Pregunta de única respuesta. GlobalTech Corp. requiere un plan sin límite de usuarios, con seguridad avanzada y herramientas completas en la nube y escritorio.
¿Qué opción le conviene más?
¿Qué opción le conviene más?",1.0,Microsoft 365 Apps for Business,FALSO,Agentes,Microsoft 365,,,Agentes,PYME
3,"Pregunta de única respuesta. GlobalTech Corp. requiere un plan sin límite de usuarios, con seguridad avanzada y herramientas completas en la nube y escritorio.
¿Qué opción le conviene más?
¿Qué opción le conviene más?",2.0,Microsoft 365 Business Premium,FALSO,Agentes,Microsoft 365,,,Agentes,PYME
3,"Pregunta de única respuesta. GlobalTech Corp. requiere un plan sin límite de usuarios, con seguridad avanzada y herramientas completas en la nube y escritorio.
¿Qué opción le conviene más?
¿Qué opción le conviene más?",3.0,Microsoft 365 Enterprise E5,VERDADERO,Agentes,Microsoft 365,,,Agentes,PYME
4,"Preunta de única respuesta. TechService Ltda. necesita un plan solo para correo electrónico seguro y profesional, sin aplicaciones de Office.
¿Cuál debería elegir?
¿Cuál debería elegir?",1.0,Exchange Plan 1,VERDADERO,Agentes,Microsoft 365,,,Agentes,PYME
4,"Preunta de única respuesta. TechService Ltda. necesita un plan solo para correo electrónico seguro y profesional, sin aplicaciones de Office.
¿Cuál debería elegir?
¿Cuál debería elegir?",2.0,Microsoft 365 Business Premium,FALSO,Agentes,Microsoft 365,,,Agentes,PYME
4,"Preunta de única respuesta. TechService Ltda. necesita un plan solo para correo electrónico seguro y profesional, sin aplicaciones de Office.
¿Cuál debería elegir?
¿Cuál debería elegir?",3.0,Office 365 E3,FALSO,Agentes,Microsoft 365,,,Agentes,PYME
5,"Preunta de única respuesta. DataSecure S.A. busca licencias que incluyan inteligencia artificial, seguridad y administración de identidad.
¿Cuál plan se ajusta mejor?
¿Cuál plan se ajusta mejor?",1.0,Office 365 F3,FALSO,Agentes,Microsoft 365,,,Agentes,PYME
5,"Preunta de única respuesta. DataSecure S.A. busca licencias que incluyan inteligencia artificial, seguridad y administración de identidad.
¿Cuál plan se ajusta mejor?
¿Cuál plan se ajusta mejor?",2.0,Microsoft 365 E5,VERDADERO,Agentes,Microsoft 365,,,Agentes,PYME
5,"Preunta de única respuesta. DataSecure S.A. busca licencias que incluyan inteligencia artificial, seguridad y administración de identidad.
¿Cuál plan se ajusta mejor?
¿Cuál plan se ajusta mejor?",3.0,Microsoft 365 Business Standard,FALSO,Agentes,Microsoft 365,,,Agentes,PYME
6,"Pregunta de única respuesta. La empresa Innovasoft Ltda. tiene 150 empleados y necesita correo, aplicaciones de escritorio, servicios en la nube y seguridad avanzada para proteger sus datos. ¿Qué plan de Microsoft 365 sería el más adecuado?",1.0,Microsoft 365 Business Premium,VERDADERO,Agentes,Microsoft 365,,,Agentes,PYME
6,"Pregunta de única respuesta. La empresa Innovasoft Ltda. tiene 150 empleados y necesita correo, aplicaciones de escritorio, servicios en la nube y seguridad avanzada para proteger sus datos. ¿Qué plan de Microsoft 365 sería el más adecuado?",2.0,Microsoft 365 Business Basic,FALSO,Agentes,Microsoft 365,,,Agentes,PYME
6,"Pregunta de única respuesta. La empresa Innovasoft Ltda. tiene 150 empleados y necesita correo, aplicaciones de escritorio, servicios en la nube y seguridad avanzada para proteger sus datos. ¿Qué plan de Microsoft 365 sería el más adecuado?",3.0,Office 365 E1,FALSO,Agentes,Microsoft 365,,,Agentes,PYME
7,"Pregunta de única respuesta. El gerente de TI de RedCom Global evalúa adquirir licencias Office 365 E3 o E5, pero quiere saber cuál ofrece mayor nivel de seguridad.
¿Cuál es la diferencia principal entre E3 y E5?
¿Cuál es la diferencia principal entre E3 y E5?",1.0,El plan E3 no incluye correo electrónico ni OneDrive.,FALSO,Agentes,Microsoft 365,,,Agentes,PYME
7,"Pregunta de única respuesta. El gerente de TI de RedCom Global evalúa adquirir licencias Office 365 E3 o E5, pero quiere saber cuál ofrece mayor nivel de seguridad.
¿Cuál es la diferencia principal entre E3 y E5?
¿Cuál es la diferencia principal entre E3 y E5?",2.0,El plan E5 ofrece características de seguridad avanzada y análisis de datos mejorados.,VERDADERO,Agentes,Microsoft 365,,,Agentes,PYME
7,"Pregunta de única respuesta. El gerente de TI de RedCom Global evalúa adquirir licencias Office 365 E3 o E5, pero quiere saber cuál ofrece mayor nivel de seguridad.
¿Cuál es la diferencia principal entre E3 y E5?
¿Cuál es la diferencia principal entre E3 y E5?",3.0,El plan E3 permite más usuarios que el E5,FALSO,Agentes,Microsoft 365,,,Agentes,PYME
8,"Pregunta de única respuesta. ""TecnoSoluciones"", una PYME de 15 empleados que brinda servicios de TI, quiere proteger los celulares corporativos de su equipo de ventas que constantemente reciben enlaces sospechosos por WhatsApp y SMS. ¿Qué solución específica del producto aborda este problema?",1.0,Control parental para dispositivos,FALSO,Agentes,Super Protect,,,Agentes,PYME
8,"Pregunta de única respuesta. ""TecnoSoluciones"", una PYME de 15 empleados que brinda servicios de TI, quiere proteger los celulares corporativos de su equipo de ventas que constantemente reciben enlaces sospechosos por WhatsApp y SMS. ¿Qué solución específica del producto aborda este problema?",2.0,Protección anti-smishing en mensajes de texto,VERDADERO,Agentes,Super Protect,,,Agentes,PYME
8,"Pregunta de única respuesta. ""TecnoSoluciones"", una PYME de 15 empleados que brinda servicios de TI, quiere proteger los celulares corporativos de su equipo de ventas que constantemente reciben enlaces sospechosos por WhatsApp y SMS. ¿Qué solución específica del producto aborda este problema?",3.0,Bloqueo de llamadas internacionales,FALSO,Agentes,Super Protect,,,Agentes,PYME
9,"Pregunta de única respuesta. ""Consultoría Legal & Asociados"" es muy estricta con la privacidad de datos de sus abogados. Al considerar Lookout, ¿qué garantía de privacidad encuentran en el material?",1.0,Lookout retiene datos de ubicación para análisis,FALSO,Agentes,Super Protect,,,Agentes,PYME
9,"Pregunta de única respuesta. ""Consultoría Legal & Asociados"" es muy estricta con la privacidad de datos de sus abogados. Al considerar Lookout, ¿qué garantía de privacidad encuentran en el material?",2.0,Lookout no retiene ni pasa datos personales al administrador,VERDADERO,Agentes,Super Protect,,,Agentes,PYME
9,"Pregunta de única respuesta. ""Consultoría Legal & Asociados"" es muy estricta con la privacidad de datos de sus abogados. Al considerar Lookout, ¿qué garantía de privacidad encuentran en el material?",3.0,Lookout comparte datos con terceros para mejora del servicio,FALSO,Agentes,Super Protect,,,Agentes,PYME
10,"Pregunta de única respuesta. ""Clínica Santa María"" implementó Lookout y un médico reporta que su dispositivo muestra una alerta de ""jailbreak detectado"". ¿Qué acción toma Lookout en estos casos?",1.0,Bloquea permanentemente el acceso a datos corporativos,FALSO,Agentes,Super Protect,,,Agentes,PYME
10,"Pregunta de única respuesta. ""Clínica Santa María"" implementó Lookout y un médico reporta que su dispositivo muestra una alerta de ""jailbreak detectado"". ¿Qué acción toma Lookout en estos casos?",2.0,Elimina automáticamente todas las aplicaciones del dispositivo,FALSO,Agentes,Super Protect,,,Agentes,PYME
10,"Pregunta de única respuesta. ""Clínica Santa María"" implementó Lookout y un médico reporta que su dispositivo muestra una alerta de ""jailbreak detectado"". ¿Qué acción toma Lookout en estos casos?",3.0,Muestra una alerta al usuario con recomendaciones para reducir riesgos,VERDADERO,Agentes,Super Protect,,,Agentes,PYME
11,"Pregunta de única respuesta. ""Food Delivery Express"" tiene flotilla de 12 moteros. Tras implementar Lookout, un repartidor intenta acceder a un enlace de phishing para robo de credenciales. ¿Qué hace el sistema?",1.0,Detecta y bloquea la navegación al sitio de phishing automáticamente,VERDADERO,Agentes,Super Protect,,,Agentes,PYME
11,"Pregunta de única respuesta. ""Food Delivery Express"" tiene flotilla de 12 moteros. Tras implementar Lookout, un repartidor intenta acceder a un enlace de phishing para robo de credenciales. ¿Qué hace el sistema?",2.0,Permite el acceso pero registra el evento,FALSO,Agentes,Super Protect,,,Agentes,PYME
11,"Pregunta de única respuesta. ""Food Delivery Express"" tiene flotilla de 12 moteros. Tras implementar Lookout, un repartidor intenta acceder a un enlace de phishing para robo de credenciales. ¿Qué hace el sistema?",3.0,Envía una notificación al administrador después de 24 horas,FALSO,Agentes,Super Protect,,,Agentes,PYME
12,"Pregunta de única respuesta. ""Inversiones Financieras Globales"" está particularmente preocupada por el phishing dirigido a dispositivos móviles. ¿Qué dato del material respalda la necesidad urgente de implementar Lookout?",1.0,El 60% de los sitios de phishing están en la dark web,FALSO,Agentes,Super Protect,,,Agentes,PYME
12,"Pregunta de única respuesta. ""Inversiones Financieras Globales"" está particularmente preocupada por el phishing dirigido a dispositivos móviles. ¿Qué dato del material respalda la necesidad urgente de implementar Lookout?",2.0,El 80% de los sitios de phishing están diseñados para móvil y 85% de ataques ocurren fuera del correo,VERDADERO,Agentes,Super Protect,,,Agentes,PYME
12,"Pregunta de única respuesta. ""Inversiones Financieras Globales"" está particularmente preocupada por el phishing dirigido a dispositivos móviles. ¿Qué dato del material respalda la necesidad urgente de implementar Lookout?",3.0,El 70% de los empleados comparten contraseñas corporativas,FALSO,Agentes,Super Protect,,,Agentes,PYME
13,"Pregunta de única respuesta. ""Consultoría Empresarial HC"" tiene un empleado que viaja frecuentemente y necesita acceso seguro desde diferentes ubicaciones. ¿Qué característica de Lookout permite esta conectividad segura?",1.0,Protege sin importar donde se encuentre el usuario,VERDADERO,Agentes,Super Protect,,,Agentes,PYME
13,"Pregunta de única respuesta. ""Consultoría Empresarial HC"" tiene un empleado que viaja frecuentemente y necesita acceso seguro desde diferentes ubicaciones. ¿Qué característica de Lookout permite esta conectividad segura?",2.0,Requiere conexión WiFi permanente para funcionar,FALSO,Agentes,Super Protect,,,Agentes,PYME
13,"Pregunta de única respuesta. ""Consultoría Empresarial HC"" tiene un empleado que viaja frecuentemente y necesita acceso seguro desde diferentes ubicaciones. ¿Qué característica de Lookout permite esta conectividad segura?",3.0,Solo funciona en horario laboral,FALSO,Agentes,Super Protect,,,Agentes,PYME
14,"Pregunta de única respuesta. ""Servicios Integrales CA"" contrató 8 líneas con Lookout. A los 3 meses, un dispositivo es reportado como robado. ¿Qué canal de atención específico debe contactar el administrador para reportar el incidente?",1.0,Línea 123 de emergencias,FALSO,Agentes,Super Protect,,,Agentes,PYME
14,"Pregunta de única respuesta. ""Servicios Integrales CA"" contrató 8 líneas con Lookout. A los 3 meses, un dispositivo es reportado como robado. ¿Qué canal de atención específico debe contactar el administrador para reportar el incidente?",2.0,Soporte técnico del fabricante del dispositivo,FALSO,Agentes,Super Protect,,,Agentes,PYME
14,"Pregunta de única respuesta. ""Servicios Integrales CA"" contrató 8 líneas con Lookout. A los 3 meses, un dispositivo es reportado como robado. ¿Qué canal de atención específico debe contactar el administrador para reportar el incidente?",3.0,Mesa de soporte *722 de Claro Empresas,VERDADERO,Agentes,Super Protect,,,Agentes,PYME
15,"Pregunta de única respuesta. ""Logística Integral SA"" necesita conectar 1,800 dispositivos de rastreo vehicular. ¿Qué bolsa de gigas IoT deberían contratar según la tabla de capacidad?",1.0,10 GB,FALSO,Agentes,Bolsa de Gigas,,,Agentes,PYME
15,"Pregunta de única respuesta. ""Logística Integral SA"" necesita conectar 1,800 dispositivos de rastreo vehicular. ¿Qué bolsa de gigas IoT deberían contratar según la tabla de capacidad?",2.0,15 GB,FALSO,Agentes,Bolsa de Gigas,,,Agentes,PYME
15,"Pregunta de única respuesta. ""Logística Integral SA"" necesita conectar 1,800 dispositivos de rastreo vehicular. ¿Qué bolsa de gigas IoT deberían contratar según la tabla de capacidad?",3.0,20 GB,VERDADERO,Agentes,Bolsa de Gigas,,,Agentes,PYME
16,"Pregunta de única respuesta. Una empresa de telemetría con 4,500 sensores distribuidos quiere centralizar el consumo de datos bajo una sola bolsa. ¿Es posible con esta oferta?",1.0,"No, el máximo son 2,000 líneas",FALSO,Agentes,Bolsa de Gigas,,,Agentes,PYME
16,"Pregunta de única respuesta. Una empresa de telemetría con 4,500 sensores distribuidos quiere centralizar el consumo de datos bajo una sola bolsa. ¿Es posible con esta oferta?",2.0,"Sí, con la bolsa de 50 GB que soporta hasta 5,000 líneas",VERDADERO,Agentes,Bolsa de Gigas,,,Agentes,PYME
16,"Pregunta de única respuesta. Una empresa de telemetría con 4,500 sensores distribuidos quiere centralizar el consumo de datos bajo una sola bolsa. ¿Es posible con esta oferta?",3.0,No aplica para servicios M2M,FALSO,Agentes,Bolsa de Gigas,,,Agentes,PYME
17,Pregunta de única respuesta. Una retail chain con 8 sucursales quiere monitorear sus neveras inteligentes. Cada tienda consume entre 15-35 MB mensuales. ¿Para qué tipo de clientes está diseñada esta solución?,1.0,Solo para entidades gubernamentales,FALSO,Agentes,Bolsa de Gigas,,,Agentes,PYME
17,Pregunta de única respuesta. Una retail chain con 8 sucursales quiere monitorear sus neveras inteligentes. Cada tienda consume entre 15-35 MB mensuales. ¿Para qué tipo de clientes está diseñada esta solución?,2.0,Para personas naturales con múltiples dispositivos,FALSO,Agentes,Bolsa de Gigas,,,Agentes,PYME
17,Pregunta de única respuesta. Una retail chain con 8 sucursales quiere monitorear sus neveras inteligentes. Cada tienda consume entre 15-35 MB mensuales. ¿Para qué tipo de clientes está diseñada esta solución?,3.0,Clientes con consumos de datos variables en sus líneas,VERDADERO,Agentes,Bolsa de Gigas,,,Agentes,PYME
18,"Pregunta de única respuesta. ""Telemetría Avanzada"" actualmente tiene 600 líneas con otro operador y quiere migrar a Claro. ¿Qué ventaja destacaría según el material?",1.0,Las líneas incluyen roaming internacional ilimitado,FALSO,Agentes,Bolsa de Gigas,,,Agentes,PYME
18,"Pregunta de única respuesta. ""Telemetría Avanzada"" actualmente tiene 600 líneas con otro operador y quiere migrar a Claro. ¿Qué ventaja destacaría según el material?",2.0,No requiere firma de contrato,FALSO,Agentes,Bolsa de Gigas,,,Agentes,PYME
18,"Pregunta de única respuesta. ""Telemetría Avanzada"" actualmente tiene 600 líneas con otro operador y quiere migrar a Claro. ¿Qué ventaja destacaría según el material?",3.0,Podrá tener todas sus líneas con Claro en un solo CFM,VERDADERO,Agentes,Bolsa de Gigas,,,Agentes,PYME
19,"Pregunta de única respuesta. Según las condiciones y restricciones, ¿qué tipo de cliente puede acceder a la bolsa de gigas IoT?",1.0,Personas naturales tipo cédula,FALSO,Agentes,Bolsa de Gigas,,,Agentes,PYME
19,"Pregunta de única respuesta. Según las condiciones y restricciones, ¿qué tipo de cliente puede acceder a la bolsa de gigas IoT?",2.0,Persona jurídica tipo NIT catalogados como cliente B2B,VERDADERO,Agentes,Bolsa de Gigas,,,Agentes,PYME
19,"Pregunta de única respuesta. Según las condiciones y restricciones, ¿qué tipo de cliente puede acceder a la bolsa de gigas IoT?",3.0,Solo entidades educativas,FALSO,Agentes,Bolsa de Gigas,,,Agentes,PYME
20,Pregunta de única respuesta. Una empresa de seguridad vehicular necesita que sus dispositivos se conecten a APNs privados. ¿La bolsa de gigas IoT permite este uso?,1.0,"No, solo funciona con APN público de Claro",FALSO,Agentes,Bolsa de Gigas,,,Agentes,PYME
20,Pregunta de única respuesta. Una empresa de seguridad vehicular necesita que sus dispositivos se conecten a APNs privados. ¿La bolsa de gigas IoT permite este uso?,2.0,"Sí, aplica para ser utilizado con APNs privados",VERDADERO,Agentes,Bolsa de Gigas,,,Agentes,PYME
20,Pregunta de única respuesta. Una empresa de seguridad vehicular necesita que sus dispositivos se conecten a APNs privados. ¿La bolsa de gigas IoT permite este uso?,3.0,Solo para aplicaciones de mensajería,FALSO,Agentes,Bolsa de Gigas,,,Agentes,PYME
1,"Pregunta de única respuesta. La empresa TecnoRed S.A.S. desea migrar su correo tradicional a la nube, con buzones de 50 GB y herramientas básicas de productividad. No tiene más de 200 empleados. ¿Qué plan sería el más adecuado para iniciar?",1.0,Exchange Plan 1,FALSO,TMK Fijo,Microsoft 365,,,TMK fijo,PYME
1,"Pregunta de única respuesta. La empresa TecnoRed S.A.S. desea migrar su correo tradicional a la nube, con buzones de 50 GB y herramientas básicas de productividad. No tiene más de 200 empleados. ¿Qué plan sería el más adecuado para iniciar?",2.0,Microsoft 365 Business Basic,VERDADERO,TMK Fijo,Microsoft 365,,,TMK fijo,PYME
1,"Pregunta de única respuesta. La empresa TecnoRed S.A.S. desea migrar su correo tradicional a la nube, con buzones de 50 GB y herramientas básicas de productividad. No tiene más de 200 empleados. ¿Qué plan sería el más adecuado para iniciar?",3.0,Microsoft 365 E1,FALSO,TMK Fijo,Microsoft 365,,,TMK fijo,PYME
2,"Pregunta de única respuesta. Soluciones Verdes S.A. tiene 280 empleados y necesita correo, Teams y aplicaciones de escritorio. No planea superar los 300 usuarios este año. ¿Qué licenciamiento debería adquirir?",1.0,Microsoft 365 Business Standard,VERDADERO,TMK Fijo,Microsoft 365,,,TMK fijo,PYME
2,"Pregunta de única respuesta. Soluciones Verdes S.A. tiene 280 empleados y necesita correo, Teams y aplicaciones de escritorio. No planea superar los 300 usuarios este año.
¿Qué licenciamiento debería adquirir?
¿Qué licenciamiento debería adquirir?",2.0,Microsoft 365 Enterprise E5,FALSO,TMK Fijo,Microsoft 365,,,TMK fijo,PYME
2,"Pregunta de única respuesta. Soluciones Verdes S.A. tiene 280 empleados y necesita correo, Teams y aplicaciones de escritorio. No planea superar los 300 usuarios este año.
¿Qué licenciamiento debería adquirir?
¿Qué licenciamiento debería adquirir?",3.0,Microsoft 365 Business Premium,FALSO,TMK Fijo,Microsoft 365,,,TMK fijo,PYME
3,"Pregunta de única respuesta. GlobalTech Corp. requiere un plan sin límite de usuarios, con seguridad avanzada y herramientas completas en la nube y escritorio.
¿Qué opción le conviene más?
¿Qué opción le conviene más?",1.0,Microsoft 365 Apps for Business,FALSO,TMK Fijo,Microsoft 365,,,TMK fijo,PYME
3,"Pregunta de única respuesta. GlobalTech Corp. requiere un plan sin límite de usuarios, con seguridad avanzada y herramientas completas en la nube y escritorio.
¿Qué opción le conviene más?
¿Qué opción le conviene más?",2.0,Microsoft 365 Business Premium,FALSO,TMK Fijo,Microsoft 365,,,TMK fijo,PYME
3,"Pregunta de única respuesta. GlobalTech Corp. requiere un plan sin límite de usuarios, con seguridad avanzada y herramientas completas en la nube y escritorio.
¿Qué opción le conviene más?
¿Qué opción le conviene más?",3.0,Microsoft 365 Enterprise E5,VERDADERO,TMK Fijo,Microsoft 365,,,TMK fijo,PYME
4,"Preunta de única respuesta. TechService Ltda. necesita un plan solo para correo electrónico seguro y profesional, sin aplicaciones de Office.
¿Cuál debería elegir?
¿Cuál debería elegir?",1.0,Exchange Plan 1,VERDADERO,TMK Fijo,Microsoft 365,,,TMK fijo,PYME
4,"Preunta de única respuesta. TechService Ltda. necesita un plan solo para correo electrónico seguro y profesional, sin aplicaciones de Office.
¿Cuál debería elegir?
¿Cuál debería elegir?",2.0,Microsoft 365 Business Premium,FALSO,TMK Fijo,Microsoft 365,,,TMK fijo,PYME
4,"Preunta de única respuesta. TechService Ltda. necesita un plan solo para correo electrónico seguro y profesional, sin aplicaciones de Office.
¿Cuál debería elegir?
¿Cuál debería elegir?",3.0,Office 365 E3,FALSO,TMK Fijo,Microsoft 365,,,TMK fijo,PYME
5,"Preunta de única respuesta. DataSecure S.A. busca licencias que incluyan inteligencia artificial, seguridad y administración de identidad.
¿Cuál plan se ajusta mejor?
¿Cuál plan se ajusta mejor?",1.0,Office 365 F3,FALSO,TMK Fijo,Microsoft 365,,,TMK fijo,PYME
5,"Preunta de única respuesta. DataSecure S.A. busca licencias que incluyan inteligencia artificial, seguridad y administración de identidad.
¿Cuál plan se ajusta mejor?
¿Cuál plan se ajusta mejor?",2.0,Microsoft 365 E5,VERDADERO,TMK Fijo,Microsoft 365,,,TMK fijo,PYME
5,"Preunta de única respuesta. DataSecure S.A. busca licencias que incluyan inteligencia artificial, seguridad y administración de identidad.
¿Cuál plan se ajusta mejor?
¿Cuál plan se ajusta mejor?",3.0,Microsoft 365 Business Standard,FALSO,TMK Fijo,Microsoft 365,,,TMK fijo,PYME
6,"Pregunta de única respuesta. La empresa Innovasoft Ltda. tiene 150 empleados y necesita correo, aplicaciones de escritorio, servicios en la nube y seguridad avanzada para proteger sus datos. ¿Qué plan de Microsoft 365 sería el más adecuado?",1.0,Microsoft 365 Business Premium,VERDADERO,TMK Fijo,Microsoft 365,,,TMK fijo,PYME
6,"Pregunta de única respuesta. La empresa Innovasoft Ltda. tiene 150 empleados y necesita correo, aplicaciones de escritorio, servicios en la nube y seguridad avanzada para proteger sus datos. ¿Qué plan de Microsoft 365 sería el más adecuado?",2.0,Microsoft 365 Business Basic,FALSO,TMK Fijo,Microsoft 365,,,TMK fijo,PYME
6,"Pregunta de única respuesta. La empresa Innovasoft Ltda. tiene 150 empleados y necesita correo, aplicaciones de escritorio, servicios en la nube y seguridad avanzada para proteger sus datos. ¿Qué plan de Microsoft 365 sería el más adecuado?",3.0,Office 365 E1,FALSO,TMK Fijo,Microsoft 365,,,TMK fijo,PYME
7,"Pregunta de única respuesta. El gerente de TI de RedCom Global evalúa adquirir licencias Office 365 E3 o E5, pero quiere saber cuál ofrece mayor nivel de seguridad.
¿Cuál es la diferencia principal entre E3 y E5?
¿Cuál es la diferencia principal entre E3 y E5?",1.0,El plan E3 no incluye correo electrónico ni OneDrive.,FALSO,TMK Fijo,Microsoft 365,,,TMK fijo,PYME
7,"Pregunta de única respuesta. El gerente de TI de RedCom Global evalúa adquirir licencias Office 365 E3 o E5, pero quiere saber cuál ofrece mayor nivel de seguridad.
¿Cuál es la diferencia principal entre E3 y E5?
¿Cuál es la diferencia principal entre E3 y E5?",2.0,El plan E5 ofrece características de seguridad avanzada y análisis de datos mejorados.,VERDADERO,TMK Fijo,Microsoft 365,,,TMK fijo,PYME
7,"Pregunta de única respuesta. El gerente de TI de RedCom Global evalúa adquirir licencias Office 365 E3 o E5, pero quiere saber cuál ofrece mayor nivel de seguridad.
¿Cuál es la diferencia principal entre E3 y E5?
¿Cuál es la diferencia principal entre E3 y E5?",3.0,El plan E3 permite más usuarios que el E5,FALSO,TMK Fijo,Microsoft 365,,,TMK fijo,PYME
8,Pregunta única respuesta. La empresa InnovaTextil S.A.S. quiere fortalecer su presencia en internet con una página web profesional y personalizada. No tiene personal técnico y busca una solución que le permita administrar su propio sitio sin pagar costos adicionales por soporte o mantenimiento. ¿Cuál valor agregado de Claro satisface esta necesidad?,1.0,"Dominio propio y Página Web Claro, que ofrece más de 1.000 diseños, dominio personalizado y administración desde un panel de control.",VERDADERO,TMK Fijo,Valores agregados de internet,,,TMK fijo,PYME
8,Pregunta única respuesta. La empresa InnovaTextil S.A.S. quiere fortalecer su presencia en internet con una página web profesional y personalizada. No tiene personal técnico y busca una solución que le permita administrar su propio sitio sin pagar costos adicionales por soporte o mantenimiento. ¿Cuál valor agregado de Claro satisface esta necesidad?,2.0,Un servicio de mensajería empresarial que permite enviar SMS masivos a los clientes,FALSO,TMK Fijo,Valores agregados de internet,,,TMK fijo,PYME
8,Pregunta única respuesta. La empresa InnovaTextil S.A.S. quiere fortalecer su presencia en internet con una página web profesional y personalizada. No tiene personal técnico y busca una solución que le permita administrar su propio sitio sin pagar costos adicionales por soporte o mantenimiento. ¿Cuál valor agregado de Claro satisface esta necesidad?,3.0,Un software contable para registrar las ventas de la compañía.,FALSO,TMK Fijo,Valores agregados de internet,,,TMK fijo,PYME
9,Pregunta única respuesta. La empresa Consultores del Caribe Ltda. quiere tener correos electrónicos con dominio corporativo para mejorar su imagen y profesionalismo frente a los clientes. ¿Cuál de los siguientes valores agregados de Claro le permitiría lograrlo?,1.0,"Cuentas de correo con dominio propio, administradas desde el panel de control de Claro.",VERDADERO,TMK Fijo,Valores agregados de internet,,,TMK fijo,PYME
9,Pregunta única respuesta. La empresa Consultores del Caribe Ltda. quiere tener correos electrónicos con dominio corporativo para mejorar su imagen y profesionalismo frente a los clientes. ¿Cuál de los siguientes valores agregados de Claro le permitiría lograrlo?,2.0,Cuentas de correo gratuitas de uso personal sin personalización.,FALSO,TMK Fijo,Valores agregados de internet,,,TMK fijo,PYME
9,Pregunta única respuesta. La empresa Consultores del Caribe Ltda. quiere tener correos electrónicos con dominio corporativo para mejorar su imagen y profesionalismo frente a los clientes. ¿Cuál de los siguientes valores agregados de Claro le permitiría lograrlo?,3.0,Un chat interno para mensajería instantánea entre empleados.,FALSO,TMK Fijo,Valores agregados de internet,,,TMK fijo,PYME
10,"Pregunta única respuesta. Una pyme del sector financiero tiene varios equipos de cómputo y dispositivos móviles. El gerente busca un servicio de soporte que le permita asistencia técnica remota, mantenimiento y buenas prácticas de ofimática para su equipo. ¿Qué valor agregado de Claro responde a esta necesidad?",1.0,Un antivirus gratuito que se instala en los equipos de la empresa.,FALSO,TMK Fijo,Valores agregados de internet,,,TMK fijo,PYME
10,"Pregunta única respuesta. Una pyme del sector financiero tiene varios equipos de cómputo y dispositivos móviles. El gerente busca un servicio de soporte que le permita asistencia técnica remota, mantenimiento y buenas prácticas de ofimática para su equipo. ¿Qué valor agregado de Claro responde a esta necesidad?",2.0,"T-Soluciona, que ofrece soporte telefónico ilimitado, asistencia remota y cobertura hasta para 10 dispositivos.",VERDADERO,TMK Fijo,Valores agregados de internet,,,TMK fijo,PYME
10,"Pregunta única respuesta. Una pyme del sector financiero tiene varios equipos de cómputo y dispositivos móviles. El gerente busca un servicio de soporte que le permita asistencia técnica remota, mantenimiento y buenas prácticas de ofimática para su equipo. ¿Qué valor agregado de Claro responde a esta necesidad?",3.0,Un servicio de almacenamiento en la nube para guardar documentos.,FALSO,TMK Fijo,Valores agregados de internet,,,TMK fijo,PYME
11,"Pregunta única respuesta. Durante una jornada laboral, una empresa sufre una falla eléctrica que afecta sus computadores y la iluminación principal. El administrador necesita atención técnica urgente. ¿Cuál de las siguientes afirmaciones describe correctamente la cobertura de Claro Te Soluciona?",1.0,Solo brinda soporte remoto sin atención presencial.,FALSO,TMK Fijo,Valores agregados de internet,,,TMK fijo,PYME
11,"Pregunta única respuesta. Durante una jornada laboral, una empresa sufre una falla eléctrica que afecta sus computadores y la iluminación principal. El administrador necesita atención técnica urgente. ¿Cuál de las siguientes afirmaciones describe correctamente la cobertura de Claro Te Soluciona?",2.0,"Cubre la reposición de bombillos, lámparas y electrodomésticos dañados",FALSO,TMK Fijo,Valores agregados de internet,,,TMK fijo,PYME
11,"Pregunta única respuesta. Durante una jornada laboral, una empresa sufre una falla eléctrica que afecta sus computadores y la iluminación principal. El administrador necesita atención técnica urgente. ¿Cuál de las siguientes afirmaciones describe correctamente la cobertura de Claro Te Soluciona?",3.0,Incluye asistencia de electricista para restaurar el fluido eléctrico del negocio.,VERDADERO,TMK Fijo,Valores agregados de internet,,,TMK fijo,PYME
12,"Pregunta única respuesta. La empresa DataCenter S.A.S. acaba de adquirir nuevos computadores y requiere ayuda para instalar sistemas operativos, antivirus y configurar cuentas de correo. ¿Qué incluye el servicio Claro Te Soluciona en este tipo de requerimientos?",1.0,Capacitación en diseño gráfico y desarrollo de páginas web.,FALSO,TMK Fijo,Valores agregados de internet,,,TMK fijo,PYME
12,"Pregunta única respuesta. La empresa DataCenter S.A.S. acaba de adquirir nuevos computadores y requiere ayuda para instalar sistemas operativos, antivirus y configurar cuentas de correo. ¿Qué incluye el servicio Claro Te Soluciona en este tipo de requerimientos?",2.0,Asesoría en instalación o configuración de sistemas operativos y software empresarial.,VERDADERO,TMK Fijo,Valores agregados de internet,,,TMK fijo,PYME
12,"Pregunta única respuesta. La empresa DataCenter S.A.S. acaba de adquirir nuevos computadores y requiere ayuda para instalar sistemas operativos, antivirus y configurar cuentas de correo. ¿Qué incluye el servicio Claro Te Soluciona en este tipo de requerimientos?",3.0,Solo soporte en hardware y reemplazo de piezas dañadas.,FALSO,TMK Fijo,Valores agregados de internet,,,TMK fijo,PYME
13,Pregunta única respuesta. Capacitación en diseño gráfico y desarrollo de páginas web.¿Qué ofrece Claro Te Soluciona en este caso?,1.0,"Servicio de vidriería, que cubre desmonte, instalación y mano de obra (sin incluir materiales).",VERDADERO,TMK Fijo,Valores agregados de internet,,,TMK fijo,PYME
13,Pregunta única respuesta. Capacitación en diseño gráfico y desarrollo de páginas web.¿Qué ofrece Claro Te Soluciona en este caso?,2.0,Reparación únicamente de espejos interiores del negocio,FALSO,TMK Fijo,Valores agregados de internet,,,TMK fijo,PYME
13,Pregunta única respuesta. Capacitación en diseño gráfico y desarrollo de páginas web.¿Qué ofrece Claro Te Soluciona en este caso?,3.0,Sustitución total de los ventanales con materiales nuevos sin costo adiciona,FALSO,TMK Fijo,Valores agregados de internet,,,TMK fijo,PYME
14,Pregunta única respuesta. La gerente de una tienda perdió las llaves de la puerta principal y no puede abrir el negocio. Necesita asistencia inmediata. ¿Cómo puede Claro Te Soluciona ayudar en este caso?,1.0,Ofrece únicamente asistencia remota vía telefónica.,FALSO,TMK Fijo,Valores agregados de internet,,,TMK fijo,PYME
14,Pregunta única respuesta. La gerente de una tienda perdió las llaves de la puerta principal y no puede abrir el negocio. Necesita asistencia inmediata. ¿Cómo puede Claro Te Soluciona ayudar en este caso?,2.0,Cubre la reposición de las puertas internas y sus guardas,FALSO,TMK Fijo,Valores agregados de internet,,,TMK fijo,PYME
14,Pregunta única respuesta. La gerente de una tienda perdió las llaves de la puerta principal y no puede abrir el negocio. Necesita asistencia inmediata. ¿Cómo puede Claro Te Soluciona ayudar en este caso?,3.0,Envía un cerrajero que realiza la apertura de la puerta principal del negocio.,VERDADERO,TMK Fijo,Valores agregados de internet,,,TMK fijo,PYME
15,"Pregunta única respuesta. Estás en visita con “Tuercas y Tornillos”, una empresa que ha sido víctima de phishing en correos falsos. ¿Qué funcionalidad de Norton PYMEs deberías destacar?",1.0,Compra de antivirus gratuito en internet,FALSO,TMK Fijo,Norton,,,TMK fijo,PYME
15,"Pregunta única respuesta. Estás en visita con “Tuercas y Tornillos”, una empresa que ha sido víctima de phishing en correos falsos. ¿Qué funcionalidad de Norton PYMEs deberías destacar?",2.0,Instalación de cámaras de seguridad,FALSO,TMK Fijo,Norton,,,TMK fijo,PYME
15,"Pregunta única respuesta. Estás en visita con “Tuercas y Tornillos”, una empresa que ha sido víctima de phishing en correos falsos. ¿Qué funcionalidad de Norton PYMEs deberías destacar?",3.0,Anti-phishing para proteger contra fraudes web,VERDADERO,TMK Fijo,Norton,,,TMK fijo,PYME
16,Pregunta única respuesta. “Soluciones Eléctricas del Norte” quiere proteger sus contraseñas y documentos confidenciales. ¿Qué funcionalidad de Norton PYMEs es más relevante?,1.0,Bloqueo de llamadas desconocidas,FALSO,TMK Fijo,Norton,,,TMK fijo,PYME
16,Pregunta única respuesta. “Soluciones Eléctricas del Norte” quiere proteger sus contraseñas y documentos confidenciales. ¿Qué funcionalidad de Norton PYMEs es más relevante?,2.0,Password Manager y Baúl digital,VERDADERO,TMK Fijo,Norton,,,TMK fijo,PYME
16,Pregunta única respuesta. “Soluciones Eléctricas del Norte” quiere proteger sus contraseñas y documentos confidenciales. ¿Qué funcionalidad de Norton PYMEs es más relevante?,3.0,Instalación de archivadores físicos,FALSO,TMK Fijo,Norton,,,TMK fijo,PYME
17,Pregunta única respuesta. Un cliente te pregunta si Norton PYMEs solo protege computadores. ¿Cuál es la respuesta correcta?,1.0,Protege también celulares y tablets,VERDADERO,TMK Fijo,Norton,,,TMK fijo,PYME
17,Pregunta única respuesta. Un cliente te pregunta si Norton PYMEs solo protege computadores. ¿Cuál es la respuesta correcta?,2.0,Solo funciona en impresoras,FALSO,TMK Fijo,Norton,,,TMK fijo,PYME
17,Pregunta única respuesta. Un cliente te pregunta si Norton PYMEs solo protege computadores. ¿Cuál es la respuesta correcta?,3.0,Solo protege redes sociales,FALSO,TMK Fijo,Norton,,,TMK fijo,PYME
18,Pregunta única respuesta. Un cliente te pregunta cómo recibe la licencia de Norton después de la compra. ¿Qué debes responder?,1.0,Se entrega en una USB física,FALSO,TMK Fijo,Norton,,,TMK fijo,PYME
18,Pregunta única respuesta. Un cliente te pregunta cómo recibe la licencia de Norton después de la compra. ¿Qué debes responder?,2.0,Se imprime y se envía por mensajería,FALSO,TMK Fijo,Norton,,,TMK fijo,PYME
18,Pregunta única respuesta. Un cliente te pregunta cómo recibe la licencia de Norton después de la compra. ¿Qué debes responder?,3.0,Se envía al correo electrónico registrado,VERDADERO,TMK Fijo,Norton,,,TMK fijo,PYME
19,Pregunta única respuesta. ¿Qué se incluye en el correo que recibe el cliente junto con la licencia de Norton?,1.0,Manual y videos de instalación,VERDADERO,TMK Fijo,Norton,,,TMK fijo,PYME
19,Pregunta única respuesta. ¿Qué se incluye en el correo que recibe el cliente junto con la licencia de Norton?,2.0,Factura de compra de escritorio,FALSO,TMK Fijo,Norton,,,TMK fijo,PYME
19,Pregunta única respuesta. ¿Qué se incluye en el correo que recibe el cliente junto con la licencia de Norton?,3.0,Publicidad de otros productos,FALSO,TMK Fijo,Norton,,,TMK fijo,PYME
20,Pregunta única respuesta. ¿Qué funicón de seguridad respecto a navegación ofrece Norton PYMEs para proteger a los usuarios?,1.0,Navegación en modo incógnito,FALSO,TMK Fijo,Norton,,,TMK fijo,PYME
20,Pregunta única respuesta. ¿Qué funicón de seguridad respecto a navegación ofrece Norton PYMEs para proteger a los usuarios?,2.0,Navegación web segura,VERDADERO,TMK Fijo,Norton,,,TMK fijo,PYME
20,Pregunta única respuesta. ¿Qué funicón de seguridad respecto a navegación ofrece Norton PYMEs para proteger a los usuarios?,3.0,Navegación por redes sociales,FALSO,TMK Fijo,Norton,,,TMK fijo,PYME
21,Pregunta única respuesta. “Papelería Moderna” quiere evitar pérdidas financieras por fuga de información. ¿Qué beneficio de Norton PYMEs deberías mencionar?,1.0,Control de gastos en papelería,FALSO,TMK Fijo,Norton,,,TMK fijo,PYME
21,Pregunta única respuesta. “Papelería Moderna” quiere evitar pérdidas financieras por fuga de información. ¿Qué beneficio de Norton PYMEs deberías mencionar?,2.0,Prevención de pérdidas por protección de datos,VERDADERO,TMK Fijo,Norton,,,TMK fijo,PYME
21,Pregunta única respuesta. “Papelería Moderna” quiere evitar pérdidas financieras por fuga de información. ¿Qué beneficio de Norton PYMEs deberías mencionar?,3.0,Instalación de cámaras de vigilancia,FALSO,TMK Fijo,Norton,,,TMK fijo,PYME
1,Pregunta única respuesta. Una empresa de transporte quiere mejorar la experiencia del pasajero y aumentar su base de datos de clientes. ¿Cuál de las siguientes estrategias es válida según la solución de entretenimiento a bordo?,1.0,Utilizar el portal cautivo para mejorar la velocidad de navegación,FALSO,TMK Móvil,Soluciones VAS,,,TMK Movil,PYME
1,Pregunta única respuesta. Una empresa de transporte quiere mejorar la experiencia del pasajero y aumentar su base de datos de clientes. ¿Cuál de las siguientes estrategias es válida según la solución de entretenimiento a bordo?,2.0,Utilizar el portal cautivo para diseñar encuestas de satisfacción de los usuarios,VERDADERO,TMK Móvil,Soluciones VAS,,,TMK Movil,PYME
1,Pregunta única respuesta. Una empresa de transporte quiere mejorar la experiencia del pasajero y aumentar su base de datos de clientes. ¿Cuál de las siguientes estrategias es válida según la solución de entretenimiento a bordo?,3.0,El portal cautivo impide cualquier interacción con los usuarios,FALSO,TMK Móvil,Soluciones VAS,,,TMK Movil,PYME
2,Pregunta única respuesta. María es supervisora de seguridad en una empresa de logística. Necesita comunicarse de manera inmediata con sus guardas distribuidos en diferentes puntos de la ciudad y monitorear sus ubicaciones en tiempo real. ¿Cuál sería la mejor solución para su necesidad?,1.0,Usar grupos de WhatsApp para enviar mensajes de voz y ubicación.,FALSO,TMK Móvil,Soluciones VAS,,,TMK Movil,PYME
2,Pregunta única respuesta. María es supervisora de seguridad en una empresa de logística. Necesita comunicarse de manera inmediata con sus guardas distribuidos en diferentes puntos de la ciudad y monitorear sus ubicaciones en tiempo real. ¿Cuál sería la mejor solución para su necesidad?,2.0,Utilizar Claro Directo con servicio de geolocalización y consola Dispatcher,VERDADERO,TMK Móvil,Soluciones VAS,,,TMK Movil,PYME
2,Pregunta única respuesta. María es supervisora de seguridad en una empresa de logística. Necesita comunicarse de manera inmediata con sus guardas distribuidos en diferentes puntos de la ciudad y monitorear sus ubicaciones en tiempo real. ¿Cuál sería la mejor solución para su necesidad?,3.0,Enviar correos electrónicos cada vez que un guarda cambie de ubicación.,FALSO,TMK Móvil,Soluciones VAS,,,TMK Movil,PYME
3,"Pregunta única respuesta. Una empresa financiera desea enviar automáticamente recordatorios de pago desde su sistema contable a los clientes, sin tener que hacerlo manualmente. ¿Usted como comercial, que alternativa le recomendaria?",1.0,"Portal web, porque permite enviar mensajes individuales de forma manual.",FALSO,TMK Móvil,Soluciones VAS,,,TMK Movil,PYME
3,"Pregunta única respuesta. Una empresa financiera desea enviar automáticamente recordatorios de pago desde su sistema contable a los clientes, sin tener que hacerlo manualmente. ¿Usted como comercial, que alternativa le recomendaria?",2.0,"API, ya que permite integrar la plataforma de la empresa con MEC para envío automatizado.",VERDADERO,TMK Móvil,Soluciones VAS,,,TMK Movil,PYME
3,"Pregunta única respuesta. Una empresa financiera desea enviar automáticamente recordatorios de pago desde su sistema contable a los clientes, sin tener que hacerlo manualmente. ¿Usted como comercial, que alternativa le recomendaria?",3.0,"Correo electrónico, porque los SMS requieren intervención manual.",FALSO,TMK Móvil,Soluciones VAS,,,TMK Movil,PYME
4,"Pregunta única respuesta. La empresa de transporte PAEZ SAS ha tenido problemas para rastrear sus camiones porque su sistema actual depende de la red móvil, lo que genera pérdida de señal en zonas rurales. De acuerdo con esto, ¿Qué ventaja ofrece la solución de Geolocalización de Personas de Claro frente a su sistema actual?

0",1.0,Se basa en GPS satelital y permite monitoreo continuo incluso en zonas con baja señal móvil.,VERDADERO,TMK Móvil,Soluciones VAS,,,TMK Movil,PYME
4,"Pregunta única respuesta. La empresa de transporte PAEZ SAS ha tenido problemas para rastrear sus camiones porque su sistema actual depende de la red móvil, lo que genera pérdida de señal en zonas rurales. De acuerdo con esto, ¿Qué ventaja ofrece la solución de Geolocalización de Personas de Claro frente a su sistema actual?

0",2.0,Solo funciona en zonas urbanas con cobertura 4G.,FALSO,TMK Móvil,Soluciones VAS,,,TMK Movil,PYME
4,"Pregunta única respuesta. La empresa de transporte PAEZ SAS ha tenido problemas para rastrear sus camiones porque su sistema actual depende de la red móvil, lo que genera pérdida de señal en zonas rurales. De acuerdo con esto, ¿Qué ventaja ofrece la solución de Geolocalización de Personas de Claro frente a su sistema actual?

0",3.0,No incluye plan de datos ni soporte técnico para configuración.,FALSO,TMK Móvil,Soluciones VAS,,,TMK Movil,PYME
5,Pregunta única respuesta. Una empresa quiere reducir los tiempos muertos de su equipo en campo y mejorar la toma de decisiones basadas en información actualizada. ¿Cómo puede ayudar la solución Gestión de Actividades a cumplir este objetivo?,1.0,Al bloquear automáticamente los dispositivos móviles durante el horario laboral.,FALSO,TMK Móvil,Soluciones VAS,,,TMK Movil,PYME
5,Pregunta única respuesta. Una empresa quiere reducir los tiempos muertos de su equipo en campo y mejorar la toma de decisiones basadas en información actualizada. ¿Cómo puede ayudar la solución Gestión de Actividades a cumplir este objetivo?,2.0,"Al enviar reportes solo al finalizar cada mes, sin conexión a los sistemas de la empresa",FALSO,TMK Móvil,Soluciones VAS,,,TMK Movil,PYME
5,Pregunta única respuesta. Una empresa quiere reducir los tiempos muertos de su equipo en campo y mejorar la toma de decisiones basadas en información actualizada. ¿Cómo puede ayudar la solución Gestión de Actividades a cumplir este objetivo?,3.0,Al permitir consultar información en línea y analizar los datos mediante herramientas como Power BI o Tableau.,VERDADERO,TMK Móvil,Soluciones VAS,,,TMK Movil,PYME
6,"Pregunta única respuesta. La empresa TransLogistics S.A. tiene una flota de 50 vehículos que realiza entregas a nivel nacional. El gerente de operaciones desea monitorear el recorrido en tiempo real, recibir alertas si algún vehículo se desvía de su ruta y conocer el consumo de combustible. ¿Qué funcionalidad de la solución Gestión Vehicular Claro le permite cumplir con este objetivo?",1.0,"Monitoreo en tiempo real con geocercas, alertas configurables y reportes automáticos de ruta.",VERDADERO,TMK Móvil,Soluciones VAS,,,TMK Movil,PYME
6,"Pregunta única respuesta. La empresa TransLogistics S.A. tiene una flota de 50 vehículos que realiza entregas a nivel nacional. El gerente de operaciones desea monitorear el recorrido en tiempo real, recibir alertas si algún vehículo se desvía de su ruta y conocer el consumo de combustible. ¿Qué funcionalidad de la solución Gestión Vehicular Claro le permite cumplir con este objetivo?",2.0,Sistema de mensajería interna entre conductores.,FALSO,TMK Móvil,Soluciones VAS,,,TMK Movil,PYME
6,"Pregunta única respuesta. La empresa TransLogistics S.A. tiene una flota de 50 vehículos que realiza entregas a nivel nacional. El gerente de operaciones desea monitorear el recorrido en tiempo real, recibir alertas si algún vehículo se desvía de su ruta y conocer el consumo de combustible. ¿Qué funcionalidad de la solución Gestión Vehicular Claro le permite cumplir con este objetivo?",3.0,Seguimiento manual mediante llamadas telefónicas al conductor.,FALSO,TMK Móvil,Soluciones VAS,,,TMK Movil,PYME
7,"Pregunta única respuesta. La empresa Finanzas Global S.A. entrega celulares corporativos a sus ejecutivos. Sin embargo, algunos empleados han instalado aplicaciones no autorizadas que ponen en riesgo la información financiera de los clientes. ¿Qué solución de Claro permite controlar este tipo de situaciones?",1.0,Un servicio de almacenamiento en la nube que guarda copias de seguridad.,FALSO,TMK Móvil,Soluciones VAS,,,TMK Movil,PYME
7,"Pregunta única respuesta. La empresa Finanzas Global S.A. entrega celulares corporativos a sus ejecutivos. Sin embargo, algunos empleados han instalado aplicaciones no autorizadas que ponen en riesgo la información financiera de los clientes. ¿Qué solución de Claro permite controlar este tipo de situaciones?",2.0,"Administrador de Dispositivos Móviles (EMM/MDM), que permite gestionar, restringir aplicaciones y proteger los datos empresariales.",VERDADERO,TMK Móvil,Soluciones VAS,,,TMK Movil,PYME
7,"Pregunta única respuesta. La empresa Finanzas Global S.A. entrega celulares corporativos a sus ejecutivos. Sin embargo, algunos empleados han instalado aplicaciones no autorizadas que ponen en riesgo la información financiera de los clientes. ¿Qué solución de Claro permite controlar este tipo de situaciones?",3.0,Un antivirus móvil gratuito instalado individualmente en cada dispositivo.,FALSO,TMK Móvil,Soluciones VAS,,,TMK Movil,PYME
8,"Pregunta de única respuesta. ""TecnoSoluciones"", una PYME de 15 empleados que brinda servicios de TI, quiere proteger los celulares corporativos de su equipo de ventas que constantemente reciben enlaces sospechosos por WhatsApp y SMS. ¿Qué solución específica del producto aborda este problema?",1.0,Control parental para dispositivos,FALSO,TMK Móvil,Super Protect,,,TMK Movil,PYME
8,"Pregunta de única respuesta. ""TecnoSoluciones"", una PYME de 15 empleados que brinda servicios de TI, quiere proteger los celulares corporativos de su equipo de ventas que constantemente reciben enlaces sospechosos por WhatsApp y SMS. ¿Qué solución específica del producto aborda este problema?",2.0,Protección anti-smishing en mensajes de texto,VERDADERO,TMK Móvil,Super Protect,,,TMK Movil,PYME
8,"Pregunta de única respuesta. ""TecnoSoluciones"", una PYME de 15 empleados que brinda servicios de TI, quiere proteger los celulares corporativos de su equipo de ventas que constantemente reciben enlaces sospechosos por WhatsApp y SMS. ¿Qué solución específica del producto aborda este problema?",3.0,Bloqueo de llamadas internacionales,FALSO,TMK Móvil,Super Protect,,,TMK Movil,PYME
9,"Pregunta de única respuesta. ""Consultoría Legal & Asociados"" es muy estricta con la privacidad de datos de sus abogados. Al considerar Lookout, ¿qué garantía de privacidad encuentran en el material?",1.0,Lookout retiene datos de ubicación para análisis,FALSO,TMK Móvil,Super Protect,,,TMK Movil,PYME
9,"Pregunta de única respuesta. ""Consultoría Legal & Asociados"" es muy estricta con la privacidad de datos de sus abogados. Al considerar Lookout, ¿qué garantía de privacidad encuentran en el material?",2.0,Lookout no retiene ni pasa datos personales al administrador,VERDADERO,TMK Móvil,Super Protect,,,TMK Movil,PYME
9,"Pregunta de única respuesta. ""Consultoría Legal & Asociados"" es muy estricta con la privacidad de datos de sus abogados. Al considerar Lookout, ¿qué garantía de privacidad encuentran en el material?",3.0,Lookout comparte datos con terceros para mejora del servicio,FALSO,TMK Móvil,Super Protect,,,TMK Movil,PYME
10,"Pregunta de única respuesta. ""Clínica Santa María"" implementó Lookout y un médico reporta que su dispositivo muestra una alerta de ""jailbreak detectado"". ¿Qué acción toma Lookout en estos casos?",1.0,Bloquea permanentemente el acceso a datos corporativos,FALSO,TMK Móvil,Super Protect,,,TMK Movil,PYME
10,"Pregunta de única respuesta. ""Clínica Santa María"" implementó Lookout y un médico reporta que su dispositivo muestra una alerta de ""jailbreak detectado"". ¿Qué acción toma Lookout en estos casos?",2.0,Elimina automáticamente todas las aplicaciones del dispositivo,FALSO,TMK Móvil,Super Protect,,,TMK Movil,PYME
10,"Pregunta de única respuesta. ""Clínica Santa María"" implementó Lookout y un médico reporta que su dispositivo muestra una alerta de ""jailbreak detectado"". ¿Qué acción toma Lookout en estos casos?",3.0,Muestra una alerta al usuario con recomendaciones para reducir riesgos,VERDADERO,TMK Móvil,Super Protect,,,TMK Movil,PYME
11,"Pregunta de única respuesta. ""Food Delivery Express"" tiene flotilla de 12 moteros. Tras implementar Lookout, un repartidor intenta acceder a un enlace de phishing para robo de credenciales. ¿Qué hace el sistema?",1.0,Detecta y bloquea la navegación al sitio de phishing automáticamente,VERDADERO,TMK Móvil,Super Protect,,,TMK Movil,PYME
11,"Pregunta de única respuesta. ""Food Delivery Express"" tiene flotilla de 12 moteros. Tras implementar Lookout, un repartidor intenta acceder a un enlace de phishing para robo de credenciales. ¿Qué hace el sistema?",2.0,Permite el acceso pero registra el evento,FALSO,TMK Móvil,Super Protect,,,TMK Movil,PYME
11,"Pregunta de única respuesta. ""Food Delivery Express"" tiene flotilla de 12 moteros. Tras implementar Lookout, un repartidor intenta acceder a un enlace de phishing para robo de credenciales. ¿Qué hace el sistema?",3.0,Envía una notificación al administrador después de 24 horas,FALSO,TMK Móvil,Super Protect,,,TMK Movil,PYME
12,"Pregunta de única respuesta. ""Inversiones Financieras Globales"" está particularmente preocupada por el phishing dirigido a dispositivos móviles. ¿Qué dato del material respalda la necesidad urgente de implementar Lookout?",1.0,El 60% de los sitios de phishing están en la dark web,FALSO,TMK Móvil,Super Protect,,,TMK Movil,PYME
12,"Pregunta de única respuesta. ""Inversiones Financieras Globales"" está particularmente preocupada por el phishing dirigido a dispositivos móviles. ¿Qué dato del material respalda la necesidad urgente de implementar Lookout?",2.0,El 80% de los sitios de phishing están diseñados para móvil y 85% de ataques ocurren fuera del correo,VERDADERO,TMK Móvil,Super Protect,,,TMK Movil,PYME
12,"Pregunta de única respuesta. ""Inversiones Financieras Globales"" está particularmente preocupada por el phishing dirigido a dispositivos móviles. ¿Qué dato del material respalda la necesidad urgente de implementar Lookout?",3.0,El 70% de los empleados comparten contraseñas corporativas,FALSO,TMK Móvil,Super Protect,,,TMK Movil,PYME
13,"Pregunta de única respuesta. ""Consultoría Empresarial HC"" tiene un empleado que viaja frecuentemente y necesita acceso seguro desde diferentes ubicaciones. ¿Qué característica de Lookout permite esta conectividad segura?",1.0,Protege sin importar donde se encuentre el usuario,VERDADERO,TMK Móvil,Super Protect,,,TMK Movil,PYME
13,"Pregunta de única respuesta. ""Consultoría Empresarial HC"" tiene un empleado que viaja frecuentemente y necesita acceso seguro desde diferentes ubicaciones. ¿Qué característica de Lookout permite esta conectividad segura?",2.0,Requiere conexión WiFi permanente para funcionar,FALSO,TMK Móvil,Super Protect,,,TMK Movil,PYME
13,"Pregunta de única respuesta. ""Consultoría Empresarial HC"" tiene un empleado que viaja frecuentemente y necesita acceso seguro desde diferentes ubicaciones. ¿Qué característica de Lookout permite esta conectividad segura?",3.0,Solo funciona en horario laboral,FALSO,TMK Móvil,Super Protect,,,TMK Movil,PYME
14,"Pregunta de única respuesta. ""Servicios Integrales CA"" contrató 8 líneas con Lookout. A los 3 meses, un dispositivo es reportado como robado. ¿Qué canal de atención específico debe contactar el administrador para reportar el incidente?",1.0,Línea 123 de emergencias,FALSO,TMK Móvil,Super Protect,,,TMK Movil,PYME
14,"Pregunta de única respuesta. ""Servicios Integrales CA"" contrató 8 líneas con Lookout. A los 3 meses, un dispositivo es reportado como robado. ¿Qué canal de atención específico debe contactar el administrador para reportar el incidente?",2.0,Soporte técnico del fabricante del dispositivo,FALSO,TMK Móvil,Super Protect,,,TMK Movil,PYME
14,"Pregunta de única respuesta. ""Servicios Integrales CA"" contrató 8 líneas con Lookout. A los 3 meses, un dispositivo es reportado como robado. ¿Qué canal de atención específico debe contactar el administrador para reportar el incidente?",3.0,Mesa de soporte *722 de Claro Empresas,VERDADERO,TMK Móvil,Super Protect,,,TMK Movil,PYME
15,"Pregunta de única respuesta. ""Logística Integral SA"" necesita conectar 1,800 dispositivos de rastreo vehicular. ¿Qué bolsa de gigas IoT deberían contratar según la tabla de capacidad?",1.0,10 GB,FALSO,TMK Móvil,Bolsa de Gigas,,,TMK Movil,PYME
15,"Pregunta de única respuesta. ""Logística Integral SA"" necesita conectar 1,800 dispositivos de rastreo vehicular. ¿Qué bolsa de gigas IoT deberían contratar según la tabla de capacidad?",2.0,15 GB,FALSO,TMK Móvil,Bolsa de Gigas,,,TMK Movil,PYME
15,"Pregunta de única respuesta. ""Logística Integral SA"" necesita conectar 1,800 dispositivos de rastreo vehicular. ¿Qué bolsa de gigas IoT deberían contratar según la tabla de capacidad?",3.0,20 GB,VERDADERO,TMK Móvil,Bolsa de Gigas,,,TMK Movil,PYME
16,"Pregunta de única respuesta. Una empresa de telemetría con 4,500 sensores distribuidos quiere centralizar el consumo de datos bajo una sola bolsa. ¿Es posible con esta oferta?",1.0,"No, el máximo son 2,000 líneas",FALSO,TMK Móvil,Bolsa de Gigas,,,TMK Movil,PYME
16,"Pregunta de única respuesta. Una empresa de telemetría con 4,500 sensores distribuidos quiere centralizar el consumo de datos bajo una sola bolsa. ¿Es posible con esta oferta?",2.0,"Sí, con la bolsa de 50 GB que soporta hasta 5,000 líneas",VERDADERO,TMK Móvil,Bolsa de Gigas,,,TMK Movil,PYME
16,"Pregunta de única respuesta. Una empresa de telemetría con 4,500 sensores distribuidos quiere centralizar el consumo de datos bajo una sola bolsa. ¿Es posible con esta oferta?",3.0,No aplica para servicios M2M,FALSO,TMK Móvil,Bolsa de Gigas,,,TMK Movil,PYME
17,Pregunta de única respuesta. Una retail chain con 8 sucursales quiere monitorear sus neveras inteligentes. Cada tienda consume entre 15-35 MB mensuales. ¿Para qué tipo de clientes está diseñada esta solución?,1.0,Solo para entidades gubernamentales,FALSO,TMK Móvil,Bolsa de Gigas,,,TMK Movil,PYME
17,Pregunta de única respuesta. Una retail chain con 8 sucursales quiere monitorear sus neveras inteligentes. Cada tienda consume entre 15-35 MB mensuales. ¿Para qué tipo de clientes está diseñada esta solución?,2.0,Para personas naturales con múltiples dispositivos,FALSO,TMK Móvil,Bolsa de Gigas,,,TMK Movil,PYME
17,Pregunta de única respuesta. Una retail chain con 8 sucursales quiere monitorear sus neveras inteligentes. Cada tienda consume entre 15-35 MB mensuales. ¿Para qué tipo de clientes está diseñada esta solución?,3.0,Clientes con consumos de datos variables en sus líneas,VERDADERO,TMK Móvil,Bolsa de Gigas,,,TMK Movil,PYME
18,"Pregunta de única respuesta. ""Telemetría Avanzada"" actualmente tiene 600 líneas con otro operador y quiere migrar a Claro. ¿Qué ventaja destacaría según el material?",1.0,Las líneas incluyen roaming internacional ilimitado,FALSO,TMK Móvil,Bolsa de Gigas,,,TMK Movil,PYME
18,"Pregunta de única respuesta. ""Telemetría Avanzada"" actualmente tiene 600 líneas con otro operador y quiere migrar a Claro. ¿Qué ventaja destacaría según el material?",2.0,No requiere firma de contrato,FALSO,TMK Móvil,Bolsa de Gigas,,,TMK Movil,PYME
18,"Pregunta de única respuesta. ""Telemetría Avanzada"" actualmente tiene 600 líneas con otro operador y quiere migrar a Claro. ¿Qué ventaja destacaría según el material?",3.0,Podrá tener todas sus líneas con Claro en un solo CFM,VERDADERO,TMK Móvil,Bolsa de Gigas,,,TMK Movil,PYME
19,"Pregunta de única respuesta. Según las condiciones y restricciones, ¿qué tipo de cliente puede acceder a la bolsa de gigas IoT?",1.0,Personas naturales tipo cédula,FALSO,TMK Móvil,Bolsa de Gigas,,,TMK Movil,PYME
19,"Pregunta de única respuesta. Según las condiciones y restricciones, ¿qué tipo de cliente puede acceder a la bolsa de gigas IoT?",2.0,Persona jurídica tipo NIT catalogados como cliente B2B,VERDADERO,Agentes,Bolsa de Gigas,,,TMK Movil,PYME
19,"Pregunta de única respuesta. Según las condiciones y restricciones, ¿qué tipo de cliente puede acceder a la bolsa de gigas IoT?",3.0,Solo entidades educativas,FALSO,Agentes,Bolsa de Gigas,,,TMK Movil,PYME
20,Pregunta de única respuesta. Una empresa de seguridad vehicular necesita que sus dispositivos se conecten a APNs privados. ¿La bolsa de gigas IoT permite este uso?,1.0,"No, solo funciona con APN público de Claro",FALSO,Agentes,Bolsa de Gigas,,,TMK Movil,PYME
20,Pregunta de única respuesta. Una empresa de seguridad vehicular necesita que sus dispositivos se conecten a APNs privados. ¿La bolsa de gigas IoT permite este uso?,2.0,"Sí, aplica para ser utilizado con APNs privados",VERDADERO,Agentes,Bolsa de Gigas,,,TMK Movil,PYME
20,Pregunta de única respuesta. Una empresa de seguridad vehicular necesita que sus dispositivos se conecten a APNs privados. ¿La bolsa de gigas IoT permite este uso?,3.0,Solo para aplicaciones de mensajería,FALSO,Agentes,Bolsa de Gigas,,,TMK Movil,PYME
1,Pregunta de única respuesta: Una empresa de transporte solicita la cancelación inmediata de 10 licencias VAS de geolocalización. ¿Qué información debe registrar el consultor de servicio en el ticket de cancelación dentro de la herramienta de precios?,1.0,"Fecha de corte o inmediata, cantidad de licencias, relación de líneas en Excel y datos del consultor.",VERDADERO,CCP,Novedades Vas,Internet fijo,,CCP,CC
1,Pregunta de única respuesta: Una empresa de transporte solicita la cancelación inmediata de 10 licencias VAS de geolocalización. ¿Qué información debe registrar el consultor de servicio en el ticket de cancelación dentro de la herramienta de precios?,2.0,Solo el nombre del paquete y la fecha de solicitud,FALSO,CCP,Novedades Vas,Internet fijo,,CCP,CC
1,Pregunta de única respuesta: Una empresa de transporte solicita la cancelación inmediata de 10 licencias VAS de geolocalización. ¿Qué información debe registrar el consultor de servicio en el ticket de cancelación dentro de la herramienta de precios?,3.0,Código de cliente y número de factura.,FALSO,CCP,Novedades Vas,Internet fijo,,CCP,CC
2,"Pregunta de única respuesta: Un consultor de servicio recibe una solicitud de un cliente que reporta fallas en el servicio de licenciamiento de antivirus VAS. Sin embargo, este tipo de casos debe ser gestionado por otra área. ¿Cuál es el canal adecuado para escalar esta incidencia de manera correcta?",1.0,"Línea *722, que gestiona incidencias de licenciamiento.",VERDADERO,CCP,Novedades Vas,Internet fijo,,CCP,CC
2,"Pregunta de única respuesta: Un consultor de servicio recibe una solicitud de un cliente que reporta fallas en el servicio de licenciamiento de antivirus VAS. Sin embargo, este tipo de casos debe ser gestionado por otra área. ¿Cuál es el canal adecuado para escalar esta incidencia de manera correcta?",2.0, Correo al equipo comercial.,FALSO,CCP,Novedades Vas,Internet fijo,,CCP,CC
2,"Pregunta de única respuesta: Un consultor de servicio recibe una solicitud de un cliente que reporta fallas en el servicio de licenciamiento de antivirus VAS. Sin embargo, este tipo de casos debe ser gestionado por otra área. ¿Cuál es el canal adecuado para escalar esta incidencia de manera correcta?",3.0, Chat corporativo de Claro.,FALSO,CCP,Novedades Vas,Internet fijo,,CCP,CC
3,"Pregunta de única respuesta: Un cliente solicita adquirir el producto de Servicios con licenciamiento VAS enfocado en productividad y seguridad. El consultor de servicio recibe la solicitud, pero este tipo de gestión debe ser atendida por otro equipo. ¿A qué área debe ser remitido el procedimiento para su correcta atención?",1.0,El comercial asignado,VERDADERO,CCP,Novedades Vas,Internet fijo,,CCP,CC
3,"Pregunta de única respuesta: Un cliente solicita adquirir el producto de Servicios con licenciamiento VAS enfocado en productividad y seguridad. El consultor de servicio recibe la solicitud, pero este tipo de gestión debe ser atendida por otro equipo. ¿A qué área debe ser remitido el procedimiento para su correcta atención?",2.0,El consultor del equipo,FALSO,CCP,Novedades Vas,Internet fijo,,CCP,CC
3,"Pregunta de única respuesta: Un cliente solicita adquirir el producto de Servicios con licenciamiento VAS enfocado en productividad y seguridad. El consultor de servicio recibe la solicitud, pero este tipo de gestión debe ser atendida por otro equipo. ¿A qué área debe ser remitido el procedimiento para su correcta atención?",3.0,Gestor Administrativo,FALSO,CCP,Novedades Vas,Internet fijo,,CCP,CC
4,"Pregunta de única respuesta:Durante una renovación, el área comercial activa un nuevo plan bundle VAS. Antes de ejecutar el cambio de plan en AC. ¿Qué validación debe realizar el consultor de cuidado al cliente para asegurar que el proceso se lleve a cabo correctamente?",1.0,Que el BackOffice VAS haya confirmado la entrega del servicio por parte del aliado.,VERDADERO,CCP,Novedades Vas,Internet fijo,,CCP,CC
4,"Pregunta de única respuesta:Durante una renovación, el área comercial activa un nuevo plan bundle VAS. Antes de ejecutar el cambio de plan en AC. ¿Qué validación debe realizar el consultor de cuidado al cliente para asegurar que el proceso se lleve a cabo correctamente?",2.0,Que el cliente haya firmado el contrato físico,FALSO,CCP,Novedades Vas,Internet fijo,,CCP,CC
4,"Pregunta de única respuesta:Durante una renovación, el área comercial activa un nuevo plan bundle VAS. Antes de ejecutar el cambio de plan en AC. ¿Qué validación debe realizar el consultor de cuidado al cliente para asegurar que el proceso se lleve a cabo correctamente?",3.0,Que el cliente tenga más de una línea activa,FALSO,CCP,Novedades Vas,Internet fijo,,CCP,CC
5,"Pregunta de única respuesta: Durante una auditoría interna, se detecta que varios clientes continúan recibiendo servicios VAS sin que se les haya generado facturación. Si esta situación es atendida por un consultor de servicio, ¿cuál podría ser la causa operativa más probable de esta inconsistencia?",1.0,El sistema de facturación está caído.,FALSO,CCP,Novedades Vas,Internet fijo,,CCP,CC
5,"Pregunta de única respuesta: Durante una auditoría interna, se detecta que varios clientes continúan recibiendo servicios VAS sin que se les haya generado facturación. Si esta situación es atendida por un consultor de servicio, ¿cuál podría ser la causa operativa más probable de esta inconsistencia?",2.0, Los clientes tienen contratos regulados.,FALSO,CCP,Novedades Vas,Internet fijo,,CCP,CC
5,"Pregunta de única respuesta: Durante una auditoría interna, se detecta que varios clientes continúan recibiendo servicios VAS sin que se les haya generado facturación. Si esta situación es atendida por un consultor de servicio, ¿cuál podría ser la causa operativa más probable de esta inconsistencia?",3.0, No se realizó el escalamiento al aliado en el aplicativo de tarifas y precios.,VERDADERO,CCP,Novedades Vas,Internet fijo,,CCP,CC
6,"Pregunta de única respuesta: Un cliente desea saber si, durante una suspensión temporal de su línea, el servicio de licenciamiento de Lookout Anti VAS también se verá afectado. El consultor de servicio atiende la solicitud y debe brindar una orientación precisa. ¿Qué información debe proporcionarse al cliente en este caso?",1.0,La suspensión afectará tanto la línea como la licencia del servicio.,FALSO,CCP,Novedades Vas,Internet fijo,,CCP,CC
6,"Pregunta de única respuesta: Un cliente desea saber si, durante una suspensión temporal de su línea, el servicio de licenciamiento de Lookout Anti VAS también se verá afectado. El consultor de servicio atiende la solicitud y debe brindar una orientación precisa. ¿Qué información debe proporcionarse al cliente en este caso?",2.0,"Solo se suspenderá la licencia, independientemente del estado de la línea.",FALSO,CCP,Novedades Vas,Internet fijo,,CCP,CC
6,"Pregunta de única respuesta: Un cliente desea saber si, durante una suspensión temporal de su línea, el servicio de licenciamiento de Lookout Anti VAS también se verá afectado. El consultor de servicio atiende la solicitud y debe brindar una orientación precisa. ¿Qué información debe proporcionarse al cliente en este caso?",3.0,"La licencia no se verá afectada y continuará activa en el sistema, incluso si la línea está suspendida.",VERDADERO,CCP,Novedades Vas,Internet fijo,,CCP,CC
7,"Pregunta de única respuesta: Durante una renovación de servicios en una empresa del sector tecnológico, el área comercial activa un nuevo plan bundle VAS para varias líneas corporativas. El consultor de cuidado al cliente recibe una solicitud de cambio de plan a través del correo serviciosvaseyn@claro.com.co, enviada por el BackOffice VAS tras validar la entrega del servicio por parte del aliado. ¿Cuál debe ser la acción inmediata del consultor para completar correctamente el proceso?",1.0,"Ejecutar el cambio de plan inmediato en AC y responder al correo confirmando la acción, con copia al comercial.",VERDADERO,CCP,Novedades Vas,Internet fijo,,CCP,CC
7,"Pregunta de única respuesta: Durante una renovación de servicios en una empresa del sector tecnológico, el área comercial activa un nuevo plan bundle VAS para varias líneas corporativas. El consultor de cuidado al cliente recibe una solicitud de cambio de plan a través del correo serviciosvaseyn@claro.com.co, enviada por el BackOffice VAS tras validar la entrega del servicio por parte del aliado. ¿Cuál debe ser la acción inmediata del consultor para completar correctamente el proceso?",2.0,Esperar confirmación del cliente antes de realizar el cambio de plan en AC.,FALSO,CCP,Novedades Vas,Internet fijo,,CCP,CC
7,"Pregunta de única respuesta: Durante una renovación de servicios en una empresa del sector tecnológico, el área comercial activa un nuevo plan bundle VAS para varias líneas corporativas. El consultor de cuidado al cliente recibe una solicitud de cambio de plan a través del correo serviciosvaseyn@claro.com.co, enviada por el BackOffice VAS tras validar la entrega del servicio por parte del aliado. ¿Cuál debe ser la acción inmediata del consultor para completar correctamente el proceso?",3.0," Registrar el cambio en el sistema sin responder al correo, ya que el BackOffice ya fue notificado.",FALSO,CCP,Novedades Vas,Internet fijo,,CCP,CC
8,"Pregunta de única respuesta: Durante una revisión de procesos internos, se detecta que el área comercial ha estado enviando solicitudes de activación de servicios VAS directamente al equipo de servicio, omitiendo el canal establecido. Esta práctica ha generado retrasos en la activación y confusión en la trazabilidad de los casos. Ante una solicitud enviada por esta vía, ¿cuál debe ser la acción correcta que debe tomar el equipo de cuidado al cliente para reportar adecuadamente al área comercial?",1.0,Enviar la solicitud directamente al equipo de servicio para agilizar la gestión,FALSO,CCP,Novedades Vas,Internet fijo,,CCP,CC
8,"Pregunta de única respuesta: Durante una revisión de procesos internos, se detecta que el área comercial ha estado enviando solicitudes de activación de servicios VAS directamente al equipo de servicio, omitiendo el canal establecido. Esta práctica ha generado retrasos en la activación y confusión en la trazabilidad de los casos. Ante una solicitud enviada por esta vía, ¿cuál debe ser la acción correcta que debe tomar el equipo de cuidado al cliente para reportar adecuadamente al área comercial?",2.0,Registrar la solicitud en el sistema y esperar que el cliente confirme la activación.,FALSO,CCP,Novedades Vas,Internet fijo,,CCP,CC
8,"Pregunta de única respuesta: Durante una revisión de procesos internos, se detecta que el área comercial ha estado enviando solicitudes de activación de servicios VAS directamente al equipo de servicio, omitiendo el canal establecido. Esta práctica ha generado retrasos en la activación y confusión en la trazabilidad de los casos. Ante una solicitud enviada por esta vía, ¿cuál debe ser la acción correcta que debe tomar el equipo de cuidado al cliente para reportar adecuadamente al área comercial?",3.0,"Canalizar la solicitud al BackOffice de VAS, siguiendo el procedimiento establecido",VERDADERO,CCP,Novedades Vas,Internet fijo,,CCP,CC
9,Pregunta de única respuesta: Un cliente solicita el cambio de número a través de un canal no carterizado. El consultor de cuidado al cliente recibe la solicitud. ¿Qué acción debe tomar el consultor para gestionar correctamente esta solicitud según las políticas establecidas?,1.0,Realizar el cambio directamente en AC.,FALSO,CCP,Novedades Vas,Internet fijo,,CCP,CC
9,Pregunta de única respuesta: Un cliente solicita el cambio de número a través de un canal no carterizado. El consultor de cuidado al cliente recibe la solicitud. ¿Qué acción debe tomar el consultor para gestionar correctamente esta solicitud según las políticas establecidas?,2.0, Cancelar la solicitud por falta de autorización.,FALSO,CCP,Novedades Vas,Internet fijo,,CCP,CC
9,Pregunta de única respuesta: Un cliente solicita el cambio de número a través de un canal no carterizado. El consultor de cuidado al cliente recibe la solicitud. ¿Qué acción debe tomar el consultor para gestionar correctamente esta solicitud según las políticas establecidas?,3.0, Escalar la solicitud al líder Claro asignado para gestionar el proceso.,VERDADERO,CCP,Novedades Vas,Internet fijo,,CCP,CC
10,"Pregunta de única respuesta: Un consultor de servicio consulta con una compañera sobre el procedimiento de activación de licencias Lookout Básico y Lookout Intermedio en una misma línea de cliente. Ante este procedimiento, ¿es posible realizar dicha solicitud?",1.0,"Se pueden activar varios paquetes del mismo servicio, siempre que se asignen a líneas diferentes.",FALSO,CCP,Novedades Vas,Internet fijo,,CCP,CC
10,"Pregunta de única respuesta: Un consultor de servicio consulta con una compañera sobre el procedimiento de activación de licencias Lookout Básico y Lookout Intermedio en una misma línea de cliente. Ante este procedimiento, ¿es posible realizar dicha solicitud?",2.0,No es posible activar múltiples paquetes del mismo servicio en una sola línea. ,VERDADERO,CCP,Novedades Vas,Internet fijo,,CCP,CC
10,"Pregunta de única respuesta: Un consultor de servicio consulta con una compañera sobre el procedimiento de activación de licencias Lookout Básico y Lookout Intermedio en una misma línea de cliente. Ante este procedimiento, ¿es posible realizar dicha solicitud?",3.0,Es posible activar múltiples paquetes del mismo servicio en una sola línea si el cliente lo solicita.,FALSO,CCP,Novedades Vas,Internet fijo,,CCP,CC
11,"Pregunta de única respuesta: Un cliente solicita la reposición de una bolsa de dinero con descuento. Al revisar el Portal PAC, el consultor nota que la bolsa está vencida. ¿Cómo debe proceder el consultor para atender al cliente de forma efectiva y conforme a las políticas?",1.0,Proceder con la reserva y aplicar el descuento manualmente,FALSO,CCP,Reposición,Móvil,,CCP,CC
11,"Pregunta de única respuesta: Un cliente solicita la reposición de una bolsa de dinero con descuento. Al revisar el Portal PAC, el consultor nota que la bolsa está vencida. ¿Cómo debe proceder el consultor para atender al cliente de forma efectiva y conforme a las políticas?",2.0,Inactivar la bolsa en el Portal PAC y escalar el caso para crear una nueva negociación.,VERDADERO,CCP,Reposición,Móvil,,CCP,CC
11,"Pregunta de única respuesta: Un cliente solicita la reposición de una bolsa de dinero con descuento. Al revisar el Portal PAC, el consultor nota que la bolsa está vencida. ¿Cómo debe proceder el consultor para atender al cliente de forma efectiva y conforme a las políticas?",3.0,Solicitar al cliente que pague el equipo sin descuento.,FALSO,CCP,Reposición,Móvil,,CCP,CC
12,"Pregunta de única respuesta: Un cliente empresarial solicita reposición a cuotas. Al validar la Matriz de Crédito, el consultor detecta que no cumple con los montos requeridos. ¿Qué debe hacer el consultor para gestionar esta solicitud correctamente y brindar una atención adecuada?",1.0,Escalar el caso al supervisor para aprobación manual.,FALSO,CCP,Reposición,Móvil,,CCP,CC
12,"Pregunta de única respuesta: Un cliente empresarial solicita reposición a cuotas. Al validar la Matriz de Crédito, el consultor detecta que no cumple con los montos requeridos. ¿Qué debe hacer el consultor para gestionar esta solicitud correctamente y brindar una atención adecuada?",2.0,Cancelar la solicitud por falta de cupo.,FALSO,CCP,Reposición,Móvil,,CCP,CC
12,"Pregunta de única respuesta: Un cliente empresarial solicita reposición a cuotas. Al validar la Matriz de Crédito, el consultor detecta que no cumple con los montos requeridos. ¿Qué debe hacer el consultor para gestionar esta solicitud correctamente y brindar una atención adecuada?",3.0,Gestionar la reposición mediante orden de compra en un solo contado.,VERDADERO,CCP,Reposición,Móvil,,CCP,CC
13,Pregunta de única respuesta: Una empresa solicita reposición masiva para 20 líneas. El consultor debe iniciar el proceso en Poliedro. ¿Cuál es el procedimiento correcto que debe seguir el consultor en este caso?,1.0,Crear una tarea individual por cada línea.,FALSO,CCP,Reposición,Móvil,,CCP,CC
13,Pregunta de única respuesta: Una empresa solicita reposición masiva para 20 líneas. El consultor debe iniciar el proceso en Poliedro. ¿Cuál es el procedimiento correcto que debe seguir el consultor en este caso?,2.0,Solicitar al cliente que envíe un correo con los datos de las líneas.,FALSO,CCP,Reposición,Móvil,,CCP,CC
13,Pregunta de única respuesta: Una empresa solicita reposición masiva para 20 líneas. El consultor debe iniciar el proceso en Poliedro. ¿Cuál es el procedimiento correcto que debe seguir el consultor en este caso?,3.0,"Ingresar al módulo de procesos masivos, descargar el formato, diligenciarlo y cargarlo en el sistema.",VERDADERO,CCP,Reposición,Móvil,,CCP,CC
14,"Pregunta de única respuesta: Durante la validación de una solicitud de reposición, el consultor nota que el sistema bloquea el botón “continuar” en la herramienta de Poliedro. ¿Cuál podría ser la causa más probable de este bloqueo y cómo debería proceder el consultor?",1.0,El documento del cliente presenta un bloqueo en la herramienta de Documentos Bloqueados.,VERDADERO,CCP,Reposición,Móvil,,CCP,CC
14,"Pregunta de única respuesta: Durante la validación de una solicitud de reposición, el consultor nota que el sistema bloquea el botón “continuar” en la herramienta de Poliedro. ¿Cuál podría ser la causa más probable de este bloqueo y cómo debería proceder el consultor?",2.0,El cliente no tiene permanencia activa.,FALSO,CCP,Reposición,Móvil,,CCP,CC
14,"Pregunta de única respuesta: Durante la validación de una solicitud de reposición, el consultor nota que el sistema bloquea el botón “continuar” en la herramienta de Poliedro. ¿Cuál podría ser la causa más probable de este bloqueo y cómo debería proceder el consultor?",3.0, El equipo no está disponible en inventario,FALSO,CCP,Reposición,Móvil,,CCP,CC
15,Pregunta de única respuesta: Un asesor recibe una solicitud de reposición con modificación de precio que incluye un combo de audífonos y banda. ¿Qué procedimiento debe seguir el asesor para gestionar correctamente esta solicitud?,1.0,Rechazar la solicitud si el combo no está permitido según las políticas vigentes.,VERDADERO,CCP,Reposición,Móvil,,CCP,CC
15,Pregunta de única respuesta: Un asesor recibe una solicitud de reposición con modificación de precio que incluye un combo de audífonos y banda. ¿Qué procedimiento debe seguir el asesor para gestionar correctamente esta solicitud?,2.0,Procesar la solicitud únicamente si el cliente acepta el precio ajustado y cumple con los requisitos.,FALSO,CCP,Reposición,Móvil,,CCP,CC
15,Pregunta de única respuesta: Un asesor recibe una solicitud de reposición con modificación de precio que incluye un combo de audífonos y banda. ¿Qué procedimiento debe seguir el asesor para gestionar correctamente esta solicitud?,3.0,"Escalar el caso al supervisor para validación, en caso de dudas sobre la aplicación del combo o el precio.",FALSO,CCP,Reposición,Móvil,,CCP,CC
16,Pregunta de única respuesta: Un cliente VIP solicita reposición a domicilio. El consultor debe realizar las validaciones correspondientes antes de gestionar el envío. ¿Qué validación no aplica en este tipo de solicitud?,1.0,Validación en la Matriz de Crédito.,VERDADERO,CCP,Reposición,Móvil,,CCP,CC
16,Pregunta de única respuesta: Un cliente VIP solicita reposición a domicilio. El consultor debe realizar las validaciones correspondientes antes de gestionar el envío. ¿Qué validación no aplica en este tipo de solicitud?,2.0,Validación de titularidad.,FALSO,CCP,Reposición,Móvil,,CCP,CC
16,Pregunta de única respuesta: Un cliente VIP solicita reposición a domicilio. El consultor debe realizar las validaciones correspondientes antes de gestionar el envío. ¿Qué validación no aplica en este tipo de solicitud?,3.0,Validación de disponibilidad en NOTUS,FALSO,CCP,Reposición,Móvil,,CCP,CC
17,"Pregunta de única respuesta: Durante el agendamiento en NOTUS para una reposición con orden de compra, el consultor debe completar el campo “Número de reserva”. ¿Qué número debe ingresar el consultor en ese campo para continuar correctamente con el proceso?",1.0, El número de pedido de venta generado en SAP. ,VERDADERO,CCP,Reposición,Móvil,,CCP,CC
17,"Pregunta de única respuesta: Durante el agendamiento en NOTUS para una reposición con orden de compra, el consultor debe completar el campo “Número de reserva”. ¿Qué número debe ingresar el consultor en ese campo para continuar correctamente con el proceso?",2.0, El número de cédula del cliente.,FALSO,CCP,Reposición,Móvil,,CCP,CC
17,"Pregunta de única respuesta: Durante el agendamiento en NOTUS para una reposición con orden de compra, el consultor debe completar el campo “Número de reserva”. ¿Qué número debe ingresar el consultor en ese campo para continuar correctamente con el proceso?",3.0,El consecutivo de la solicitud en Poliedro.,FALSO,CCP,Reposición,Móvil,,CCP,CC
18,"Pregunta de única respuesta: Durante una reposición con orden de compra, el cliente solicita aplicar un descuento mayor al aprobado en la negociación inicial. ¿Qué acción debe tomar el consultor ante esta solicitud para garantizar el cumplimiento de las políticas y una atención adecuada?",1.0,Ajustar el valor en el Portal PAC solo si cuenta con aval del jefe inmediato.,VERDADERO,CCP,Reposición,Móvil,,CCP,CC
18,"Pregunta de única respuesta: Durante una reposición con orden de compra, el cliente solicita aplicar un descuento mayor al aprobado en la negociación inicial. ¿Qué acción debe tomar el consultor ante esta solicitud para garantizar el cumplimiento de las políticas y una atención adecuada?",2.0, Registrar el descuento directamente en SAP.,FALSO,CCP,Reposición,Móvil,,CCP,CC
18,"Pregunta de única respuesta: Durante una reposición con orden de compra, el cliente solicita aplicar un descuento mayor al aprobado en la negociación inicial. ¿Qué acción debe tomar el consultor ante esta solicitud para garantizar el cumplimiento de las políticas y una atención adecuada?",3.0,Aplicar el nuevo valor si el cliente lo autoriza verbalmente.,FALSO,CCP,Reposición,Móvil,,CCP,CC
19,"Pregunta de única respuesta: Una empresa del sector energético solicita una reposición de equipo mediante orden de compra. El consultor, por error, genera también un cargo a la factura de consumo del servicio. ¿Cuál es el riesgo principal de esta acción y qué medida debe tomar el consultor para corregirlo?",1.0,Se genera una doble facturación de impuestos; el consultor debe reportar a cartera para gestionar la compensación y evitar el doble cobro.,VERDADERO,CCP,Reposición,Móvil,,CCP,CC
19,"Pregunta de única respuesta: Una empresa del sector energético solicita una reposición de equipo mediante orden de compra. El consultor, por error, genera también un cargo a la factura de consumo del servicio. ¿Cuál es el riesgo principal de esta acción y qué medida debe tomar el consultor para corregirlo?",2.0,El cliente podría recibir el equipo duplicado; se debe cancelar el pedido.,FALSO,CCP,Reposición,Móvil,,CCP,CC
19,"Pregunta de única respuesta: Una empresa del sector energético solicita una reposición de equipo mediante orden de compra. El consultor, por error, genera también un cargo a la factura de consumo del servicio. ¿Cuál es el riesgo principal de esta acción y qué medida debe tomar el consultor para corregirlo?",3.0,"No hay riesgo, ya que el sistema ajusta automáticamente los cobros.",FALSO,CCP,Reposición,Móvil,,CCP,CC
20,Pregunta de única respuesta: Una empresa de logística solicita una reposición con descuento aplicado desde la bolsa de dinero. El consultor identifica que el valor del equipo supera el saldo disponible en la bolsa. ¿Qué debe hacer para asegurar una correcta gestión del descuento?,1.0,"Ajustar manualmente el valor en el portal PAC, previa autorización del jefe inmediato, y asegurar que el descuento no exceda el porcentaje aprobado",VERDADERO,CCP,Reposición,Móvil,,CCP,CC
20,Pregunta de única respuesta: Una empresa de logística solicita una reposición con descuento aplicado desde la bolsa de dinero. El consultor identifica que el valor del equipo supera el saldo disponible en la bolsa. ¿Qué debe hacer para asegurar una correcta gestión del descuento?,2.0,Aplicar el descuento completo y justificarlo en el sistema.,FALSO,CCP,Reposición,Móvil,,CCP,CC
20,Pregunta de única respuesta: Una empresa de logística solicita una reposición con descuento aplicado desde la bolsa de dinero. El consultor identifica que el valor del equipo supera el saldo disponible en la bolsa. ¿Qué debe hacer para asegurar una correcta gestión del descuento?,3.0, Solicitar al cliente que pague la diferencia sin modificar el sistema.,FALSO,CCP,Reposición,Móvil,,CCP,CC
1,Pregunta de única respuesta: Una empresa de transporte solicita la cancelación inmediata de 10 licencias VAS de geolocalización. ¿Qué información debe registrar el consultor de servicio en el ticket de cancelación dentro de la herramienta de precios?,1.0,"Fecha de corte o inmediata, cantidad de licencias, relación de líneas en Excel y datos del consultor.",VERDADERO,CCE,Novedades Vas,Internet fijo,,CCE,CC
1,Pregunta de única respuesta: Una empresa de transporte solicita la cancelación inmediata de 10 licencias VAS de geolocalización. ¿Qué información debe registrar el consultor de servicio en el ticket de cancelación dentro de la herramienta de precios?,2.0,Solo el nombre del paquete y la fecha de solicitud,FALSO,CCE,Novedades Vas,Internet fijo,,CCE,CC
1,Pregunta de única respuesta: Una empresa de transporte solicita la cancelación inmediata de 10 licencias VAS de geolocalización. ¿Qué información debe registrar el consultor de servicio en el ticket de cancelación dentro de la herramienta de precios?,3.0,Código de cliente y número de factura.,FALSO,CCE,Novedades Vas,Internet fijo,,CCE,CC
2,"Pregunta de única respuesta: Un consultor de servicio recibe una solicitud de un cliente que reporta fallas en el servicio de licenciamiento de antivirus VAS. Sin embargo, este tipo de casos debe ser gestionado por otra área. ¿Cuál es el canal adecuado para escalar esta incidencia de manera correcta?",1.0,"Línea *722, que gestiona incidencias de licenciamiento.",VERDADERO,CCE,Novedades Vas,Internet fijo,,CCE,CC
2,"Pregunta de única respuesta: Un consultor de servicio recibe una solicitud de un cliente que reporta fallas en el servicio de licenciamiento de antivirus VAS. Sin embargo, este tipo de casos debe ser gestionado por otra área. ¿Cuál es el canal adecuado para escalar esta incidencia de manera correcta?",2.0, Correo al equipo comercial.,FALSO,CCE,Novedades Vas,Internet fijo,,CCE,CC
2,"Pregunta de única respuesta: Un consultor de servicio recibe una solicitud de un cliente que reporta fallas en el servicio de licenciamiento de antivirus VAS. Sin embargo, este tipo de casos debe ser gestionado por otra área. ¿Cuál es el canal adecuado para escalar esta incidencia de manera correcta?",3.0, Chat corporativo de Claro.,FALSO,CCE,Novedades Vas,Internet fijo,,CCE,CC
3,"Pregunta de única respuesta: Un cliente solicita adquirir el producto de Servicios con licenciamiento VAS enfocado en productividad y seguridad. El consultor de servicio recibe la solicitud, pero este tipo de gestión debe ser atendida por otro equipo. ¿A qué área debe ser remitido el procedimiento para su correcta atención?",1.0,El comercial asignado,VERDADERO,CCE,Novedades Vas,Internet fijo,,CCE,CC
3,"Pregunta de única respuesta: Un cliente solicita adquirir el producto de Servicios con licenciamiento VAS enfocado en productividad y seguridad. El consultor de servicio recibe la solicitud, pero este tipo de gestión debe ser atendida por otro equipo. ¿A qué área debe ser remitido el procedimiento para su correcta atención?",2.0,El consultor del equipo,FALSO,CCE,Novedades Vas,Internet fijo,,CCE,CC
3,"Pregunta de única respuesta: Un cliente solicita adquirir el producto de Servicios con licenciamiento VAS enfocado en productividad y seguridad. El consultor de servicio recibe la solicitud, pero este tipo de gestión debe ser atendida por otro equipo. ¿A qué área debe ser remitido el procedimiento para su correcta atención?",3.0,Gestor Administrativo,FALSO,CCE,Novedades Vas,Internet fijo,,CCE,CC
4,"Pregunta de única respuesta:Durante una renovación, el área comercial activa un nuevo plan bundle VAS. Antes de ejecutar el cambio de plan en AC. ¿Qué validación debe realizar el consultor de cuidado al cliente para asegurar que el proceso se lleve a cabo correctamente?",1.0,Que el BackOffice VAS haya confirmado la entrega del servicio por parte del aliado.,VERDADERO,CCE,Novedades Vas,Internet fijo,,CCE,CC
4,"Pregunta de única respuesta:Durante una renovación, el área comercial activa un nuevo plan bundle VAS. Antes de ejecutar el cambio de plan en AC. ¿Qué validación debe realizar el consultor de cuidado al cliente para asegurar que el proceso se lleve a cabo correctamente?",2.0,Que el cliente haya firmado el contrato físico,FALSO,CCE,Novedades Vas,Internet fijo,,CCE,CC
4,"Pregunta de única respuesta:Durante una renovación, el área comercial activa un nuevo plan bundle VAS. Antes de ejecutar el cambio de plan en AC. ¿Qué validación debe realizar el consultor de cuidado al cliente para asegurar que el proceso se lleve a cabo correctamente?",3.0,Que el cliente tenga más de una línea activa,FALSO,CCE,Novedades Vas,Internet fijo,,CCE,CC
5,"Pregunta de única respuesta: Durante una auditoría interna, se detecta que varios clientes continúan recibiendo servicios VAS sin que se les haya generado facturación. Si esta situación es atendida por un consultor de servicio, ¿cuál podría ser la causa operativa más probable de esta inconsistencia?",1.0,El sistema de facturación está caído.,FALSO,CCE,Novedades Vas,Internet fijo,,CCE,CC
5,"Pregunta de única respuesta: Durante una auditoría interna, se detecta que varios clientes continúan recibiendo servicios VAS sin que se les haya generado facturación. Si esta situación es atendida por un consultor de servicio, ¿cuál podría ser la causa operativa más probable de esta inconsistencia?",2.0, Los clientes tienen contratos regulados.,FALSO,CCE,Novedades Vas,Internet fijo,,CCE,CC
5,"Pregunta de única respuesta: Durante una auditoría interna, se detecta que varios clientes continúan recibiendo servicios VAS sin que se les haya generado facturación. Si esta situación es atendida por un consultor de servicio, ¿cuál podría ser la causa operativa más probable de esta inconsistencia?",3.0, No se realizó el escalamiento al aliado en el aplicativo de tarifas y precios.,VERDADERO,CCE,Novedades Vas,Internet fijo,,CCE,CC
6,"Pregunta de única respuesta: Un cliente desea saber si, durante una suspensión temporal de su línea, el servicio de licenciamiento de Lookout Anti VAS también se verá afectado. El consultor de servicio atiende la solicitud y debe brindar una orientación precisa. ¿Qué información debe proporcionarse al cliente en este caso?",1.0,La suspensión afectará tanto la línea como la licencia del servicio.,FALSO,CCE,Novedades Vas,Internet fijo,,CCE,CC
6,"Pregunta de única respuesta: Un cliente desea saber si, durante una suspensión temporal de su línea, el servicio de licenciamiento de Lookout Anti VAS también se verá afectado. El consultor de servicio atiende la solicitud y debe brindar una orientación precisa. ¿Qué información debe proporcionarse al cliente en este caso?",2.0,"Solo se suspenderá la licencia, independientemente del estado de la línea.",FALSO,CCE,Novedades Vas,Internet fijo,,CCE,CC
6,"Pregunta de única respuesta: Un cliente desea saber si, durante una suspensión temporal de su línea, el servicio de licenciamiento de Lookout Anti VAS también se verá afectado. El consultor de servicio atiende la solicitud y debe brindar una orientación precisa. ¿Qué información debe proporcionarse al cliente en este caso?",3.0,"La licencia no se verá afectada y continuará activa en el sistema, incluso si la línea está suspendida.",VERDADERO,CCE,Novedades Vas,Internet fijo,,CCE,CC
7,"Pregunta de única respuesta: Durante una renovación de servicios en una empresa del sector tecnológico, el área comercial activa un nuevo plan bundle VAS para varias líneas corporativas. El consultor de cuidado al cliente recibe una solicitud de cambio de plan a través del correo serviciosvaseyn@claro.com.co, enviada por el BackOffice VAS tras validar la entrega del servicio por parte del aliado. ¿Cuál debe ser la acción inmediata del consultor para completar correctamente el proceso?",1.0,"Ejecutar el cambio de plan inmediato en AC y responder al correo confirmando la acción, con copia al comercial.",VERDADERO,CCE,Novedades Vas,Internet fijo,,CCE,CC
7,"Pregunta de única respuesta: Durante una renovación de servicios en una empresa del sector tecnológico, el área comercial activa un nuevo plan bundle VAS para varias líneas corporativas. El consultor de cuidado al cliente recibe una solicitud de cambio de plan a través del correo serviciosvaseyn@claro.com.co, enviada por el BackOffice VAS tras validar la entrega del servicio por parte del aliado. ¿Cuál debe ser la acción inmediata del consultor para completar correctamente el proceso?",2.0,Esperar confirmación del cliente antes de realizar el cambio de plan en AC.,FALSO,CCE,Novedades Vas,Internet fijo,,CCE,CC
7,"Pregunta de única respuesta: Durante una renovación de servicios en una empresa del sector tecnológico, el área comercial activa un nuevo plan bundle VAS para varias líneas corporativas. El consultor de cuidado al cliente recibe una solicitud de cambio de plan a través del correo serviciosvaseyn@claro.com.co, enviada por el BackOffice VAS tras validar la entrega del servicio por parte del aliado. ¿Cuál debe ser la acción inmediata del consultor para completar correctamente el proceso?",3.0," Registrar el cambio en el sistema sin responder al correo, ya que el BackOffice ya fue notificado.",FALSO,CCE,Novedades Vas,Internet fijo,,CCE,CC
8,"Pregunta de única respuesta: Durante una revisión de procesos internos, se detecta que el área comercial ha estado enviando solicitudes de activación de servicios VAS directamente al equipo de servicio, omitiendo el canal establecido. Esta práctica ha generado retrasos en la activación y confusión en la trazabilidad de los casos. Ante una solicitud enviada por esta vía, ¿cuál debe ser la acción correcta que debe tomar el equipo de cuidado al cliente para reportar adecuadamente al área comercial?",1.0,Enviar la solicitud directamente al equipo de servicio para agilizar la gestión,FALSO,CCE,Novedades Vas,Internet fijo,,CCE,CC
8,"Pregunta de única respuesta: Durante una revisión de procesos internos, se detecta que el área comercial ha estado enviando solicitudes de activación de servicios VAS directamente al equipo de servicio, omitiendo el canal establecido. Esta práctica ha generado retrasos en la activación y confusión en la trazabilidad de los casos. Ante una solicitud enviada por esta vía, ¿cuál debe ser la acción correcta que debe tomar el equipo de cuidado al cliente para reportar adecuadamente al área comercial?",2.0,Registrar la solicitud en el sistema y esperar que el cliente confirme la activación.,FALSO,CCE,Novedades Vas,Internet fijo,,CCE,CC
8,"Pregunta de única respuesta: Durante una revisión de procesos internos, se detecta que el área comercial ha estado enviando solicitudes de activación de servicios VAS directamente al equipo de servicio, omitiendo el canal establecido. Esta práctica ha generado retrasos en la activación y confusión en la trazabilidad de los casos. Ante una solicitud enviada por esta vía, ¿cuál debe ser la acción correcta que debe tomar el equipo de cuidado al cliente para reportar adecuadamente al área comercial?",3.0,"Canalizar la solicitud al BackOffice de VAS, siguiendo el procedimiento establecido",VERDADERO,CCE,Novedades Vas,Internet fijo,,CCE,CC
9,"Pregunta de única respuesta: Un consultor de servicio consulta con una compañera sobre el procedimiento de activación de licencias Lookout Básico y Lookout Intermedio en una misma línea de cliente. Ante este procedimiento, ¿es posible realizar dicha solicitud?",1.0,"Se pueden activar varios paquetes del mismo servicio, siempre que se asignen a líneas diferentes.",FALSO,CCE,Novedades Vas,Internet fijo,,CCE,CC
9,"Pregunta de única respuesta: Un consultor de servicio consulta con una compañera sobre el procedimiento de activación de licencias Lookout Básico y Lookout Intermedio en una misma línea de cliente. Ante este procedimiento, ¿es posible realizar dicha solicitud?",2.0,No es posible activar múltiples paquetes del mismo servicio en una sola línea. ,VERDADERO,CCE,Novedades Vas,Internet fijo,,CCE,CC
9,"Pregunta de única respuesta: Un consultor de servicio consulta con una compañera sobre el procedimiento de activación de licencias Lookout Básico y Lookout Intermedio en una misma línea de cliente. Ante este procedimiento, ¿es posible realizar dicha solicitud?",3.0,Es posible activar múltiples paquetes del mismo servicio en una sola línea si el cliente lo solicita.,FALSO,CCE,Novedades Vas,Internet fijo,,CCE,CC
10,"Pregunta de única respuesta: Un consultor está revisando en el aplicativo AC, en el apartado de servicios, si el cambio de plan se actualizó correctamente con el nuevo licenciamiento. Según la imagen, se observa que la licencia Lookout básica con valor de $5.000 aparece como aprovisionada.
Con base en esta información, ¿a qué plan quedó asociado el cliente y cómo puede el consultor confirmar que el licenciamiento fue aplicado correctamente?
Con base en esta información, ¿a qué plan quedó asociado el cliente y cómo puede el consultor confirmar que el licenciamiento fue aplicado correctamente?",1.0,"El cliente cuenta con un nuevo plan Bundle con licencia Lookout básico y se podrá ver dentro del apartado de ""Servicios""",VERDADERO,CCE,Novedades Vas,Internet fijo,,CCE,CC
10,"Pregunta de única respuesta: Un consultor está revisando en el aplicativo AC, en el apartado de servicios, si el cambio de plan se actualizó correctamente con el nuevo licenciamiento. Según la imagen, se observa que la licencia Lookout básica con valor de $5.000 aparece como aprovisionada.
Con base en esta información, ¿a qué plan quedó asociado el cliente y cómo puede el consultor confirmar que el licenciamiento fue aplicado correctamente?
Con base en esta información, ¿a qué plan quedó asociado el cliente y cómo puede el consultor confirmar que el licenciamiento fue aplicado correctamente?",2.0,"El cliente cuenta con un nuevo plan comercial con licencia Lookout avanzado y se podrá ver dentro del apartado de ""Servicios""",FALSO,CCE,Novedades Vas,Internet fijo,,CCE,CC
10,"Pregunta de única respuesta: Un consultor está revisando en el aplicativo AC, en el apartado de servicios, si el cambio de plan se actualizó correctamente con el nuevo licenciamiento. Según la imagen, se observa que la licencia Lookout básica con valor de $5.000 aparece como aprovisionada.
Con base en esta información, ¿a qué plan quedó asociado el cliente y cómo puede el consultor confirmar que el licenciamiento fue aplicado correctamente?
Con base en esta información, ¿a qué plan quedó asociado el cliente y cómo puede el consultor confirmar que el licenciamiento fue aplicado correctamente?",3.0,"El cliente cuenta con un nuevo plan Bundle con lidencia Lookout básico y se podrá ver dentro del apartado de ""Contratos""",FALSO,CCE,Novedades Vas,Internet fijo,,CCE,CC
11,"Pregunta de única respuesta: Alfredo, consultor servicio recibe una llamada de una empresa de seguridad. Ellos necesitan confirmar si sus dispositivos ya fueron entregados al cliente final. Para darles una respuesta precisa. ¿Qué estado del pedido debes revisar en el sistema para confirmar que el cliente ya recibió sus dispositivos?",1.0,Despachado,FALSO,CCE,Notus,Internet fijo,,CCE,CC
11,"Pregunta de única respuesta: Alfredo, consultor servicio recibe una llamada de una empresa de seguridad. Ellos necesitan confirmar si sus dispositivos ya fueron entregados al cliente final. Para darles una respuesta precisa. ¿Qué estado del pedido debes revisar en el sistema para confirmar que el cliente ya recibió sus dispositivos?",2.0,Entregado,VERDADERO,CCE,Notus,Internet fijo,,CCE,CC
11,"Pregunta de única respuesta: Alfredo, consultor servicio recibe una llamada de una empresa de seguridad. Ellos necesitan confirmar si sus dispositivos ya fueron entregados al cliente final. Para darles una respuesta precisa. ¿Qué estado del pedido debes revisar en el sistema para confirmar que el cliente ya recibió sus dispositivos?",3.0,En transito,FALSO,CCE,Notus,Internet fijo,,CCE,CC
12,"Pregunta de única respuesta: El consultor de servicio está entablando comunicación con un cliente del sector tecnología, el cúal solicita cambiar el modelo de sus equipos antes del envío. El pedido ya está registrado, pero aún no ha salido de almacén. Según los procesos en la herramienta ¿Qué estado debe tener el pedido para que puedas gestionar esta modificación?",1.0,Legalizado,FALSO,CCE,Notus,Internet fijo,,CCE,CC
12,"Pregunta de única respuesta: El consultor de servicio está entablando comunicación con un cliente del sector tecnología, el cúal solicita cambiar el modelo de sus equipos antes del envío. El pedido ya está registrado, pero aún no ha salido de almacén. Según los procesos en la herramienta ¿Qué estado debe tener el pedido para que puedas gestionar esta modificación?",2.0,Confirmado,FALSO,CCE,Notus,Internet fijo,,CCE,CC
12,"Pregunta de única respuesta: El consultor de servicio está entablando comunicación con un cliente del sector tecnología, el cúal solicita cambiar el modelo de sus equipos antes del envío. El pedido ya está registrado, pero aún no ha salido de almacén. Según los procesos en la herramienta ¿Qué estado debe tener el pedido para que puedas gestionar esta modificación?",3.0,Despachado con cambio,VERDADERO,CCE,Notus,Internet fijo,,CCE,CC
13,"Pregunta de única respuesta: El consultor de servicio está en comunicación con un cliente de Soluciones S.A.S, quien consulta si los equipos serán entregados en la fecha establecida. El consultor verifica en la herramienta y confirma al cliente que los equipos están en desplazamiento. ¿En qué estado debe aparecer el pedido en el sistema para reflejar correctamente esta etapa del proceso?",1.0,Confirmado,FALSO,CCE,Notus,Internet fijo,,CCE,CC
13,"Pregunta de única respuesta: El consultor de servicio está en comunicación con un cliente de Soluciones S.A.S, quien consulta si los equipos serán entregados en la fecha establecida. El consultor verifica en la herramienta y confirma al cliente que los equipos están en desplazamiento. ¿En qué estado debe aparecer el pedido en el sistema para reflejar correctamente esta etapa del proceso?",2.0,Asignado a ruta,FALSO,CCE,Notus,Internet fijo,,CCE,CC
13,"Pregunta de única respuesta: El consultor de servicio está en comunicación con un cliente de Soluciones S.A.S, quien consulta si los equipos serán entregados en la fecha establecida. El consultor verifica en la herramienta y confirma al cliente que los equipos están en desplazamiento. ¿En qué estado debe aparecer el pedido en el sistema para reflejar correctamente esta etapa del proceso?",3.0,En transito,VERDADERO,CCE,Notus,Internet fijo,,CCE,CC
14,"Pregunta de única respuesta: El consultor de servicio está en comunicación con un cliente de Disteandinas S.A.S, quien consulta por el estado de entrega de sus equipos. Al verificar en la herramienta, el consultor confirma que los equipos han sido asignados a una cuadrilla, pero aún no han sido desplazados hacia el destino. ¿En qué estado debe aparecer el pedido en el sistema para reflejar correctamente esta etapa del proceso?",1.0,Asignado a ruta,VERDADERO,CCE,Notus,Internet fijo,,CCE,CC
14,"Pregunta de única respuesta: El consultor de servicio está en comunicación con un cliente de Disteandinas S.A.S, quien consulta por el estado de entrega de sus equipos. Al verificar en la herramienta, el consultor confirma que los equipos han sido asignados a una cuadrilla, pero aún no han sido desplazados hacia el destino. ¿En qué estado debe aparecer el pedido en el sistema para reflejar correctamente esta etapa del proceso?",2.0,En desplazamiento,FALSO,CCE,Notus,Internet fijo,,CCE,CC
14,"Pregunta de única respuesta: El consultor de servicio está en comunicación con un cliente de Disteandinas S.A.S, quien consulta por el estado de entrega de sus equipos. Al verificar en la herramienta, el consultor confirma que los equipos han sido asignados a una cuadrilla, pero aún no han sido desplazados hacia el destino. ¿En qué estado debe aparecer el pedido en el sistema para reflejar correctamente esta etapa del proceso?",3.0,Despachado con cambio,FALSO,CCE,Notus,Internet fijo,,CCE,CC
15,Pregunta de única respuesta: Un consultor debe responder por correo a un cliente empresarial que reporta un error en su factura. ¿Cuál de las siguientes prácticas refleja una redacción clara y profesional?,1.0,"Enviar un correo breve sin asunto, explicando que se revisará el caso.",FALSO,CCE,Habilidades Tips redacción y comunicación,Habilidad,,CCE,CC
15,Pregunta de única respuesta: Un consultor debe responder por correo a un cliente empresarial que reporta un error en su factura. ¿Cuál de las siguientes prácticas refleja una redacción clara y profesional?,2.0,"Usar un asunto claro con el nombre del cliente, NIT y tema, y redactar el mensaje con precisión y cortesía.",VERDADERO,CCE,Habilidades Tips redacción y comunicación,Habilidad,,CCE,CC
15,Pregunta de única respuesta: Un consultor debe responder por correo a un cliente empresarial que reporta un error en su factura. ¿Cuál de las siguientes prácticas refleja una redacción clara y profesional?,3.0,Copiar al cliente en una cadena interna para que vea el proceso de revisión.,FALSO,CCE,Habilidades Tips redacción y comunicación,Habilidad,,CCE,CC
16,Pregunta de única respuesta: Un cliente solicita información sobre una falla técnica. El consultor debe explicarla por correo. ¿Cuál es la mejor forma de comunicarlo?,1.0,Usar términos técnicos sin explicación para demostrar conocimiento.,VERDADERO,CCE,Habilidades Tips redacción y comunicación,Habilidad,,CCE,CC
16,Pregunta de única respuesta: Un cliente solicita información sobre una falla técnica. El consultor debe explicarla por correo. ¿Cuál es la mejor forma de comunicarlo?,2.0,Adaptar el lenguaje técnico a términos simples y comprensibles para el cliente.,FALSO,CCE,Habilidades Tips redacción y comunicación,Habilidad,,CCE,CC
16,Pregunta de única respuesta: Un cliente solicita información sobre una falla técnica. El consultor debe explicarla por correo. ¿Cuál es la mejor forma de comunicarlo?,3.0,Enviar el manual técnico completo sin contextualizar.,FALSO,CCE,Habilidades Tips redacción y comunicación,Habilidad,,CCE,CC
17,Pregunta de única respuesta: Un consultor debe enviar un correo de seguimiento a un cliente. ¿Cuál de las siguientes acciones va en contra de la netiqueta?,1.0,Usar un saludo personalizado y revisar la ortografía.,FALSO,CCE,Habilidades Tips redacción y comunicación,Habilidad,,CCE,CC
17,Pregunta de única respuesta: Un consultor debe enviar un correo de seguimiento a un cliente. ¿Cuál de las siguientes acciones va en contra de la netiqueta?,2.0,Enviar el correo con asunto claro y adjuntos bien nombrados.,FALSO,CCE,Habilidades Tips redacción y comunicación,Habilidad,,CCE,CC
17,Pregunta de única respuesta: Un consultor debe enviar un correo de seguimiento a un cliente. ¿Cuál de las siguientes acciones va en contra de la netiqueta?,3.0,Escribir todo el mensaje en mayúsculas para llamar la atención.,VERDADERO,CCE,Habilidades Tips redacción y comunicación,Habilidad,,CCE,CC
18,Pregunta de única respuesta: El cliente Redes Empresariales del Sur solicita información sobre el estado de su solicitud. ¿Qué principio de comunicación debe aplicar el consultor para garantizar claridad?,1.0,Usar frases largas y técnicas para mostrar dominio del tema.,FALSO,CCE,Habilidades Tips redacción y comunicación,Habilidad,,CCE,CC
18,Pregunta de única respuesta: El cliente Redes Empresariales del Sur solicita información sobre el estado de su solicitud. ¿Qué principio de comunicación debe aplicar el consultor para garantizar claridad?,2.0,"Responder con claridad, concisión y lenguaje positivo.",VERDADERO,CCE,Habilidades Tips redacción y comunicación,Habilidad,,CCE,CC
18,Pregunta de única respuesta: El cliente Redes Empresariales del Sur solicita información sobre el estado de su solicitud. ¿Qué principio de comunicación debe aplicar el consultor para garantizar claridad?,3.0,Reenviar la solicitud sin agregar contexto.,FALSO,CCE,Habilidades Tips redacción y comunicación,Habilidad,,CCE,CC
19,"Pregunta de única respuesta: El consultor debe enviar un correo de seguimiento a una compañía ""Redes Empresariales del Sur"", incluyendo a varios actores internos. ¿Cuál es el uso correcto del campo CC y CCO?",1.0, Incluir al cliente en CC junto con todos los actores internos.,FALSO,CCE,Habilidades Tips redacción y comunicación,Habilidad,,CCE,CC
19,"Pregunta de única respuesta: El consultor debe enviar un correo de seguimiento a una compañía ""Redes Empresariales del Sur"", incluyendo a varios actores internos. ¿Cuál es el uso correcto del campo CC y CCO?",2.0,"Usar “Para” para quien debe actuar, “CC” para quienes deben estar informados, y “CCO” si se requiere discreción.",VERDADERO,CCE,Habilidades Tips redacción y comunicación,Habilidad,,CCE,CC
19,"Pregunta de única respuesta: El consultor debe enviar un correo de seguimiento a una compañía ""Redes Empresariales del Sur"", incluyendo a varios actores internos. ¿Cuál es el uso correcto del campo CC y CCO?",3.0,Usar solo “Para” y omitir CC y CCO para simplificar.,FALSO,CCE,Habilidades Tips redacción y comunicación,Habilidad,,CCE,CC
20,Pregunta de única respuesta: El cliente Corporación Empresarial del Caribe pregunta por el estado de una solicitud que fue escalada internamente. El consultor aún no tiene respuesta del área encargada. ¿Cuál es la mejor forma de comunicar el estado del caso usando lenguaje positivo?,1.0,“Ya escalé el tema al área XXX y todavía no me han dado respuesta.”,FALSO,CCE,Habilidades Tips redacción y comunicación,Habilidad,,CCE,CC
20,Pregunta de única respuesta: El cliente Corporación Empresarial del Caribe pregunta por el estado de una solicitud que fue escalada internamente. El consultor aún no tiene respuesta del área encargada. ¿Cuál es la mejor forma de comunicar el estado del caso usando lenguaje positivo?,2.0,“Estoy gestionando todo lo requerido para darle respuesta lo antes posible.”,VERDADERO,CCE,Habilidades Tips redacción y comunicación,Habilidad,,CCE,CC
20,Pregunta de única respuesta: El cliente Corporación Empresarial del Caribe pregunta por el estado de una solicitud que fue escalada internamente. El consultor aún no tiene respuesta del área encargada. ¿Cuál es la mejor forma de comunicar el estado del caso usando lenguaje positivo?,3.0,"“No tengo información nueva, seguimos esperando.”",FALSO,CCE,Habilidades Tips redacción y comunicación,Habilidad,,CCE,CC
1,"Pregunta de única respuesta:  Teniendo en cuenta la Resolución CRC 7684 de 2025.Durante el registro de una línea prepago en AC, si el cliente no acepta realizar la actualización de sus datos. ¿Qué implicación tiene esta decisión?",1.0,Los servicios de la línea no serán habilitados.,VERDADERO,CCP,Resolución CRC 7684 de 2025 -Prepago,Móvil,,CCP,CC
1,"Pregunta de única respuesta:  Teniendo en cuenta la Resolución CRC 7684 de 2025.Durante el registro de una línea prepago en AC, si el cliente no acepta realizar la actualización de sus datos. ¿Qué implicación tiene esta decisión?",2.0,La línea se activará sin restricciones.,FALSO,CCP,Resolución CRC 7684 de 2025 -Prepago,Móvil,,CCP,CC
1,"Pregunta de única respuesta:  Teniendo en cuenta la Resolución CRC 7684 de 2025.Durante el registro de una línea prepago en AC, si el cliente no acepta realizar la actualización de sus datos. ¿Qué implicación tiene esta decisión?",3.0,El sistema enviará un correo de advertencia,FALSO,CCP,Resolución CRC 7684 de 2025 -Prepago,Móvil,,CCP,CC
2,"Pregunta de única respuesta: De acuerdo a la Resolución CRC 7684 de 2025.Cuando una empresa se comunica a través del canal IVR 611 y selecciona como tipo de documento ""Pasaporte"", la llamada es transferida a un asesor asistido. ¿Cuál es la acción que debe realizar el asesor asistido?",1.0,Debe realizar el registro de los datos del usuario en la herramienta AC,VERDADERO,CCP,Resolución CRC 7684 de 2025 -Prepago,Móvil,,CCP,CC
2,"Pregunta de única respuesta: De acuerdo a la Resolución CRC 7684 de 2025.Cuando una empresa se comunica a través del canal IVR 611 y selecciona como tipo de documento ""Pasaporte"", la llamada es transferida a un asesor asistido. ¿Cuál es la acción que debe realizar el asesor asistido?",2.0,Debe solicitar al cliente que lo intente por USSD.,FALSO,CCP,Resolución CRC 7684 de 2025 -Prepago,Móvil,,CCP,CC
2,"Pregunta de única respuesta: De acuerdo a la Resolución CRC 7684 de 2025.Cuando una empresa se comunica a través del canal IVR 611 y selecciona como tipo de documento ""Pasaporte"", la llamada es transferida a un asesor asistido. ¿Cuál es la acción que debe realizar el asesor asistido?",3.0,Debe indicar que el NIT no es válido para líneas prepago.,FALSO,CCP,Resolución CRC 7684 de 2025 -Prepago,Móvil,,CCP,CC
3,"Pregunta de única respuesta: En el marco del proyecto regulatorio “Revisión de medidas regulatorias aplicables a servicios móviles”, la Comisión de Regulación de Comunicaciones (CRC) expidió la Resolución 7684 de 2025. ¿Qué establece esta resolución respecto a los usuarios de servicios móviles en modalidad prepago?",1.0,Todo usuario prepago debe registrar sus datos personales  para poder usar su línea móvil.,VERDADERO,CCP,Resolución CRC 7684 de 2025 -Prepago,Móvil,,CCP,CC
3,"Pregunta de única respuesta: En el marco del proyecto regulatorio “Revisión de medidas regulatorias aplicables a servicios móviles”, la Comisión de Regulación de Comunicaciones (CRC) expidió la Resolución 7684 de 2025. ¿Qué establece esta resolución respecto a los usuarios de servicios móviles en modalidad prepago?",2.0,Los usuarios prepago podrán usar su línea sin necesidad de registrar sus datos personales.,FALSO,CCP,Resolución CRC 7684 de 2025 -Prepago,Móvil,,CCP,CC
3,"Pregunta de única respuesta: En el marco del proyecto regulatorio “Revisión de medidas regulatorias aplicables a servicios móviles”, la Comisión de Regulación de Comunicaciones (CRC) expidió la Resolución 7684 de 2025. ¿Qué establece esta resolución respecto a los usuarios de servicios móviles en modalidad prepago?",3.0,La resolución permite a los operadores suspender el servicio prepago sin previo aviso.,FALSO,CCP,Resolución CRC 7684 de 2025 -Prepago,Móvil,,CCP,CC
4,"Pregunta de única respuesta:Un cliente corporativo que cuenta con diez  líneas  prepago,  indica que realizó el registro por USSD pero no ha recibido confirmación. ¿Qué debe validar el asesor para confirmar si el proceso fue exitoso?",1.0,Validar  tickler en AC y que el cliente haya recibido un SMS de confirmación.,VERDADERO,CCP,Resolución CRC 7684 de 2025 -Prepago,Móvil,,CCP,CC
4,"Pregunta de única respuesta:Un cliente corporativo que cuenta con diez  líneas  prepago,  indica que realizó el registro por USSD pero no ha recibido confirmación. ¿Qué debe validar el asesor para confirmar si el proceso fue exitoso?",2.0,Validar que  cliente haya ingresado correctamente su número de documento.,FALSO,CCP,Resolución CRC 7684 de 2025 -Prepago,Móvil,,CCP,CC
4,"Pregunta de única respuesta:Un cliente corporativo que cuenta con diez  líneas  prepago,  indica que realizó el registro por USSD pero no ha recibido confirmación. ¿Qué debe validar el asesor para confirmar si el proceso fue exitoso?",3.0,Validar que el cliente tenga saldo suficiente en la línea.,FALSO,CCP,Resolución CRC 7684 de 2025 -Prepago,Móvil,,CCP,CC
5,Pregunta de única respuesta: ¿Cuál es el nombre del tickler que el asesor debe seleccionar en la herramienta AC para garantizar el registro de la legalización de líneas móviles en modalidad prepago?,1.0,"Tickler MARCAVDC / En causal, no aprueba identidad/ En Motivo, Información legalización línea.",FALSO,CCP,Resolución CRC 7684 de 2025 -Prepago,Móvil,,CCP,CC
5,Pregunta de única respuesta: ¿Cuál es el nombre del tickler que el asesor debe seleccionar en la herramienta AC para garantizar el registro de la legalización de líneas móviles en modalidad prepago?,2.0,"Tickler MARCAVDC/En causal, Información./En Motivo, Información legalización línea.",FALSO,CCP,Resolución CRC 7684 de 2025 -Prepago,Móvil,,CCP,CC
5,Pregunta de única respuesta: ¿Cuál es el nombre del tickler que el asesor debe seleccionar en la herramienta AC para garantizar el registro de la legalización de líneas móviles en modalidad prepago?,3.0,"Tickler MARCAVDC/En causal,Cambio a prepago./En Motivo, Información legalización línea.",VERDADERO,CCP,Resolución CRC 7684 de 2025 -Prepago,Móvil,,CCP,CC
6,"Pregunta de única respuesta: ¿Qué datos se solicitan  l cliente, durante el registro por USSD o IVR?De acuerdo a la Resolución CRC 7684 de 2025.",1.0,"Tipo de documento, nombres y apellidos,dirección",FALSO,CCP,Resolución CRC 7684 de 2025 -Prepago,Móvil,,CCP,CC
6,"Pregunta de única respuesta: ¿Qué datos se solicitan  l cliente, durante el registro por USSD o IVR?De acuerdo a la Resolución CRC 7684 de 2025.",2.0,"Tipo de documento, número de documento,dirección",FALSO,CCP,Resolución CRC 7684 de 2025 -Prepago,Móvil,,CCP,CC
6,"Pregunta de única respuesta: ¿Qué datos se solicitan  l cliente, durante el registro por USSD o IVR?De acuerdo a la Resolución CRC 7684 de 2025.",3.0,"Tipo de documento, número de documento, fecha de expedición",VERDADERO,CCP,Resolución CRC 7684 de 2025 -Prepago,Móvil,,CCP,CC
7,Pregunta de única respuesta:En el regstro  por USSD*611#.Una vez ejecutada la legalización de lineas prepagos ¿Cómo se notifica al cliente que el registro fue exitoso?,1.0,Mediante un SMS que confirma el registro de datos ,VERDADERO,CCP,Resolución CRC 7684 de 2025 -Prepago,Móvil,,CCP,CC
7,Pregunta de única respuesta:En el regstro  por USSD*611#.Una vez ejecutada la legalización de lineas prepagos ¿Cómo se notifica al cliente que el registro fue exitoso?,2.0,Mediante un correo electronico que confirma el registro de datos ,FALSO,CCP,Resolución CRC 7684 de 2025 -Prepago,Móvil,,CCP,CC
7,Pregunta de única respuesta:En el regstro  por USSD*611#.Una vez ejecutada la legalización de lineas prepagos ¿Cómo se notifica al cliente que el registro fue exitoso?,3.0,Mediante  la factura se  que confirmara el registro de datos ,FALSO,CCP,Resolución CRC 7684 de 2025 -Prepago,Móvil,,CCP,CC
8,"Pregunta de única respuesta:Un cliente corporativo solicita la cancelación total de sus servicios (internet principal + Internet Seguro). Al validar, encuentras que el servicio de Internet Seguro factura a $0 en CRM ONYX y que el internet principal está activo en RR.
¿Cuál debe ser el procedimiento correcto?
¿Cuál debe ser el procedimiento correcto?",1.0,"Generar la cancelación únicamente en RR, ya que CRM ONYX es solo un espejo.",FALSO,CCP,Internet Seguro,Internet fijo,,CCP,CC
8,"Pregunta de única respuesta:Un cliente corporativo solicita la cancelación total de sus servicios (internet principal + Internet Seguro). Al validar, encuentras que el servicio de Internet Seguro factura a $0 en CRM ONYX y que el internet principal está activo en RR.
¿Cuál debe ser el procedimiento correcto?
¿Cuál debe ser el procedimiento correcto?",2.0,"Cancelar directamente el internet principal en RR, y el sistema automáticamente dará de baja Internet Seguro.",FALSO,CCP,Internet Seguro,Internet fijo,,CCP,CC
8,"Pregunta de única respuesta:Un cliente corporativo solicita la cancelación total de sus servicios (internet principal + Internet Seguro). Al validar, encuentras que el servicio de Internet Seguro factura a $0 en CRM ONYX y que el internet principal está activo en RR.
¿Cuál debe ser el procedimiento correcto?
¿Cuál debe ser el procedimiento correcto?",3.0,Iniciar con la cancelación del enlace de Internet Seguro en ONYX y luego radicar la novedad de cancelación del internet principal en RR.,VERDADERO,CCP,Internet Seguro,Internet fijo,,CCP,CC
9,Pregunta de única respuesta: Un cliente solicita suspender temporalmente  su servicio de Internet Seguro porque su empresa estará cerrada durante vacaciones. Indica que será por 45 días. ¿Qué procede?,1.0,Esta solicitud debe registrarse y gestionarse en CRM ONYX,FALSO,CCP,Internet Seguro,Internet fijo,,CCP,CC
9,Pregunta de única respuesta: Un cliente solicita suspender temporalmente  su servicio de Internet Seguro porque su empresa estará cerrada durante vacaciones. Indica que será por 45 días. ¿Qué procede?,2.0,Esta solicitud debe registrarse y gestionarse en RR ,FALSO,CCP,Internet Seguro,Internet fijo,,CCP,CC
9,Pregunta de única respuesta: Un cliente solicita suspender temporalmente  su servicio de Internet Seguro porque su empresa estará cerrada durante vacaciones. Indica que será por 45 días. ¿Qué procede?,3.0,"Esta solicitud debe registrarse y gestionarse en RR y en la cuenta espejo de CRM/ONYX, ",VERDADERO,CCP,Internet Seguro,Internet fijo,,CCP,CC
10,"Pregunta de única respuesta: Clientes “Soluciones Empresariales S.A.” se comunicacon el área de servicio de cuidado al cliente solicitando la cancelación del servicio de Internet Seguro, ya que consideran que no lo necesitan, pero desean mantener activo su servicio de Internet principal. En estos casos, ¿cuáles son los pasos que debe seguir el área de posventa para gestionar correctamente la solicitud?",1.0,Cancelar el  Internet Seguro en CRM/ONYX y dejar el internet activo en RR sin realizar validaciones.,FALSO,CCP,Internet Seguro,Internet fijo,,CCP,CC
10,"Pregunta de única respuesta: Clientes “Soluciones Empresariales S.A.” se comunicacon el área de servicio de cuidado al cliente solicitando la cancelación del servicio de Internet Seguro, ya que consideran que no lo necesitan, pero desean mantener activo su servicio de Internet principal. En estos casos, ¿cuáles son los pasos que debe seguir el área de posventa para gestionar correctamente la solicitud?",2.0,"Radicar la novedad de cancelación parcial en RR, replicar en CRM/ONYX, y dar de baja exclusivamente el código IS correspondiente. ",VERDADERO,CCP,Internet Seguro,Internet fijo,,CCP,CC
10,"Pregunta de única respuesta: Clientes “Soluciones Empresariales S.A.” se comunicacon el área de servicio de cuidado al cliente solicitando la cancelación del servicio de Internet Seguro, ya que consideran que no lo necesitan, pero desean mantener activo su servicio de Internet principal. En estos casos, ¿cuáles son los pasos que debe seguir el área de posventa para gestionar correctamente la solicitud?",3.0,Suspender temporalmente Internet Seguro por 60 días y luego darlo de baja.,FALSO,CCP,Internet Seguro,Internet fijo,,CCP,CC
11,Pregunta de única respuesta: Un cliente con internet FTTX sencillo (200 Mbps) con Internet Seguro solicita traslado dentro de la misma dirección a otra oficina ubicada a 20 metros. ¿Cómo debe gestionarse la solicitud?,1.0,"Solo trasladar el servicio principal de internet, ya que Internet Seguro no requiere ajuste en traslados externos.",FALSO,CCP,Internet Seguro,Internet fijo,,CCP,CC
11,Pregunta de única respuesta: Un cliente con internet FTTX sencillo (200 Mbps) con Internet Seguro solicita traslado dentro de la misma dirección a otra oficina ubicada a 20 metros. ¿Cómo debe gestionarse la solicitud?,2.0,"Trasladar tanto el servicio principal como Internet Seguro, registrando la novedad en RR y ONYX de acuerdo con las condiciones comerciales vigentes. ",VERDADERO,CCP,Internet Seguro,Internet fijo,,CCP,CC
11,Pregunta de única respuesta: Un cliente con internet FTTX sencillo (200 Mbps) con Internet Seguro solicita traslado dentro de la misma dirección a otra oficina ubicada a 20 metros. ¿Cómo debe gestionarse la solicitud?,3.0,Cancelar Internet Seguro y volver a provisionarlo en la nueva ubicación.,FALSO,CCP,Internet Seguro,Internet fijo,,CCP,CC
12,"Pregunta de única respuesta: Un cliente solicita un cambio de tarifa en su servicio de Internet Seguro y tú, como consultor, estás gestionando el caso en CRM/ONYX. Al llegar al TAB de facturación, ¿cuál de las siguientes acciones debes realizar para asegurar que el proceso quede correctamente registrado?",1.0,Ingresar únicamente los cambios relacionados con el internet principal.,FALSO,CCP,Internet Seguro,Internet fijo,,CCP,CC
12,"Pregunta de única respuesta: Un cliente solicita un cambio de tarifa en su servicio de Internet Seguro y tú, como consultor, estás gestionando el caso en CRM/ONYX. Al llegar al TAB de facturación, ¿cuál de las siguientes acciones debes realizar para asegurar que el proceso quede correctamente registrado?",2.0,"Dejar el TAB en blanco, ya que el sistema toma automáticamente los nuevos valores",FALSO,CCP,Internet Seguro,Internet fijo,,CCP,CC
12,"Pregunta de única respuesta: Un cliente solicita un cambio de tarifa en su servicio de Internet Seguro y tú, como consultor, estás gestionando el caso en CRM/ONYX. Al llegar al TAB de facturación, ¿cuál de las siguientes acciones debes realizar para asegurar que el proceso quede correctamente registrado?",3.0,"Agregar el concepto de Internet Seguro, el valor actualizado de la renta mensual y asegurar que quede reflejado en pesos colombianos",VERDADERO,CCP,Internet Seguro,Internet fijo,,CCP,CC
13,"Pregunta de única respuesta: Cliente “Redes Seguras S.A.” se está comunicando al área de servicio de cuidado al cliente solicitando cambios en la velocidad del servicio de Internet principal de sus líneas. Cuando recibes este tipo de solicitud, ¿cuál es el procedimiento correcto que debes seguir para ajustar el plan del servicio de Internet Seguro asociado?",1.0,"Aplicar el cambio de tarifa desde RR, crear una OT utilizando los comandos F4 + F6 y asignar el código correspondiente al ofrecimiento realizado.",FALSO,CCP,Internet Seguro,Internet fijo,,CCP,CC
13,"Pregunta de única respuesta: Cliente “Redes Seguras S.A.” se está comunicando al área de servicio de cuidado al cliente solicitando cambios en la velocidad del servicio de Internet principal de sus líneas. Cuando recibes este tipo de solicitud, ¿cuál es el procedimiento correcto que debes seguir para ajustar el plan del servicio de Internet Seguro asociado?",2.0,"El cambio de tarifa se realiza automáticamente al modificar la velocidad del Internet principal, por lo que no es necesario realizar ninguna acción adicional.",FALSO,CCP,Internet Seguro,Internet fijo,,CCP,CC
13,"Pregunta de única respuesta: Cliente “Redes Seguras S.A.” se está comunicando al área de servicio de cuidado al cliente solicitando cambios en la velocidad del servicio de Internet principal de sus líneas. Cuando recibes este tipo de solicitud, ¿cuál es el procedimiento correcto que debes seguir para ajustar el plan del servicio de Internet Seguro asociado?",3.0,"Aplicar el cambio de tarifa desde RR, crear una OT utilizando los comandos Shift F3 + F6 y asignar el código correspondiente al ofrecimiento realizado.",VERDADERO,CCP,Internet Seguro,Internet fijo,,CCP,CC
14,"Pregunta de única respuesta: “Soluciones Empresariales S.A.” y “Tecnored Ltda.” se comunican con el área de servicio de cuidado al cliente para activar el servicio de Internet Seguro. Al validar en las herramientas de gestión en RR, se evidencia que cuenta con segmentación FTTX+IP, Según las consideraciones establecidas en RR, ¿a qué tipo de clientes no aplica este servicio?",1.0,No aplica para planes de internet HFC o FTTX empaquetados con televisión o telefonía. ,VERDADERO,CCP,Internet Seguro,Internet fijo,,CCP,CC
14,"Pregunta de única respuesta: “Soluciones Empresariales S.A.” y “Tecnored Ltda.” se comunican con el área de servicio de cuidado al cliente para activar el servicio de Internet Seguro. Al validar en las herramientas de gestión en RR, se evidencia que cuenta con segmentación FTTX+IP, Según las consideraciones establecidas en RR, ¿a qué tipo de clientes no aplica este servicio?",2.0,No aplica para planes de internet banda ancha en FTTX en plan sencillo ,FALSO,CCP,Internet Seguro,Internet fijo,,CCP,CC
14,"Pregunta de única respuesta: “Soluciones Empresariales S.A.” y “Tecnored Ltda.” se comunican con el área de servicio de cuidado al cliente para activar el servicio de Internet Seguro. Al validar en las herramientas de gestión en RR, se evidencia que cuenta con segmentación FTTX+IP, Según las consideraciones establecidas en RR, ¿a qué tipo de clientes no aplica este servicio?",3.0,No aplica para planes de internet HFC empaquetados con televisión o telefonía. ,FALSO,CCP,Internet Seguro,Internet fijo,,CCP,CC
15,"Pregunta de única respuesta: Un cliente llama molesto porque su instalación de internet no quedó funcionando como esperaba. Mientras explica, tú revisas otros casos en pantalla y lo interrumpes varias veces.
Según las claves del modelo WOW, ¿qué deberías hacer en este caso?
Según las claves del modelo WOW, ¿qué deberías hacer en este caso?",1.0,Concentrarte plenamente en la conversación y dejar que termine de explicar antes de intervenir.,VERDADERO,CCP,Experiencia WOW: de la satisfacción a la fidelización,Habilidad,,CCP,CC
15,"Pregunta de única respuesta: Un cliente llama molesto porque su instalación de internet no quedó funcionando como esperaba. Mientras explica, tú revisas otros casos en pantalla y lo interrumpes varias veces.
Según las claves del modelo WOW, ¿qué deberías hacer en este caso?
Según las claves del modelo WOW, ¿qué deberías hacer en este caso?",2.0,Pedirle que resuma su problema para atenderlo más rápido.,FALSO,CCP,Experiencia WOW: de la satisfacción a la fidelización,Habilidad,,CCP,CC
15,"Pregunta de única respuesta: Un cliente llama molesto porque su instalación de internet no quedó funcionando como esperaba. Mientras explica, tú revisas otros casos en pantalla y lo interrumpes varias veces.
Según las claves del modelo WOW, ¿qué deberías hacer en este caso?
Según las claves del modelo WOW, ¿qué deberías hacer en este caso?",3.0,Continuar revisando en paralelo para agilizar la gestión.,FALSO,CCP,Experiencia WOW: de la satisfacción a la fidelización,Habilidad,,CCP,CC
16,"Pregunta de única respuesta:  Para generar experiencias WOW en nuestros cliente si durante una interacción, un cliente dice: “Mi señal de internet falla todas las mañanas y nadie me entiende”.
¿Cuál sería la mejor aplicación de la técnica de parafraseo y reafirmación?
¿Cuál sería la mejor aplicación de la técnica de parafraseo y reafirmación?",1.0,"“Si entiendo bien, su señal de internet falla con frecuencia en las mañanas. ¿Es correcto?”",VERDADERO,CCP,Experiencia WOW: de la satisfacción a la fidelización,Habilidad,,CCP,CC
16,"Pregunta de única respuesta:  Para generar experiencias WOW en nuestros cliente si durante una interacción, un cliente dice: “Mi señal de internet falla todas las mañanas y nadie me entiende”.
¿Cuál sería la mejor aplicación de la técnica de parafraseo y reafirmación?
¿Cuál sería la mejor aplicación de la técnica de parafraseo y reafirmación?",2.0,"“Ya revisaremos, seguramente es un tema de congestión de red.”",FALSO,CCP,Experiencia WOW: de la satisfacción a la fidelización,Habilidad,,CCP,CC
16,"Pregunta de única respuesta:  Para generar experiencias WOW en nuestros cliente si durante una interacción, un cliente dice: “Mi señal de internet falla todas las mañanas y nadie me entiende”.
¿Cuál sería la mejor aplicación de la técnica de parafraseo y reafirmación?
¿Cuál sería la mejor aplicación de la técnica de parafraseo y reafirmación?",3.0,"“Eso le pasa a muchos clientes, no se preocupe.”",FALSO,CCP,Experiencia WOW: de la satisfacción a la fidelización,Habilidad,,CCP,CC
17,"Pregunta de única respuesta: Menciona los cuatro estilos de comunicación, claves para generar experiencias WOW en nuestros clientes",1.0,"Directo, Estructurado,Emocional Idealista",VERDADERO,CCP,Experiencia WOW: de la satisfacción a la fidelización,Habilidad,,CCP,CC
17,"Pregunta de única respuesta: Menciona los cuatro estilos de comunicación, claves para generar experiencias WOW en nuestros clientes",2.0,"Directo, Estructurado,Respetuoso Idealista",FALSO,CCP,Experiencia WOW: de la satisfacción a la fidelización,Habilidad,,CCP,CC
17,"Pregunta de única respuesta: Menciona los cuatro estilos de comunicación, claves para generar experiencias WOW en nuestros clientes",3.0,"Directo, Estructurado,Empatico Idealista",FALSO,CCP,Experiencia WOW: de la satisfacción a la fidelización,Habilidad,,CCP,CC
18,"Pregunta de única respuesta: Un cliente empresarial solicita reposición a cuotas. Al validar la Matriz de Crédito, el consultor detecta que no cumple con los montos requeridos. ¿Qué debe hacer el consultor para gestionar esta solicitud correctamente y brindar una atención adecuada?",1.0,Escalar el caso al supervisor para aprobación manual.,FALSO,CCP,Reposición,Móvil,,CCP,CC
18,"Pregunta de única respuesta: Un cliente empresarial solicita reposición a cuotas. Al validar la Matriz de Crédito, el consultor detecta que no cumple con los montos requeridos. ¿Qué debe hacer el consultor para gestionar esta solicitud correctamente y brindar una atención adecuada?",2.0,Cancelar la solicitud por falta de cupo.,FALSO,CCP,Reposición,Móvil,,CCP,CC
18,"Pregunta de única respuesta: Un cliente empresarial solicita reposición a cuotas. Al validar la Matriz de Crédito, el consultor detecta que no cumple con los montos requeridos. ¿Qué debe hacer el consultor para gestionar esta solicitud correctamente y brindar una atención adecuada?",3.0,Gestionar la reposición mediante orden de compra en un solo contado.,VERDADERO,CCP,Reposición,Móvil,,CCP,CC
19,"Pregunta de única respuesta: Un cliente solicita la reposición de una bolsa de dinero con descuento. Al revisar el Portal PAC, el consultor nota que la bolsa está vencida. ¿Cómo debe proceder el consultor para atender al cliente de forma efectiva y conforme a las políticas?",1.0,Proceder con la reserva y aplicar el descuento manualmente,FALSO,CCP,Reposición,Móvil,,CCP,CC
19,"Pregunta de única respuesta: Un cliente solicita la reposición de una bolsa de dinero con descuento. Al revisar el Portal PAC, el consultor nota que la bolsa está vencida. ¿Cómo debe proceder el consultor para atender al cliente de forma efectiva y conforme a las políticas?",2.0,Inactivar la bolsa en el Portal PAC y escalar el caso para crear una nueva negociación.,VERDADERO,CCP,Reposición,Móvil,,CCP,CC
19,"Pregunta de única respuesta: Un cliente solicita la reposición de una bolsa de dinero con descuento. Al revisar el Portal PAC, el consultor nota que la bolsa está vencida. ¿Cómo debe proceder el consultor para atender al cliente de forma efectiva y conforme a las políticas?",3.0,Solicitar al cliente que pague el equipo sin descuento.,FALSO,CCP,Reposición,Móvil,,CCP,CC
20,"Pregunta de única respuesta: Una empresa del sector energético solicita una reposición de equipo mediante orden de compra. El consultor, por error, genera también un cargo a la factura de consumo del servicio. ¿Cuál es el riesgo principal de esta acción y qué medida debe tomar el consultor para corregirlo?",1.0,Se genera una doble facturación de impuestos; el consultor debe reportar a cartera para gestionar la compensación y evitar el doble cobro.,VERDADERO,CCP,Reposición,Móvil,,CCP,CC
20,"Pregunta de única respuesta: Una empresa del sector energético solicita una reposición de equipo mediante orden de compra. El consultor, por error, genera también un cargo a la factura de consumo del servicio. ¿Cuál es el riesgo principal de esta acción y qué medida debe tomar el consultor para corregirlo?",2.0,El cliente podría recibir el equipo duplicado; se debe cancelar el pedido.,FALSO,CCP,Reposición,Móvil,,CCP,CC
20,"Pregunta de única respuesta: Una empresa del sector energético solicita una reposición de equipo mediante orden de compra. El consultor, por error, genera también un cargo a la factura de consumo del servicio. ¿Cuál es el riesgo principal de esta acción y qué medida debe tomar el consultor para corregirlo?",3.0,"No hay riesgo, ya que el sistema ajusta automáticamente los cobros.",FALSO,CCP,Reposición,Móvil,,CCP,CC
1,"Pregunta de única respuesta: Teniendo en cuenta la Resolución CRC 7684 de 2025.Durante el registro de una línea prepago en AC, si el cliente no acepta realizar la actualización de sus datos. ¿Qué implicación tiene esta decisión?",1.0,Los servicios de la línea no serán habilitados.,VERDADERO,CCE,Resolución CRC 7684 de 2025 -Prepago,Móvil,,CCE,CC
1,"Pregunta de única respuesta: Teniendo en cuenta la Resolución CRC 7684 de 2025.Durante el registro de una línea prepago en AC, si el cliente no acepta realizar la actualización de sus datos. ¿Qué implicación tiene esta decisión?",2.0,La línea se activará sin restricciones.,FALSO,CCE,Resolución CRC 7684 de 2025 -Prepago,Móvil,,CCE,CC
1,"Pregunta de única respuesta: Teniendo en cuenta la Resolución CRC 7684 de 2025.Durante el registro de una línea prepago en AC, si el cliente no acepta realizar la actualización de sus datos. ¿Qué implicación tiene esta decisión?",3.0,El sistema enviará un correo de advertencia,FALSO,CCE,Resolución CRC 7684 de 2025 -Prepago,Móvil,,CCE,CC
2,"Pregunta de única respuesta: Según la siguiente imagen, durante la gestión de la consulta realizada por nuestro cliente ""Casa Editorial El Tiempo"", se observa que la plataforma Valkirya ofrece múltiples funcionalidades. ¿Cuál de estas funcionalidades permite visualizar la gestión de los incidentes reportados por el cliente?",1.0,Automatizaciones,FALSO,CCE,Valkirya/Freya,Solución nuevos negocios,,CCE,CC
2,"Pregunta de única respuesta: Según la siguiente imagen, durante la gestión de la consulta realizada por nuestro cliente ""Casa Editorial El Tiempo"", se observa que la plataforma Valkirya ofrece múltiples funcionalidades. ¿Cuál de estas funcionalidades permite visualizar la gestión de los incidentes reportados por el cliente?",2.0,Servicios de negocios,FALSO,CCE,Valkirya/Freya,Solución nuevos negocios,,CCE,CC
2,"Pregunta de única respuesta: Según la siguiente imagen, durante la gestión de la consulta realizada por nuestro cliente ""Casa Editorial El Tiempo"", se observa que la plataforma Valkirya ofrece múltiples funcionalidades. ¿Cuál de estas funcionalidades permite visualizar la gestión de los incidentes reportados por el cliente?",3.0,Ultimos incidentes,VERDADERO,CCE,Valkirya/Freya,Solución nuevos negocios,,CCE,CC
3,"Pregunta de única respuesta: En el marco del proyecto regulatorio “Revisión de medidas regulatorias aplicables a servicios móviles”, la Comisión de Regulación de Comunicaciones (CRC) expidió la Resolución 7684 de 2025. ¿Qué establece esta resolución respecto a los usuarios de servicios móviles en modalidad prepago?",1.0,Todo usuario prepago debe registrar sus datos personales  para poder usar su línea móvil.,VERDADERO,CCE,Resolución CRC 7684 de 2025 -Prepago,Móvil,,CCE,CC
3,"Pregunta de única respuesta: En el marco del proyecto regulatorio “Revisión de medidas regulatorias aplicables a servicios móviles”, la Comisión de Regulación de Comunicaciones (CRC) expidió la Resolución 7684 de 2025. ¿Qué establece esta resolución respecto a los usuarios de servicios móviles en modalidad prepago?",2.0,Los usuarios prepago podrán usar su línea sin necesidad de registrar sus datos personales.,FALSO,CCE,Resolución CRC 7684 de 2025 -Prepago,Móvil,,CCE,CC
3,"Pregunta de única respuesta: En el marco del proyecto regulatorio “Revisión de medidas regulatorias aplicables a servicios móviles”, la Comisión de Regulación de Comunicaciones (CRC) expidió la Resolución 7684 de 2025. ¿Qué establece esta resolución respecto a los usuarios de servicios móviles en modalidad prepago?",3.0,La resolución permite a los operadores suspender el servicio prepago sin previo aviso.,FALSO,CCE,Resolución CRC 7684 de 2025 -Prepago,Móvil,,CCE,CC
4,"Pregunta de única respuesta:Un cliente corporativo que cuenta con diez líneas prepago, indica que realizó el registro por USSD pero no ha recibido confirmación. ¿Qué debe validar el consultor para confirmar si el proceso fue exitoso?",1.0,Validar  tickler en AC y que el cliente haya recibido un SMS de confirmación.,VERDADERO,CCE,Resolución CRC 7684 de 2025 -Prepago,Móvil,,CCE,CC
4,"Pregunta de única respuesta:Un cliente corporativo que cuenta con diez líneas prepago, indica que realizó el registro por USSD pero no ha recibido confirmación. ¿Qué debe validar el consultor para confirmar si el proceso fue exitoso?",2.0,Validar que  cliente haya ingresado correctamente su número de documento.,FALSO,CCE,Resolución CRC 7684 de 2025 -Prepago,Móvil,,CCE,CC
4,"Pregunta de única respuesta: Un cliente corporativo que cuenta con diez líneas prepago, indica que realizó el registro por USSD pero no ha recibido confirmación. ¿Qué debe validar el consultor para confirmar si el proceso fue exitoso?",3.0,Validar que el cliente tenga saldo suficiente en la línea.,FALSO,CCE,Resolución CRC 7684 de 2025 -Prepago,Móvil,,CCE,CC
5,"Pregunta de única respuesta: Dentro de la herramienta Freya, podemos abrir Valkirya para realizar la consulta hacia nuestro cliente, según lo anterior ¿Qué debemos diligenciar para que nos arroje una consulta precisa a la gestión de nuestro cliente? ",1.0,Diligenciar el nombre de la razón social del cliente,VERDADERO,CCE,Valkirya/Freya,Solución nuevos negocios,,CCE,CC
5,"Pregunta de única respuesta: Dentro de la herramienta Freya, podemos abrir Valkirya para realizar la consulta hacia nuestro cliente, según lo anterior ¿Qué debemos diligenciar para que nos arroje el cuadro de gestión correspondiente a ese cliente? ",2.0,Diligenciar el NIT de la empresa,FALSO,CCE,Valkirya/Freya,Solución nuevos negocios,,CCE,CC
5,"Pregunta de única respuesta: Dentro de la herramienta Freya, podemos abrir Valkirya para realizar la consulta hacia nuestro cliente, según lo anterior ¿Qué debemos diligenciar para que nos arroje el cuadro de gestión correspondiente a ese cliente? ",3.0,Diligenciar el código de enlace de los servicios que cuenta el cliente,FALSO,CCE,Valkirya/Freya,Solución nuevos negocios,,CCE,CC
6,"Pregunta de única respuesta: ¿Qué datos se solicitan al cliente, durante el registro por USSD o IVR?De acuerdo a la Resolución CRC 7684 de 2025.",1.0,"Tipo de documento, nombres y apellidos,dirección",FALSO,CCE,Resolución CRC 7684 de 2025 -Prepago,Móvil,,CCE,CC
6,"Pregunta de única respuesta: ¿Qué datos se solicitan al cliente, durante el registro por USSD o IVR?De acuerdo a la Resolución CRC 7684 de 2025.",2.0,"Tipo de documento, número de documento,dirección",FALSO,CCE,Resolución CRC 7684 de 2025 -Prepago,Móvil,,CCE,CC
6,"Pregunta de única respuesta: ¿Qué datos se solicitan al cliente, durante el registro por USSD o IVR?De acuerdo a la Resolución CRC 7684 de 2025.",3.0,"Tipo de documento, número de documento, fecha de expedición",VERDADERO,CCE,Resolución CRC 7684 de 2025 -Prepago,Móvil,,CCE,CC
7,"Dentro del equipo de atención a empresas como parte del programa de celebración al logro, El equipo logró reducir los tiempos de respuesta al cliente en un 20%. Algunos lo celebran, otros lo ignoran. ¿Qué acción fortalece el trabajo en equipo?",1.0,Ignorar los logros porque “es parte del trabajo”.,FALSO,CCE,Trabajo en equipo,Habilidad,,CCE,CC
7,"Dentro del equipo de atención a empresas como parte del programa de celebración al logro, El equipo logró reducir los tiempos de respuesta al cliente en un 20%. Algunos lo celebran, otros lo ignoran. ¿Qué acción fortalece el trabajo en equipo?",2.0,Reconocer el esfuerzo colectivo y celebrar los avances.,VERDADERO,CCE,Trabajo en equipo,Habilidad,,CCE,CC
7,"Dentro del equipo de atención a empresas como parte del programa de celebración al logro, El equipo logró reducir los tiempos de respuesta al cliente en un 20%. Algunos lo celebran, otros lo ignoran. ¿Qué acción fortalece el trabajo en equipo?",3.0,C. Felicitar solo al líder del equipo.,FALSO,CCE,Trabajo en equipo,Habilidad,,CCE,CC
8,"Pregunta de única respuesta: Un cliente corporativo solicita la cancelación total de sus servicios (internet principal + Internet Seguro). Al validar, encuentras que el servicio de Internet Seguro factura a $0 en CRM ONYX y que el internet principal está activo en RR.
¿Cuál debe ser el procedimiento correcto?
¿Cuál debe ser el procedimiento correcto?",1.0,"Generar la cancelación únicamente en RR, ya que CRM ONYX es solo un espejo.",FALSO,CCE,Internet Seguro,Internet fijo,,CCE,CC
8,"Pregunta de única respuesta:Un cliente corporativo solicita la cancelación total de sus servicios (internet principal + Internet Seguro). Al validar, encuentras que el servicio de Internet Seguro factura a $0 en CRM ONYX y que el internet principal está activo en RR.
¿Cuál debe ser el procedimiento correcto?
¿Cuál debe ser el procedimiento correcto?",2.0,"Cancelar directamente el internet principal en RR, y el sistema automáticamente dará de baja Internet Seguro.",FALSO,CCE,Internet Seguro,Internet fijo,,CCE,CC
8,"Pregunta de única respuesta:Un cliente corporativo solicita la cancelación total de sus servicios (internet principal + Internet Seguro). Al validar, encuentras que el servicio de Internet Seguro factura a $0 en CRM ONYX y que el internet principal está activo en RR.
¿Cuál debe ser el procedimiento correcto?
¿Cuál debe ser el procedimiento correcto?",3.0,Iniciar con la cancelación del enlace de Internet Seguro en ONYX y luego radicar la novedad de cancelación del internet principal en RR.,VERDADERO,CCE,Internet Seguro,Internet fijo,,CCE,CC
9,Pregunta de única respuesta: Un cliente solicita suspender temporalmente su servicio de Internet Seguro porque su empresa estará cerrada durante vacaciones. Indica que será por 45 días. ¿Qué procede?,1.0,Esta solicitud debe registrarse y gestionarse en CRM ONYX,FALSO,CCE,Internet Seguro,Internet fijo,,CCE,CC
9,Pregunta de única respuesta: Un cliente solicita suspender temporalmente  su servicio de Internet Seguro porque su empresa estará cerrada durante vacaciones. Indica que será por 45 días. ¿Qué procede?,2.0,Esta solicitud debe registrarse y gestionarse en RR ,FALSO,CCE,Internet Seguro,Internet fijo,,CCE,CC
9,Pregunta de única respuesta: Un cliente solicita suspender temporalmente  su servicio de Internet Seguro porque su empresa estará cerrada durante vacaciones. Indica que será por 45 días. ¿Qué procede?,3.0,"Esta solicitud debe registrarse y gestionarse en RR y en la cuenta espejo de CRM/ONYX, ",VERDADERO,CCE,Internet Seguro,Internet fijo,,CCE,CC
10,"Pregunta de única respuesta: Clientes “Soluciones Empresariales S.A.” se comunicacon el área de servicio de cuidado al cliente solicitando la cancelación del servicio de Internet Seguro, ya que consideran que no lo necesitan, pero desean mantener activo su servicio de Internet principal. En estos casos, ¿cuáles son los pasos que debe seguir el área de posventa para gestionar correctamente la solicitud?",1.0,Cancelar el  Internet Seguro en CRM/ONYX y dejar el internet activo en RR sin realizar validaciones.,FALSO,CCE,Internet Seguro,Internet fijo,,CCE,CC
10,"Pregunta de única respuesta: Clientes “Soluciones Empresariales S.A.” se comunicacon el área de servicio de cuidado al cliente solicitando la cancelación del servicio de Internet Seguro, ya que consideran que no lo necesitan, pero desean mantener activo su servicio de Internet principal. En estos casos, ¿cuáles son los pasos que debe seguir el área de posventa para gestionar correctamente la solicitud?",2.0,"Radicar la novedad de cancelación parcial en RR, replicar en CRM/ONYX, y dar de baja exclusivamente el código IS correspondiente. ",VERDADERO,CCE,Internet Seguro,Internet fijo,,CCE,CC
10,"Pregunta de única respuesta: Clientes “Soluciones Empresariales S.A.” se comunicacon el área de servicio de cuidado al cliente solicitando la cancelación del servicio de Internet Seguro, ya que consideran que no lo necesitan, pero desean mantener activo su servicio de Internet principal. En estos casos, ¿cuáles son los pasos que debe seguir el área de posventa para gestionar correctamente la solicitud?",3.0,Suspender temporalmente Internet Seguro por 60 días y luego darlo de baja.,FALSO,CCE,Internet Seguro,Internet fijo,,CCE,CC
11,Pregunta de única respuesta: Un cliente con internet FTTX sencillo (200 Mbps) con Internet Seguro solicita traslado dentro de la misma dirección a otra oficina ubicada a 20 metros. ¿Cómo debe gestionarse la solicitud?,1.0,"Solo trasladar el servicio principal de internet, ya que Internet Seguro no requiere ajuste en traslados externos.",FALSO,CCE,Internet Seguro,Internet fijo,,CCE,CC
11,Pregunta de única respuesta: Un cliente con internet FTTX sencillo (200 Mbps) con Internet Seguro solicita traslado dentro de la misma dirección a otra oficina ubicada a 20 metros. ¿Cómo debe gestionarse la solicitud?,2.0,"Trasladar tanto el servicio principal como Internet Seguro, registrando la novedad en RR y ONYX de acuerdo con las condiciones comerciales vigentes. ",VERDADERO,CCE,Internet Seguro,Internet fijo,,CCE,CC
11,Pregunta de única respuesta: Un cliente con internet FTTX sencillo (200 Mbps) con Internet Seguro solicita traslado dentro de la misma dirección a otra oficina ubicada a 20 metros. ¿Cómo debe gestionarse la solicitud?,3.0,Cancelar Internet Seguro y volver a provisionarlo en la nueva ubicación.,FALSO,CCE,Internet Seguro,Internet fijo,,CCE,CC
12,"Pregunta de única respuesta: Un cliente solicita un cambio de tarifa en su servicio de Internet Seguro y tú, como consultor, estás gestionando el caso en CRM/ONYX. Al llegar al TAB de facturación, ¿cuál de las siguientes acciones debes realizar para asegurar que el proceso quede correctamente registrado?",1.0,Ingresar únicamente los cambios relacionados con el internet principal.,FALSO,CCE,Internet Seguro,Internet fijo,,CCE,CC
12,"Pregunta de única respuesta: Un cliente solicita un cambio de tarifa en su servicio de Internet Seguro y tú, como consultor, estás gestionando el caso en CRM/ONYX. Al llegar al TAB de facturación, ¿cuál de las siguientes acciones debes realizar para asegurar que el proceso quede correctamente registrado?",2.0,"Dejar el TAB en blanco, ya que el sistema toma automáticamente los nuevos valores",FALSO,CCE,Internet Seguro,Internet fijo,,CCE,CC
12,"Pregunta de única respuesta: Un cliente solicita un cambio de tarifa en su servicio de Internet Seguro y tú, como consultor, estás gestionando el caso en CRM/ONYX. Al llegar al TAB de facturación, ¿cuál de las siguientes acciones debes realizar para asegurar que el proceso quede correctamente registrado?",3.0,"Agregar el concepto de Internet Seguro, el valor actualizado de la renta mensual y asegurar que quede reflejado en pesos colombianos",VERDADERO,CCE,Internet Seguro,Internet fijo,,CCE,CC
13,"Pregunta de única respuesta: Cliente “Redes Seguras S.A.” se está comunicando al área de servicio de cuidado al cliente solicitando cambios en la velocidad del servicio de Internet principal de sus líneas. Cuando recibes este tipo de solicitud, ¿cuál es el procedimiento correcto que debes seguir para ajustar el plan del servicio de Internet Seguro asociado?",1.0,"Aplicar el cambio de tarifa desde RR, crear una OT utilizando los comandos F4 + F6 y asignar el código correspondiente al ofrecimiento realizado.",FALSO,CCE,Internet Seguro,Internet fijo,,CCE,CC
13,"Pregunta de única respuesta: Cliente “Redes Seguras S.A.” se está comunicando al área de servicio de cuidado al cliente solicitando cambios en la velocidad del servicio de Internet principal de sus líneas. Cuando recibes este tipo de solicitud, ¿cuál es el procedimiento correcto que debes seguir para ajustar el plan del servicio de Internet Seguro asociado?",2.0,"El cambio de tarifa se realiza automáticamente al modificar la velocidad del Internet principal, por lo que no es necesario realizar ninguna acción adicional.",FALSO,CCE,Internet Seguro,Internet fijo,,CCE,CC
13,"Pregunta de única respuesta: Cliente “Redes Seguras S.A.” se está comunicando al área de servicio de cuidado al cliente solicitando cambios en la velocidad del servicio de Internet principal de sus líneas. Cuando recibes este tipo de solicitud, ¿cuál es el procedimiento correcto que debes seguir para ajustar el plan del servicio de Internet Seguro asociado?",3.0,"Aplicar el cambio de tarifa desde RR, crear una OT utilizando los comandos Shift F3 + F6 y asignar el código correspondiente al ofrecimiento realizado.",VERDADERO,CCE,Internet Seguro,Internet fijo,,CCE,CC
14,"Pregunta de única respuesta: “Soluciones Empresariales S.A.” y “Tecnored Ltda.” se comunican con el área de servicio de cuidado al cliente para activar el servicio de Internet Seguro. Al validar en las herramientas de gestión en RR, se evidencia que cuenta con segmentación FTTX+IP, Según las consideraciones establecidas en RR, ¿a qué tipo de clientes no aplica este servicio?",1.0,No aplica para planes de internet HFC o FTTX empaquetados con televisión o telefonía. ,VERDADERO,CCE,Internet Seguro,Internet fijo,,CCE,CC
14,"Pregunta de única respuesta: “Soluciones Empresariales S.A.” y “Tecnored Ltda.” se comunican con el área de servicio de cuidado al cliente para activar el servicio de Internet Seguro. Al validar en las herramientas de gestión en RR, se evidencia que cuenta con segmentación FTTX+IP, Según las consideraciones establecidas en RR, ¿a qué tipo de clientes no aplica este servicio?",2.0,No aplica para planes de internet banda ancha en FTTX en plan sencillo ,FALSO,CCE,Internet Seguro,Internet fijo,,CCE,CC
14,"Pregunta de única respuesta: “Soluciones Empresariales S.A.” y “Tecnored Ltda.” se comunican con el área de servicio de cuidado al cliente para activar el servicio de Internet Seguro. Al validar en las herramientas de gestión en RR, se evidencia que cuenta con segmentación FTTX+IP, Según las consideraciones establecidas en RR, ¿a qué tipo de clientes no aplica este servicio?",3.0,No aplica para planes de internet HFC empaquetados con televisión o telefonía. ,FALSO,CCE,Internet Seguro,Internet fijo,,CCE,CC
15,"Pregunta de única respuesta: Un cliente empresarial solicita reposición a cuotas. Al validar la Matriz de Crédito, el consultor detecta que no cumple con los montos requeridos. ¿Qué debe hacer el consultor para gestionar esta solicitud correctamente y brindar una atención adecuada?",1.0,Escalar el caso al supervisor para aprobación manual.,FALSO,CCE,Reposición,Móvil,,CCE,CC
15,"Pregunta de única respuesta: Un cliente empresarial solicita reposición a cuotas. Al validar la Matriz de Crédito, el consultor detecta que no cumple con los montos requeridos. ¿Qué debe hacer el consultor para gestionar esta solicitud correctamente y brindar una atención adecuada?",2.0,Cancelar la solicitud por falta de cupo.,FALSO,CCE,Reposición,Móvil,,CCE,CC
15,"Pregunta de única respuesta: Un cliente empresarial solicita reposición a cuotas. Al validar la Matriz de Crédito, el consultor detecta que no cumple con los montos requeridos. ¿Qué debe hacer el consultor para gestionar esta solicitud correctamente y brindar una atención adecuada?",3.0,Gestionar la reposición mediante orden de compra en un solo contado.,VERDADERO,CCE,Reposición,Móvil,,CCE,CC
16,"Pregunta de única respuesta: Un cliente solicita la reposición de una bolsa de dinero con descuento. Al revisar el Portal PAC, el consultor nota que la bolsa está vencida. ¿Cómo debe proceder el consultor para atender al cliente de forma efectiva y conforme a las políticas?",1.0,Proceder con la reserva y aplicar el descuento manualmente,FALSO,CCE,Reposición,Móvil,,CCE,CC
16,"Pregunta de única respuesta: Un cliente solicita la reposición de una bolsa de dinero con descuento. Al revisar el Portal PAC, el consultor nota que la bolsa está vencida. ¿Cómo debe proceder el consultor para atender al cliente de forma efectiva y conforme a las políticas?",2.0,Inactivar la bolsa en el Portal PAC y escalar el caso para crear una nueva negociación.,VERDADERO,CCE,Reposición,Móvil,,CCE,CC
16,"Pregunta de única respuesta: Un cliente solicita la reposición de una bolsa de dinero con descuento. Al revisar el Portal PAC, el consultor nota que la bolsa está vencida. ¿Cómo debe proceder el consultor para atender al cliente de forma efectiva y conforme a las políticas?",3.0,Solicitar al cliente que pague el equipo sin descuento.,FALSO,CCE,Reposición,Móvil,,CCE,CC
17,"Pregunta de única respuesta: Una empresa del sector energético solicita una reposición de equipo mediante orden de compra. El consultor, por error, genera también un cargo a la factura de consumo del servicio. ¿Cuál es el riesgo principal de esta acción y qué medida debe tomar el consultor para corregirlo?",1.0,Se genera una doble facturación de impuestos; el consultor debe reportar a cartera para gestionar la compensación y evitar el doble cobro.,VERDADERO,CCE,Reposición,Móvil,,CCE,CC
17,"Pregunta de única respuesta: Una empresa del sector energético solicita una reposición de equipo mediante orden de compra. El consultor, por error, genera también un cargo a la factura de consumo del servicio. ¿Cuál es el riesgo principal de esta acción y qué medida debe tomar el consultor para corregirlo?",2.0,El cliente podría recibir el equipo duplicado; se debe cancelar el pedido.,FALSO,CCE,Reposición,Móvil,,CCE,CC
17,"Pregunta de única respuesta: Una empresa del sector energético solicita una reposición de equipo mediante orden de compra. El consultor, por error, genera también un cargo a la factura de consumo del servicio. ¿Cuál es el riesgo principal de esta acción y qué medida debe tomar el consultor para corregirlo?",3.0,"No hay riesgo, ya que el sistema ajusta automáticamente los cobros.",FALSO,CCE,Reposición,Móvil,,CCE,CC
18,"Pregunta de única respuesta: Un equipo de atención detecta que la distribución de casos no es equitativa: algunos miembros tienen sobrecarga de trabajo y otros muy pocos casos. Esto genera tensiones.
¿Cuál es la acción más efectiva para resolverlo?
¿Cuál es la acción más efectiva para resolverlo?",1.0,Repartir los casos sin importar la especialidad de cada consultor.,FALSO,CCE,Trabaja en equipo ,Habilidad,,CCE,CC
18,"Pregunta de única respuesta: Un equipo de atención detecta que la distribución de casos no es equitativa: algunos miembros tienen sobrecarga de trabajo y otros muy pocos casos. Esto genera tensiones.
¿Cuál es la acción más efectiva para resolverlo?
¿Cuál es la acción más efectiva para resolverlo?",2.0,"Evaluar continuamente la carga, redistribuir responsabilidades y construir confianza.",VERDADERO,CCE,Trabaja en equipo ,Habilidad,,CCE,CC
18,"Pregunta de única respuesta: Un equipo de atención detecta que la distribución de casos no es equitativa: algunos miembros tienen sobrecarga de trabajo y otros muy pocos casos. Esto genera tensiones.
¿Cuál es la acción más efectiva para resolverlo?
¿Cuál es la acción más efectiva para resolverlo?",3.0,"Ignorar la situación, ya que con el tiempo los miembros se acostumbrarán.",FALSO,CCE,Trabaja en equipo ,Habilidad,,CCE,CC
19,"Pregunta de única respuesta: El equipo de servicio tiene como meta mejorar el índice de satisfacción del cliente (NPS). Sin embargo, algunos miembros no conocen este objetivo ni cómo contribuir. ¿Qué estrategia ayuda a alinear al equipo hacia una meta común?",1.0,Dejar que cada quien trabaje a su manera sin presionar.,FALSO,CCE,Trabaja en equipo ,Habilidad,,CCE,CC
19,"Pregunta de única respuesta: El equipo de servicio tiene como meta mejorar el índice de satisfacción del cliente (NPS). Sin embargo, algunos miembros no conocen este objetivo ni cómo contribuir. ¿Qué estrategia ayuda a alinear al equipo hacia una meta común?",2.0,"Reunirse como equipo, revisar el objetivo y definir cómo cada rol puede aportar.",VERDADERO,CCE,Trabaja en equipo ,Habilidad,,CCE,CC
19,"Pregunta de única respuesta: El equipo de servicio tiene como meta mejorar el índice de satisfacción del cliente (NPS). Sin embargo, algunos miembros no conocen este objetivo ni cómo contribuir. ¿Qué estrategia ayuda a alinear al equipo hacia una meta común?",3.0,Enfocarse solo en los indicadores individuales de desempeño.,FALSO,CCE,Trabaja en equipo ,Habilidad,,CCE,CC
20,Pregunta de única respuesta: Un cliente llama para reclamar por un servicio técnico que no se realizó en la fecha acordada. Tú no tenías la información completa porque otro miembro del equipo no actualizó el sistema. ¿Qué actitud refleja un equipo con comunicación clara y efectiva?,1.0,Informar al cliente que no tienes la información y pedirle que vuelva a llamar más tarde.,FALSO,CCE,Trabaja en equipo ,Habilidad,,CCE,CC
20,Pregunta de única respuesta: Un cliente llama para reclamar por un servicio técnico que no se realizó en la fecha acordada. Tú no tenías la información completa porque otro miembro del equipo no actualizó el sistema. ¿Qué actitud refleja un equipo con comunicación clara y efectiva?,2.0,"Escuchar al cliente, asumir el error como equipo y buscar una solución inmediata.",VERDADERO,CCE,Trabaja en equipo ,Habilidad,,CCE,CC
20,"Pregunta de única respuesta: Un cliente llama para reclamar por un servicio técnico que no se realizó en la fecha acordada. Tú no tenías la información completa porque otro miembro del equipo no actualizó el sistema. ¿Qué actitud refleja un equipo con comunicación clara y efectiva?

",3.0,Decirle al cliente que fue culpa de otro compañero y que no puedes hacer nada.,FALSO,CCE,Trabaja en equipo ,Habilidad,,CCE,CC
